url,cluster,intent,primary,variants,kw_count,words
https://pishtaj.ir/knowledge-center/3-way-valve-l-port-t-port.html,kc,info,شیر سه راهه (3-Way Valve),قیمت شیر سه راهه (3-Way Valve) ؛ خرید شیر سه راهه (3-Way Valve),3,1708
https://pishtaj.ir/knowledge-center/a106-api-5l.html,kc-compare,info,مقایسه لوله A106 و API 5L,تفاوت لوله A106 و API 5L,2,1810
https://pishtaj.ir/knowledge-center/a106-gr-b-a333-gr-6.html,kc-compare,info,مقایسه لوله A106 Gr.B و A333 Gr.6,تفاوت لوله A106 Gr.B و A333 Gr.6,2,1733
https://pishtaj.ir/knowledge-center/a106-gr-b.html,kc,info,راهنمای کامل لوله A106 Gr.B,قیمت لوله A106 Gr.B ؛ خرید لوله A106 Gr.B,3,1798
https://pishtaj.ir/knowledge-center/a106-pipe-procurement-guide.html,kc,info,راهنمای خرید لوله A106 Gr.B,قیمت لوله A106 Gr.B ؛ خرید لوله A106 Gr.B,3,1685
https://pishtaj.ir/knowledge-center/a333-gr-6.html,kc,info,راهنمای کامل لوله A333 Gr.6 برای دمای پایین,قیمت لوله A333 Gr.6 برای دمای پایین ؛ خرید لوله A333 Gr.6 برای دمای پایین,3,1728
https://pishtaj.ir/knowledge-center/a53-gr-b.html,kc,info,راهنمای خرید لوله A53 Gr.B,قیمت لوله A53 Gr.B ؛ خرید لوله A53 Gr.B,3,1721
https://pishtaj.ir/knowledge-center/a53-pipe-specifications.html,kc,info,مشخصات فنی لوله ASTM A53 Gr.B,قیمت مشخصات فنی لوله ASTM A53 Gr.B ؛ خرید مشخصات فنی لوله ASTM A53 Gr.B,3,1626
https://pishtaj.ir/knowledge-center/acb-circuit-breaker-guide.html,kc,info,راهنمای کلید هوایی ACB (Air Circuit Breaker),قیمت کلید هوایی ACB (Air Circuit Breaker) ؛ خرید کلید هوایی ACB (Air Circuit Breaker),3,1717
https://pishtaj.ir/knowledge-center/angle-valve.html,kc,info,راهنمای شیر زاویه‌ای (Angle Valve),قیمت شیر زاویه‌ای (Angle Valve) ؛ خرید شیر زاویه‌ای (Angle Valve),3,1709
https://pishtaj.ir/knowledge-center/ansi-ieee-c37.html,kc,info,رله حفاظتی,قیمت رله حفاظتی ؛ خرید رله حفاظتی,3,1696
https://pishtaj.ir/knowledge-center/api-5l-pipe-guide.html,kc,info,مشخصات فنی لوله API 5L,قیمت مشخصات فنی لوله API 5L ؛ خرید مشخصات فنی لوله API 5L,3,1746
https://pishtaj.ir/knowledge-center/api-5l-psl2-psl1.html,kc,info,لوله API 5L PSL2,قیمت لوله API 5L PSL2 ؛ خرید لوله API 5L PSL2,3,1785
https://pishtaj.ir/knowledge-center/api-5l-x42.html,kc,info,لوله API 5L X42,قیمت لوله API 5L X42 ؛ خرید لوله API 5L X42,3,1714
https://pishtaj.ir/knowledge-center/api-5l-x52-x60-x65.html,kc-compare,info,مقایسه لوله API 5L X52 و X60 و X65,تفاوت لوله API 5L X52 و X60 و X65,2,1730
https://pishtaj.ir/knowledge-center/api-5l-x52.html,kc,info,API 5L X52 مشخصات کامل خطوط انتقال,قیمت API 5L X52 مشخصات کامل خطوط انتقال ؛ خرید API 5L X52 مشخصات کامل خطوط انتقال,3,1639
https://pishtaj.ir/knowledge-center/api-5l-x65.html,kc,info,لوله API 5L X65,قیمت لوله API 5L X65 ؛ خرید لوله API 5L X65,3,1777
https://pishtaj.ir/knowledge-center/api-5l-x70.html,kc,info,لوله API 5L X70,قیمت لوله API 5L X70 ؛ خرید لوله API 5L X70,3,1723
https://pishtaj.ir/knowledge-center/api-600-gate-valve-standard.html,kc,info,استاندارد API 600,قیمت استاندارد API 600 ؛ خرید استاندارد API 600,3,1711
https://pishtaj.ir/knowledge-center/api-600.html,kc,info,راهنمای شیر دروازه‌ای API 600,قیمت شیر دروازه‌ای API 600 ؛ خرید شیر دروازه‌ای API 600,3,1718
https://pishtaj.ir/knowledge-center/api-602-small-gate-valve.html,kc,info,استاندارد API 602,قیمت استاندارد API 602 ؛ خرید استاندارد API 602,3,1822
https://pishtaj.ir/knowledge-center/api-610.html,kc,info,API 610,قیمت API 610 ؛ خرید API 610,3,1755
https://pishtaj.ir/knowledge-center/api-617.html,kc,info,API 617,قیمت API 617 ؛ خرید API 617,3,1685
https://pishtaj.ir/knowledge-center/api-6d-ball-valve-standard.html,kc,info,استاندارد API 6D,قیمت استاندارد API 6D ؛ خرید استاندارد API 6D,3,1702
https://pishtaj.ir/knowledge-center/article-001.html,kc,info,تست هیدرواستاتیک لوله,قیمت تست هیدرواستاتیک لوله ؛ خرید تست هیدرواستاتیک لوله,3,1713
https://pishtaj.ir/knowledge-center/article-002.html,kc-compare,info,مقایسه لوله کربن استیل و استینلس استیل,تفاوت لوله کربن استیل و استینلس استیل,2,1719
https://pishtaj.ir/knowledge-center/article-003.html,kc,info,راهنمای انتخاب شیر بر اساس کلاس فشار,قیمت شیر بر اساس کلاس فشار ؛ خرید شیر بر اساس کلاس فشار,3,1722
https://pishtaj.ir/knowledge-center/article-004.html,kc,info,راهنمای آب‌بندی شیرآلات صنعتی,قیمت آب‌بندی شیرآلات صنعتی ؛ خرید آب‌بندی شیرآلات صنعتی,3,1700
https://pishtaj.ir/knowledge-center/article-005.html,kc,info,فلومتر کوریولیس,قیمت فلومتر کوریولیس ؛ خرید فلومتر کوریولیس,3,1698
https://pishtaj.ir/knowledge-center/article-006.html,kc,info,ترانسمیتر سطح هیدرواستاتیک,قیمت ترانسمیتر سطح هیدرواستاتیک ؛ خرید ترانسمیتر سطح هیدرواستاتیک,3,1694
https://pishtaj.ir/knowledge-center/article-007.html,kc,info,کالیبراسیون ترانسمیتر دما,قیمت کالیبراسیون ترانسمیتر دما ؛ خرید کالیبراسیون ترانسمیتر دما,3,1703
https://pishtaj.ir/knowledge-center/article-008.html,kc,info,ترانسفورماتور قدرت,قیمت ترانسفورماتور قدرت ؛ خرید ترانسفورماتور قدرت,3,1701
https://pishtaj.ir/knowledge-center/article-009.html,kc,info,قرارداد تامین صنعتی,قیمت قرارداد تامین صنعتی ؛ خرید قرارداد تامین صنعتی,3,1690
https://pishtaj.ir/knowledge-center/article-010.html,kc,info,راهنمای گمرک و ترخیص کالاهای صنعتی,قیمت گمرک و ترخیص کالاهای صنعتی ؛ خرید گمرک و ترخیص کالاهای صنعتی,3,1698
https://pishtaj.ir/knowledge-center/article-011.html,kc,info,تامین تجهیزات پتروشیمی,قیمت پتروشیمی ؛ خرید پتروشیمی,3,1688
https://pishtaj.ir/knowledge-center/article-012.html,kc,info,تامین تجهیزات صنعت فولاد,قیمت صنعت فولاد ؛ خرید صنعت فولاد,3,1693
https://pishtaj.ir/knowledge-center/article-013.html,kc,info,تامین تجهیزات نیروگاه سیکل ترکیبی,قیمت نیروگاه سیکل ترکیبی ؛ خرید نیروگاه سیکل ترکیبی,3,1694
https://pishtaj.ir/knowledge-center/article-014.html,kc,info,تامین تجهیزات خطوط لوله انتقال,قیمت خطوط لوله انتقال ؛ خرید خطوط لوله انتقال,3,1703
https://pishtaj.ir/knowledge-center/article-015.html,kc,info,تجهیزات پالایشگاه نفت,قیمت تجهیزات پالایشگاه نفت ؛ خرید تجهیزات پالایشگاه نفت,3,1690
https://pishtaj.ir/knowledge-center/article-016.html,kc,info,تجهیزات سیستم بخار,قیمت تجهیزات سیستم بخار ؛ خرید تجهیزات سیستم بخار,3,1695
https://pishtaj.ir/knowledge-center/article-017.html,kc,info,تامین تجهیزات صنعت سیمان,قیمت صنعت سیمان ؛ خرید صنعت سیمان,3,1693
https://pishtaj.ir/knowledge-center/article-021.html,kc,info,انتخاب شیر برای سرویس بخار,قیمت انتخاب شیر برای سرویس بخار ؛ خرید انتخاب شیر برای سرویس بخار,3,1708
https://pishtaj.ir/knowledge-center/article-023.html,kc,info,انتخاب شیر برای خطوط گاز,قیمت انتخاب شیر برای خطوط گاز ؛ خرید انتخاب شیر برای خطوط گاز,3,1709
https://pishtaj.ir/knowledge-center/article-027.html,kc-compare,info,مقایسه شیر فولادی و چدنی,تفاوت شیر فولادی و چدنی,2,1713
https://pishtaj.ir/knowledge-center/article-031.html,kc-compare,info,مقایسه برندهای شیرآلات اروپایی و آسیایی,تفاوت برندهای شیرآلات اروپایی و آسیایی,2,1716
https://pishtaj.ir/knowledge-center/article-041.html,kc,info,ترانسمیتر سطح التراسونیک,قیمت ترانسمیتر سطح التراسونیک ؛ خرید ترانسمیتر سطح التراسونیک,3,1701
https://pishtaj.ir/knowledge-center/article-052.html,kc-compare,info,مقایسه برندهای ترانسمیتر صنعتی,تفاوت برندهای ترانسمیتر صنعتی,2,1702
https://pishtaj.ir/knowledge-center/article-059.html,kc,info,کنتاکتور و بی متال,قیمت کنتاکتور و بی متال ؛ خرید کنتاکتور و بی متال,3,1710
https://pishtaj.ir/knowledge-center/asme-b16-11-socket-weld-threaded.html,kc,info,ASME B16.11,قیمت ASME B16.11 ؛ خرید ASME B16.11,3,1709
https://pishtaj.ir/knowledge-center/asme-b16-34.html,kc,info,استاندارد ASME B16.34,قیمت استاندارد ASME B16.34 ؛ خرید استاندارد ASME B16.34,3,1696
https://pishtaj.ir/knowledge-center/asme-b16-5.html,kc,info,ASME B16.5,قیمت ASME B16.5 ؛ خرید ASME B16.5,3,1764
https://pishtaj.ir/knowledge-center/asme-b16-9.html,kc,info,ASME B16.9,قیمت ASME B16.9 ؛ خرید ASME B16.9,3,1763
https://pishtaj.ir/knowledge-center/asme-b31-1.html,kc,info,ASME B31.1,قیمت ASME B31.1 ؛ خرید ASME B31.1,3,1690
https://pishtaj.ir/knowledge-center/asme-b31-3-process-piping-guide.html,kc,info,راهنمای استاندارد ASME B31.3,قیمت استاندارد ASME B31.3 ؛ خرید استاندارد ASME B31.3,3,1765
https://pishtaj.ir/knowledge-center/asme-b31-3.html,kc,info,ASME B31.3,قیمت ASME B31.3 ؛ خرید ASME B31.3,3,1703
https://pishtaj.ir/knowledge-center/asme-b36-10-pipe-dimensions.html,kc,info,استاندارد ASME B36.10,قیمت استاندارد ASME B36.10 ؛ خرید استاندارد ASME B36.10,3,1723
https://pishtaj.ir/knowledge-center/asme-b36-19.html,kc,info,راهنمای ابعاد لوله طبق ASME B36.19,قیمت ابعاد لوله طبق ASME B36.19 ؛ خرید ابعاد لوله طبق ASME B36.19,3,1717
https://pishtaj.ir/knowledge-center/astm-a105-astm-a350-lf2.html,kc-compare,info,مقایسه ASTM A105 و ASTM A350 LF2,تفاوت ASTM A105 و ASTM A350 LF2,2,1718
https://pishtaj.ir/knowledge-center/astm-a105-vs-a234.html,kc-compare,info,مقایسه ASTM A105 و ASTM A234 در پایپینگ,تفاوت ASTM A105 و ASTM A234 در پایپینگ,2,1772
https://pishtaj.ir/knowledge-center/astm-a105.html,kc,info,ASTM A105,قیمت ASTM A105 ؛ خرید ASTM A105,3,1707
https://pishtaj.ir/knowledge-center/astm-a106-a53.html,kc-compare,info,مقایسه ASTM A106 و A53,تفاوت ASTM A106 و A53,2,1721
https://pishtaj.ir/knowledge-center/astm-a179.html,kc,info,راهنمای لوله ASTM A179,قیمت لوله ASTM A179 ؛ خرید لوله ASTM A179,3,1714
https://pishtaj.ir/knowledge-center/astm-a182-f304-f316.html,kc,info,ASTM A182 F304/F316,قیمت ASTM A182 F304/F316 ؛ خرید ASTM A182 F304/F316,3,1704
https://pishtaj.ir/knowledge-center/astm-a209.html,kc,info,راهنمای لوله ASTM A209,قیمت لوله ASTM A209 ؛ خرید لوله ASTM A209,3,1711
https://pishtaj.ir/knowledge-center/astm-a213.html,kc,info,لوله ASTM A213,قیمت لوله ASTM A213 ؛ خرید لوله ASTM A213,3,1711
https://pishtaj.ir/knowledge-center/astm-a234-wpb.html,kc,info,ASTM A234 WPB,قیمت ASTM A234 WPB ؛ خرید ASTM A234 WPB,3,1707
https://pishtaj.ir/knowledge-center/astm-a312.html,kc,info,راهنمای لوله ASTM A312,قیمت لوله ASTM A312 ؛ خرید لوله ASTM A312,3,1714
https://pishtaj.ir/knowledge-center/astm-a335-p11-p22-p91.html,kc,info,"لوله آلیاژی ASTM A335 P11, P22, P91","قیمت لوله آلیاژی ASTM A335 P11, P22, P91 ؛ خرید لوله آلیاژی ASTM A335 P11, P22, P91",3,1720
https://pishtaj.ir/knowledge-center/astm-a335-p91.html,kc,info,لوله ASTM A335 P91,قیمت لوله ASTM A335 P91 ؛ خرید لوله ASTM A335 P91,3,1711
https://pishtaj.ir/knowledge-center/astm-a403-wp304-wp316.html,kc,info,ASTM A403 WP304/WP316,قیمت ASTM A403 WP304/WP316 ؛ خرید ASTM A403 WP304/WP316,3,1704
https://pishtaj.ir/knowledge-center/astm-a53-gr-b.html,kc,info,مشخصات لوله ASTM A53 Gr.B,قیمت مشخصات لوله ASTM A53 Gr.B ؛ خرید مشخصات لوله ASTM A53 Gr.B,3,1714
https://pishtaj.ir/knowledge-center/astm-jis.html,kc-compare,info,مقایسه استاندارد ASTM و JIS در پایپینگ,تفاوت استاندارد ASTM و JIS در پایپینگ,2,1720
https://pishtaj.ir/knowledge-center/astm-piping-standards-guide.html,kc,info,راهنمای استانداردهای ASTM در پایپینگ,قیمت استانداردهای ASTM در پایپینگ ؛ خرید استانداردهای ASTM در پایپینگ,3,1754
https://pishtaj.ir/knowledge-center/atex-iecex-hazardous-area-guide.html,kc,info,راهنمای استاندارد ATEX و IECEx برای مناطق خطرناک,قیمت استاندارد ATEX و IECEx برای مناطق خطرناک ؛ خرید استاندارد ATEX و IECEx برای مناطق خطرناک,3,1755
https://pishtaj.ir/knowledge-center/ball-valve-api-6d.html,kc,info,Ball Valve API 6D,قیمت Ball Valve API 6D ؛ خرید Ball Valve API 6D,3,1769
https://pishtaj.ir/knowledge-center/ball-vs-gate-valve-comparison.html,kc-compare,info,مقایسه Ball Valve و Gate Valve,تفاوت Ball Valve و Gate Valve,2,1731
https://pishtaj.ir/knowledge-center/butterfly-valve-api-609-concentric-offset.html,kc,info,Butterfly Valve API 609,قیمت Butterfly Valve API 609 ؛ خرید Butterfly Valve API 609,3,1756
https://pishtaj.ir/knowledge-center/butterfly-valve-complete-guide.html,kc,info,راهنمای جامع Butterfly Valve (شیر پروانه‌ای),قیمت جامع Butterfly Valve (شیر پروانه‌ای) ؛ خرید جامع Butterfly Valve (شیر پروانه‌ای),3,1741
https://pishtaj.ir/knowledge-center/cement-industry-supply-guide.html,kc,info,راهنمای تامین تجهیزات صنایع سیمان,قیمت تامین تجهیزات صنایع سیمان ؛ خرید تامین تجهیزات صنایع سیمان,3,1740
https://pishtaj.ir/knowledge-center/cerabar.html,kc,info,ترانسمیتر فشار اندرس هاسر Cerabar,قیمت ترانسمیتر فشار اندرس هاسر Cerabar ؛ خرید ترانسمیتر فشار اندرس هاسر Cerabar,3,1702
https://pishtaj.ir/knowledge-center/check-valve-complete-guide.html,kc,info,راهنمای جامع Check Valve (شیر یک‌طرفه),قیمت جامع Check Valve (شیر یک‌طرفه) ؛ خرید جامع Check Valve (شیر یک‌طرفه),3,1720
https://pishtaj.ir/knowledge-center/check-valve-swing-lift-dual-plate.html,kc-compare,info,مقایسه شیر Check Valve,تفاوت شیر Check Valve,2,1769
https://pishtaj.ir/knowledge-center/class-i-class-vi.html,kc-compare,info,مقایسه نرخ نشتی شیرآلات,تفاوت نرخ نشتی شیرآلات,2,1718
https://pishtaj.ir/knowledge-center/conductivity-meter.html,kc,info,راهنمای هدایت سنج (Conductivity Meter),قیمت هدایت سنج (Conductivity Meter) ؛ خرید هدایت سنج (Conductivity Meter),3,1694
https://pishtaj.ir/knowledge-center/contactor-bimetal-guide.html,kc,info,راهنمای کنتاکتور و بی متال در برق صنعتی,قیمت کنتاکتور و بی متال در برق صنعتی ؛ خرید کنتاکتور و بی متال در برق صنعتی,3,1769
https://pishtaj.ir/knowledge-center/control-valve-actuator-selection-guide.html,kc,info,راهنمای انتخاب اکچویتور کنترل ولو,قیمت اکچویتور کنترل ولو ؛ خرید اکچویتور کنترل ولو,3,1711
https://pishtaj.ir/knowledge-center/control-valve-cavitation-guide.html,kc,info,کاویتاسیون در کنترل ولو چیست؟ روش تشخیص و جلوگیری,قیمت کاویتاسیون در کنترل ولو چیست؟ روش تشخیص و جلوگیری ؛ خرید کاویتاسیون در کنترل ولو چیست؟ روش تشخیص و جلوگیری,3,1150
https://pishtaj.ir/knowledge-center/control-valve-complete-guide.html,kc,info,راهنمای کامل شیر کنترل (Control Valve) صنعتی,قیمت شیر کنترل (Control Valve) صنعتی ؛ خرید شیر کنترل (Control Valve) صنعتی,3,1823
https://pishtaj.ir/knowledge-center/control-valve-cv-calculation-guide.html,kc,info,محاسبه Cv کنترل ولو چیست؟ راهنمای سایزینگ Control Valve,قیمت محاسبه Cv کنترل ولو چیست؟ راهنمای سایزینگ Control Valve ؛ خرید محاسبه Cv کنترل ولو چیست؟ راهنمای سایزینگ Control Valve,3,1189
https://pishtaj.ir/knowledge-center/control-valve-cv-kv-difference.html,kc,info,تفاوت Cv و Kv در کنترل ولو چیست؟ فرمول تبدیل و کاربرد,قیمت تفاوت Cv و Kv در کنترل ولو چیست؟ فرمول تبدیل و کاربرد ؛ خرید تفاوت Cv و Kv در کنترل ولو چیست؟ فرمول تبدیل و کاربرد,3,1937
https://pishtaj.ir/knowledge-center/control-valve-iec-60534.html,kc,info,شیر کنترل (Control Valve),قیمت شیر کنترل (Control Valve) ؛ خرید شیر کنترل (Control Valve),3,1702
https://pishtaj.ir/knowledge-center/corrosion-resistant-equipment-guide.html,kc,info,راهنمای تجهیزات مقاوم به خوردگی صنعتی,قیمت تجهیزات مقاوم به خوردگی صنعتی ؛ خرید تجهیزات مقاوم به خوردگی صنعتی,3,1747
https://pishtaj.ir/knowledge-center/cryogenic-valve-lng.html,kc,info,شیر برودتی (Cryogenic Valve),قیمت شیر برودتی (Cryogenic Valve) ؛ خرید شیر برودتی (Cryogenic Valve),3,1707
https://pishtaj.ir/knowledge-center/dcs-distributed-control-system.html,kc,info,راهنمای سیستم DCS (Distributed Control System),قیمت سیستم DCS (Distributed Control System) ؛ خرید سیستم DCS (Distributed Control System),3,1703
https://pishtaj.ir/knowledge-center/diaphragm-seal-guide.html,kc,info,راهنمای سیل جداکننده (Diaphragm Seal) در ابزار دقیق,قیمت سیل جداکننده (Diaphragm Seal) در ابزار دقیق ؛ خرید سیل جداکننده (Diaphragm Seal) در ابزار دقیق,3,1768
https://pishtaj.ir/knowledge-center/diaphragm-valve.html,kc,info,Diaphragm Valve,قیمت Diaphragm Valve ؛ خرید Diaphragm Valve,3,1695
https://pishtaj.ir/knowledge-center/differential-pressure-transmitter-guide.html,kc,info,راهنمای ترانسمیتر اختلاف فشار (DPT),قیمت ترانسمیتر اختلاف فشار (DPT) ؛ خرید ترانسمیتر اختلاف فشار (DPT),3,1761
https://pishtaj.ir/knowledge-center/din-ansi.html,kc-compare,info,مقایسه استاندارد DIN و ANSI در پایپینگ,تفاوت استاندارد DIN و ANSI در پایپینگ,2,1718
https://pishtaj.ir/knowledge-center/distribution-transformer.html,kc,info,ترانسفورماتور توزیع (Distribution Transformer),قیمت ترانسفورماتور توزیع (Distribution Transformer) ؛ خرید ترانسفورماتور توزیع (Distribution Transformer),3,1746
https://pishtaj.ir/knowledge-center/dpt.html,kc,info,ترانسمیتر اختلاف فشار DPT,قیمت ترانسمیتر اختلاف فشار DPT ؛ خرید ترانسمیتر اختلاف فشار DPT,3,1759
https://pishtaj.ir/knowledge-center/dual-plate-check-valve.html,kc,info,راهنمای شیرهای Dual Plate Check Valve,قیمت شیرهای Dual Plate Check Valve ؛ خرید شیرهای Dual Plate Check Valve,3,1774
https://pishtaj.ir/knowledge-center/electric-actuator.html,kc,info,محرک الکتریکی (Electric Actuator) شیرآلات,قیمت محرک الکتریکی (Electric Actuator) شیرآلات ؛ خرید محرک الکتریکی (Electric Actuator) شیرآلات,3,1754
https://pishtaj.ir/knowledge-center/electrical-brands-comparison.html,kc-compare,info,مقایسه برندهای تجهیزات برق صنعتی,تفاوت برندهای تجهیزات برق صنعتی,2,1767
https://pishtaj.ir/knowledge-center/en-10204-certificate-guide.html,kc,info,راهنمای کامل EN 10204,قیمت EN 10204 ؛ خرید EN 10204,3,1634
https://pishtaj.ir/knowledge-center/en-10204.html,kc,info,EN 10204,قیمت EN 10204 ؛ خرید EN 10204,3,1691
https://pishtaj.ir/knowledge-center/epc-supply-chain-management-guide.html,kc,info,راهنمای مدیریت زنجیره تامین در پروژه‌های EPC,قیمت مدیریت زنجیره تامین در پروژه‌های EPC ؛ خرید مدیریت زنجیره تامین در پروژه‌های EPC,3,1753
https://pishtaj.ir/knowledge-center/erw.html,kc-compare,info,مقایسه لوله جوشی ERW و لوله اسپیرال,تفاوت لوله جوشی ERW و لوله اسپیرال,2,1731
https://pishtaj.ir/knowledge-center/esd-emergency-shutdown.html,kc,info,راهنمای سیستم ESD (Emergency Shutdown),قیمت سیستم ESD (Emergency Shutdown) ؛ خرید سیستم ESD (Emergency Shutdown),3,1698
https://pishtaj.ir/knowledge-center/fire-gas-system-fgs.html,kc,info,راهنمای Fire & Gas System (FGS),قیمت Fire & Gas System (FGS) ؛ خرید Fire & Gas System (FGS),3,1701
https://pishtaj.ir/knowledge-center/fire-test-api-607.html,kc,info,راهنمای تست آتش (Fire Test) شیرآلات,قیمت تست آتش (Fire Test) شیرآلات ؛ خرید تست آتش (Fire Test) شیرآلات,3,1717
https://pishtaj.ir/knowledge-center/flange-bolting-guide.html,kc,info,راهنمای پیچ و مهره در اتصالات فلنجی صنعتی,قیمت پیچ و مهره در اتصالات فلنجی صنعتی ؛ خرید پیچ و مهره در اتصالات فلنجی صنعتی,3,1829
https://pishtaj.ir/knowledge-center/flange-material-selection-guide.html,kc,info,راهنمای جنس و متریال فلنج صنعتی بر اساس کلاس فشار و سیال,قیمت جنس و متریال فلنج صنعتی بر اساس کلاس فشار و سیال ؛ خرید جنس و متریال فلنج صنعتی بر اساس کلاس فشار و سیال,3,1749
https://pishtaj.ir/knowledge-center/flange-types-complete-guide.html,kc,info,انواع فلنج صنعتی: WN، SO، Blind و SW,قیمت انواع فلنج صنعتی: WN، SO، Blind و SW ؛ خرید انواع فلنج صنعتی: WN، SO، Blind و SW,3,1702
https://pishtaj.ir/knowledge-center/float-vibrating-capacitance.html,kc,info,سوئیچ سطح,قیمت سوئیچ سطح ؛ خرید سوئیچ سطح,3,1685
https://pishtaj.ir/knowledge-center/flowmeter-types-guide.html,kc,info,راهنمای فلومتر صنعتی,قیمت فلومتر صنعتی ؛ خرید فلومتر صنعتی,3,1760
https://pishtaj.ir/knowledge-center/gas-analyzer-industry-guide.html,kc,info,راهنمای آنالایزر گاز صنعتی,قیمت آنالایزر گاز صنعتی ؛ خرید آنالایزر گاز صنعتی,3,1763
https://pishtaj.ir/knowledge-center/gas-control-valve-sizing-guide.html,kc,info,سایزینگ کنترل ولو گاز چیست؟ نکات انتخاب Gas Control Valve,قیمت سایزینگ کنترل ولو گاز چیست؟ نکات انتخاب Gas Control Valve ؛ خرید سایزینگ کنترل ولو گاز چیست؟ نکات انتخاب Gas Control Valve,3,1691
https://pishtaj.ir/knowledge-center/gasket-types-guide.html,kc,info,راهنمای انواع گسکت صنعتی,قیمت انواع گسکت صنعتی ؛ خرید انواع گسکت صنعتی,3,1718
https://pishtaj.ir/knowledge-center/gate-valve-complete-guide.html,kc,info,راهنمای جامع Gate Valve (شیر دروازه‌ای),قیمت جامع Gate Valve (شیر دروازه‌ای) ؛ خرید جامع Gate Valve (شیر دروازه‌ای),3,1784
https://pishtaj.ir/knowledge-center/gearbox-handwheel-worm-gear.html,kc,info,راهنمای Gearbox شیرآلات,قیمت Gearbox شیرآلات ؛ خرید Gearbox شیرآلات,3,1709
https://pishtaj.ir/knowledge-center/ghz-80.html,kc,info,ترانسمیتر سطح راداری GHz 80,قیمت ترانسمیتر سطح راداری GHz 80 ؛ خرید ترانسمیتر سطح راداری GHz 80,3,1711
https://pishtaj.ir/knowledge-center/globe-angle-valve.html,kc-compare,info,مقایسه شیر Globe و Angle Valve,تفاوت شیر Globe و Angle Valve,2,1769
https://pishtaj.ir/knowledge-center/globe-gate-valve.html,kc-compare,info,مقایسه Globe و Gate Valve,تفاوت Globe و Gate Valve,2,1774
https://pishtaj.ir/knowledge-center/globe-valve-complete-guide.html,kc,info,راهنمای جامع Globe Valve (شیر کروی),قیمت جامع Globe Valve (شیر کروی) ؛ خرید جامع Globe Valve (شیر کروی),3,1717
https://pishtaj.ir/knowledge-center/guided-wave-non-contact.html,kc,info,سطح‌سنج راداری,قیمت سطح‌سنج راداری ؛ خرید سطح‌سنج راداری,3,1702
https://pishtaj.ir/knowledge-center/hart-calibration-training.html,kc,info,آموزش کالیبراسیون HART در ابزار دقیق صنعتی,قیمت آموزش کالیبراسیون HART در ابزار دقیق صنعتی ؛ خرید آموزش کالیبراسیون HART در ابزار دقیق صنعتی,3,1765
https://pishtaj.ir/knowledge-center/hart-protocol-complete-guide.html,kc,info,راهنمای کامل پروتکل HART در ابزار دقیق صنعتی,قیمت پروتکل HART در ابزار دقیق صنعتی ؛ خرید پروتکل HART در ابزار دقیق صنعتی,3,1669
https://pishtaj.ir/knowledge-center/high-pressure-equipment-guide.html,kc,info,راهنمای تجهیزات فشار قوی و فوق‌العاده صنعتی,قیمت تجهیزات فشار قوی و فوق‌العاده صنعتی ؛ خرید تجهیزات فشار قوی و فوق‌العاده صنعتی,3,1755
https://pishtaj.ir/knowledge-center/high-temperature.html,kc,info,انتخاب شیر برای دمای بالا (High Temperature),قیمت انتخاب شیر برای دمای بالا (High Temperature) ؛ خرید انتخاب شیر برای دمای بالا (High Temperature),3,1715
https://pishtaj.ir/knowledge-center/hplc-gc.html,kc,info,راهنمای تجهیزات HPLC و GC در آزمایشگاه,قیمت تجهیزات HPLC و GC در آزمایشگاه ؛ خرید تجهیزات HPLC و GC در آزمایشگاه,3,1715
https://pishtaj.ir/knowledge-center/hydrostatic-level-transmitter.html,kc,info,راهنمای ترانسمیتر سطح هیدرواستاتیک صنعتی,قیمت ترانسمیتر سطح هیدرواستاتیک صنعتی ؛ خرید ترانسمیتر سطح هیدرواستاتیک صنعتی,3,1753
https://pishtaj.ir/knowledge-center/hydrostatic-test-pipe-guide.html,kc,info,راهنمای تست هیدرواستاتیک لوله,قیمت تست هیدرواستاتیک لوله ؛ خرید تست هیدرواستاتیک لوله,3,1757
https://pishtaj.ir/knowledge-center/incoterms-2024.html,kc,info,Incoterms 2024,قیمت Incoterms 2024 ؛ خرید Incoterms 2024,3,1689
https://pishtaj.ir/knowledge-center/incoterms-industrial-trade-guide.html,kc,info,راهنمای Incoterms 2024 در تجارت بین‌المللی صنعتی,قیمت Incoterms 2024 در تجارت بین‌المللی صنعتی ؛ خرید Incoterms 2024 در تجارت بین‌المللی صنعتی,3,1749
https://pishtaj.ir/knowledge-center/,kc-hub,info,مرکز دانش تجهیزات صنعتی,مرجع فنی تجهیزات نفت و گاز,2,476
https://pishtaj.ir/knowledge-center/industrial-cable-selection-guide.html,kc,info,راهنمای انتخاب کابل صنعتی (Power Cable),قیمت کابل صنعتی (Power Cable) ؛ خرید کابل صنعتی (Power Cable),3,1757
https://pishtaj.ir/knowledge-center/industrial-customs-clearance-guide.html,kc,info,راهنمای ترخیص گمرکی کالاهای صنعتی,قیمت ترخیص گمرکی کالاهای صنعتی ؛ خرید ترخیص گمرکی کالاهای صنعتی,3,1741
https://pishtaj.ir/knowledge-center/industrial-grounding-guide.html,kc,info,راهنمای سیستم اتصال زمین (Grounding) صنعتی,قیمت سیستم اتصال زمین (Grounding) صنعتی ؛ خرید سیستم اتصال زمین (Grounding) صنعتی,3,1747
https://pishtaj.ir/knowledge-center/industrial-procurement-documentation-guide.html,kc,info,راهنمای مدارک خرید تجهیزات صنعتی؛ MTC، COC، TPI و Data Book,قیمت مدارک خرید تجهیزات صنعتی؛ MTC، COC، TPI و Data Book ؛ خرید مدارک خرید تجهیزات صنعتی؛ MTC، COC، TPI و Data Book,3,1556
https://pishtaj.ir/knowledge-center/instrument-calibration-standards.html,kc,info,راهنمای استانداردهای کالیبراسیون ابزار دقیق,قیمت استانداردهای کالیبراسیون ابزار دقیق ؛ خرید استانداردهای کالیبراسیون ابزار دقیق,3,1753
https://pishtaj.ir/knowledge-center/international-supply-contract-guide.html,kc,info,راهنمای قراردادهای تامین بین‌المللی صنعتی,قیمت قراردادهای تامین بین‌المللی صنعتی ؛ خرید قراردادهای تامین بین‌المللی صنعتی,3,1741
https://pishtaj.ir/knowledge-center/ip-rating-industrial-equipment-guide.html,kc,info,راهنمای استاندارد IP در تجهیزات صنعتی,قیمت استاندارد IP در تجهیزات صنعتی ؛ خرید استاندارد IP در تجهیزات صنعتی,3,1747
https://pishtaj.ir/knowledge-center/iso-9001.html,kc,info,ISO 9001 برای تامین‌کنندگان صنعتی,قیمت ISO 9001 برای تامین‌کنندگان صنعتی ؛ خرید ISO 9001 برای تامین‌کنندگان صنعتی,3,1571
https://pishtaj.ir/knowledge-center/kc-304-316.html,kc,info,راهنمای کامل لوله‌های استینلس استیل 304 و 316,قیمت لوله‌های استینلس استیل 304 و 316 ؛ خرید لوله‌های استینلس استیل 304 و 316,3,1858
https://pishtaj.ir/knowledge-center/kc-304-vs-316-corrosion-resistance.html,kc,info,مقاومت به خوردگی 304 و 316,قیمت مقاومت به خوردگی 304 و 316 ؛ خرید مقاومت به خوردگی 304 و 316,3,1723
https://pishtaj.ir/knowledge-center/kc-a106-api-5l-standard-selection-by-project.html,kc,info,انتخاب استاندارد A106 یا API 5L بر اساس پروژه,قیمت انتخاب استاندارد A106 یا API 5L بر اساس پروژه ؛ خرید انتخاب استاندارد A106 یا API 5L بر اساس پروژه,3,1714
https://pishtaj.ir/knowledge-center/kc-a106-mill-test-certificate-verification.html,kc,info,راستی‌آزمایی گواهی MTC لوله A106 Gr.B,قیمت راستی‌آزمایی گواهی MTC لوله A106 Gr.B ؛ خرید راستی‌آزمایی گواهی MTC لوله A106 Gr.B,3,1712
https://pishtaj.ir/knowledge-center/kc-a179-tube-expansion-rolling-procedure.html,kc,info,اتصال لولهٔ A179 به Tube Sheet با Rolling,قیمت اتصال لولهٔ A179 به Tube Sheet با Rolling ؛ خرید اتصال لولهٔ A179 به Tube Sheet با Rolling,3,1708
https://pishtaj.ir/knowledge-center/kc-a333-low-temperature-impact-testing.html,kc,info,تست ضربهٔ دمای پایین لولهٔ A333 Gr.6,قیمت تست ضربهٔ دمای پایین لولهٔ A333 Gr.6 ؛ خرید تست ضربهٔ دمای پایین لولهٔ A333 Gr.6,3,1716
https://pishtaj.ir/knowledge-center/kc-a335-p11-p22-p91-welding-procedure.html,kc,info,جوشکاری لوله آلیاژی A335 P11/P22/P91,قیمت جوشکاری لوله آلیاژی A335 P11/P22/P91 ؛ خرید جوشکاری لوله آلیاژی A335 P11/P22/P91,3,1721
https://pishtaj.ir/knowledge-center/kc-a335-pwht-post-weld-heat-treatment.html,kc,info,عملیات حرارتی پس از جوش (PWHT) لوله A335,قیمت عملیات حرارتی پس از جوش (PWHT) لوله A335 ؛ خرید عملیات حرارتی پس از جوش (PWHT) لوله A335,3,1726
https://pishtaj.ir/knowledge-center/kc-a335.html,kc,info,راهنمای کامل لوله‌های آلیاژی کروم-مولیبدن A335,قیمت لوله‌های آلیاژی کروم-مولیبدن A335 ؛ خرید لوله‌های آلیاژی کروم-مولیبدن A335,3,1805
https://pishtaj.ir/knowledge-center/kc-a53-vs-a106-selection-criteria.html,kc,info,معیار انتخاب بین لولهٔ ASTM A53 و A106 Gr.B,قیمت معیار انتخاب بین لولهٔ ASTM A53 و A106 Gr.B ؛ خرید معیار انتخاب بین لولهٔ ASTM A53 و A106 Gr.B,3,1710
https://pishtaj.ir/knowledge-center/kc-actuator-fail-safe-position-guide.html,kc,info,انتخاب وضعیت ایمن Fail-Safe محرک شیرآلات,قیمت انتخاب وضعیت ایمن Fail-Safe محرک شیرآلات ؛ خرید انتخاب وضعیت ایمن Fail-Safe محرک شیرآلات,3,1794
https://pishtaj.ir/knowledge-center/kc-actuator.html,kc,info,راهنمای کامل انتخاب محرک (Actuator) برای شیرآلات,قیمت انتخاب محرک (Actuator) برای شیرآلات ؛ خرید انتخاب محرک (Actuator) برای شیرآلات,3,1890
https://pishtaj.ir/knowledge-center/kc-air-cooled-fin-fan-selection-guide.html,kc,info,انتخاب فن مبدل هوایی Air Cooled برای اقلیم گرم,قیمت انتخاب فن مبدل هوایی Air Cooled برای اقلیم گرم ؛ خرید انتخاب فن مبدل هوایی Air Cooled برای اقلیم گرم,3,1789
https://pishtaj.ir/knowledge-center/kc-air-cooled.html,kc,info,راهنمای کامل مبدل‌های حرارتی هوایی (Air Cooled),قیمت مبدل‌های حرارتی هوایی (Air Cooled) ؛ خرید مبدل‌های حرارتی هوایی (Air Cooled),3,1657
https://pishtaj.ir/knowledge-center/kc-amine-unit-foaming-corrosion-problems.html,kc,info,مشکلات کف‌کردن و خوردگی واحد آمین,قیمت مشکلات کف‌کردن و خوردگی واحد آمین ؛ خرید مشکلات کف‌کردن و خوردگی واحد آمین,3,1703
https://pishtaj.ir/knowledge-center/kc-ansi-50-51-87-21.html,kc,info,راهنمای کامل رله‌های حفاظتی در تابلو برق,قیمت رله‌های حفاظتی در تابلو برق ؛ خرید رله‌های حفاظتی در تابلو برق,3,1719
https://pishtaj.ir/knowledge-center/kc-api-598-iso-5208.html,kc,info,راهنمای کامل تست نشتی شیرآلات,قیمت تست نشتی شیرآلات ؛ خرید تست نشتی شیرآلات,3,1845
https://pishtaj.ir/knowledge-center/kc-api-5l-psl-charpy-impact-test.html,kc,info,تست ضربه شارپی لوله API 5L PSL2,قیمت تست ضربه شارپی لوله API 5L PSL2 ؛ خرید تست ضربه شارپی لوله API 5L PSL2,3,1709
https://pishtaj.ir/knowledge-center/kc-api-5l-psl1-psl2.html,kc,info,راهنمای کامل لوله‌های بدون درز API 5L PSL1 و PSL2,قیمت لوله‌های بدون درز API 5L PSL1 و PSL2 ؛ خرید لوله‌های بدون درز API 5L PSL1 و PSL2,3,1902
https://pishtaj.ir/knowledge-center/kc-api-5l-psl2-sour-service-nace-requirements.html,kc,info,الزامات سرویس ترش NACE برای لولهٔ API 5L PSL2,قیمت الزامات سرویس ترش NACE برای لولهٔ API 5L PSL2 ؛ خرید الزامات سرویس ترش NACE برای لولهٔ API 5L PSL2,3,1728
https://pishtaj.ir/knowledge-center/kc-api-5l-x60-pipeline-design-factor.html,kc,info,ضریب طراحی لولهٔ API 5L X60 طبق ASME B31.8,قیمت ضریب طراحی لولهٔ API 5L X60 طبق ASME B31.8 ؛ خرید ضریب طراحی لولهٔ API 5L X60 طبق ASME B31.8,3,1732
https://pishtaj.ir/knowledge-center/kc-api-610-pump-curve-reading-guide.html,kc,info,خواندن منحنی پمپ API 610,قیمت خواندن منحنی پمپ API 610 ؛ خرید خواندن منحنی پمپ API 610,3,1777
https://pishtaj.ir/knowledge-center/kc-api-610.html,kc,info,راهنمای کامل پمپ‌های سانتریفیوژ فرایندی API 610,قیمت پمپ‌های سانتریفیوژ فرایندی API 610 ؛ خرید پمپ‌های سانتریفیوژ فرایندی API 610,3,1747
https://pishtaj.ir/knowledge-center/kc-api-617-surge-control-antisurge.html,kc,info,کنترل سرج کمپرسور API 617,قیمت کنترل سرج کمپرسور API 617 ؛ خرید کنترل سرج کمپرسور API 617,3,1708
https://pishtaj.ir/knowledge-center/kc-api-617.html,kc,info,راهنمای کامل کمپرسورهای سانتریفیوژ API 617,قیمت کمپرسورهای سانتریفیوژ API 617 ؛ خرید کمپرسورهای سانتریفیوژ API 617,3,1652
https://pishtaj.ir/knowledge-center/kc-api-618-vibration-pulsation-analysis.html,kc,info,ارتعاش و پالس کمپرسور API 618,قیمت ارتعاش و پالس کمپرسور API 618 ؛ خرید ارتعاش و پالس کمپرسور API 618,3,1728
https://pishtaj.ir/knowledge-center/kc-api-618.html,kc,info,راهنمای کامل کمپرسورهای رفت و برگشتی API 618,قیمت کمپرسورهای رفت و برگشتی API 618 ؛ خرید کمپرسورهای رفت و برگشتی API 618,3,1681
https://pishtaj.ir/knowledge-center/kc-astm-a106-gr.html,kc,info,راهنمای کامل مشخصات فنی لوله ASTM A106 Gr.B,قیمت مشخصات فنی لوله ASTM A106 Gr.B ؛ خرید مشخصات فنی لوله ASTM A106 Gr.B,3,1856
https://pishtaj.ir/knowledge-center/kc-astm-a106-heat-treatment-requirements.html,kc,info,عملیات حرارتی Normalizing لوله A106,قیمت عملیات حرارتی Normalizing لوله A106 ؛ خرید عملیات حرارتی Normalizing لوله A106,3,1710
https://pishtaj.ir/knowledge-center/kc-ball-valve-api-6d-fire-safe-design.html,kc,info,طراحی Fire-Safe شیر توپی API 6D,قیمت طراحی Fire-Safe شیر توپی API 6D ؛ خرید طراحی Fire-Safe شیر توپی API 6D,3,1715
https://pishtaj.ir/knowledge-center/kc-ball-valve-seat-material-selection.html,kc,info,متریال نشیمنگاه شیر توپی Ball Valve,قیمت متریال نشیمنگاه شیر توپی Ball Valve ؛ خرید متریال نشیمنگاه شیر توپی Ball Valve,3,1717
https://pishtaj.ir/knowledge-center/kc-ball-valve.html,kc,info,راهنمای کامل شیرهای Ball Valve,قیمت شیرهای Ball Valve ؛ خرید شیرهای Ball Valve,3,1828
https://pishtaj.ir/knowledge-center/kc-bms-integration-fire-alarm-hvac.html,kc,info,یکپارچه‌سازی BMS با اعلام حریق و HVAC,قیمت یکپارچه‌سازی BMS با اعلام حریق و HVAC ؛ خرید یکپارچه‌سازی BMS با اعلام حریق و HVAC,3,1712
https://pishtaj.ir/knowledge-center/kc-bms.html,kc,info,راهنمای کامل سیستم اتوماسیون ساختمان (BMS) صنعتی,قیمت سیستم اتوماسیون ساختمان (BMS) صنعتی ؛ خرید سیستم اتوماسیون ساختمان (BMS) صنعتی,3,1653
https://pishtaj.ir/knowledge-center/kc-boiler-water-treatment-scale-prevention.html,kc,info,تصفیهٔ آب بویلر و پیشگیری از رسوب‌گذاری,قیمت تصفیهٔ آب بویلر و پیشگیری از رسوب‌گذاری ؛ خرید تصفیهٔ آب بویلر و پیشگیری از رسوب‌گذاری,3,1708
https://pishtaj.ir/knowledge-center/kc-butterfly-valve-offset.html,kc,info,راهنمای کامل شیرهای Butterfly Valve,قیمت شیرهای Butterfly Valve ؛ خرید شیرهای Butterfly Valve,3,1875
https://pishtaj.ir/knowledge-center/kc-butterfly-valve-torque-actuator-sizing.html,kc,info,گشتاور شیر Butterfly و انتخاب اکچویتور,قیمت گشتاور شیر Butterfly و انتخاب اکچویتور ؛ خرید گشتاور شیر Butterfly و انتخاب اکچویتور,3,1766
https://pishtaj.ir/knowledge-center/kc-cable-tray-cable-duct.html,kc,info,راهنمای کامل کانال‌های کابل و سینی کابل صنعتی,قیمت کانال‌های کابل و سینی کابل صنعتی ؛ خرید کانال‌های کابل و سینی کابل صنعتی,3,1654
https://pishtaj.ir/knowledge-center/kc-cctv-camera-selection-hazardous-area.html,kc,info,انتخاب دوربین CCTV ضدانفجار برای مناطق خطرناک,قیمت انتخاب دوربین CCTV ضدانفجار برای مناطق خطرناک ؛ خرید انتخاب دوربین CCTV ضدانفجار برای مناطق خطرناک,3,1731
https://pishtaj.ir/knowledge-center/kc-cctv.html,kc,info,راهنمای کامل سیستم دوربین مداربسته صنعتی (CCTV),قیمت سیستم دوربین مداربسته صنعتی (CCTV) ؛ خرید سیستم دوربین مداربسته صنعتی (CCTV),3,1605
https://pishtaj.ir/knowledge-center/kc-cement-industry-equipment.html,kc,info,راهنمای کامل تجهیزات صنایع سیمان,قیمت تجهیزات صنایع سیمان ؛ خرید تجهیزات صنایع سیمان,3,1638
https://pishtaj.ir/knowledge-center/kc-cement-kiln-refractory-lining-guide.html,kc,info,راهنمای نسوزکاری کورهٔ سیمان Kiln Refractory,قیمت نسوزکاری کورهٔ سیمان Kiln Refractory ؛ خرید نسوزکاری کورهٔ سیمان Kiln Refractory,3,1709
https://pishtaj.ir/knowledge-center/kc-cf8-cf8m-casting-defects-inspection.html,kc,info,عیوب ریخته‌گری و بازرسی بدنهٔ شیر CF8/CF8M,قیمت عیوب ریخته‌گری و بازرسی بدنهٔ شیر CF8/CF8M ؛ خرید عیوب ریخته‌گری و بازرسی بدنهٔ شیر CF8/CF8M,3,1713
https://pishtaj.ir/knowledge-center/kc-cf8-cf8m-cf3m.html,kc,info,راهنمای کامل شیرهای صنعتی استینلس استیل,قیمت شیرهای صنعتی استینلس استیل ؛ خرید شیرهای صنعتی استینلس استیل,3,1849
https://pishtaj.ir/knowledge-center/kc-chemical-injection-pump-metering-accuracy.html,kc,info,دقت اندازه‌گیری پمپ تزریق مواد شیمیایی,قیمت دقت اندازه‌گیری پمپ تزریق مواد شیمیایی ؛ خرید دقت اندازه‌گیری پمپ تزریق مواد شیمیایی,3,1757
https://pishtaj.ir/knowledge-center/kc-chemical-injection.html,kc,info,راهنمای کامل سیستم تزریق مواد شیمیایی (Chemical Injection),قیمت سیستم تزریق مواد شیمیایی (Chemical Injection) ؛ خرید سیستم تزریق مواد شیمیایی (Chemical Injection),3,1669
https://pishtaj.ir/knowledge-center/kc-class-900-class-2500.html,kc,info,راهنمای کامل فلنج‌های فشار قوی Class 900 تا Class 2500,قیمت فلنج‌های فشار قوی Class 900 تا Class 2500 ؛ خرید فلنج‌های فشار قوی Class 900 تا Class 2500,3,1812
https://pishtaj.ir/knowledge-center/kc-cold-drawn-hot-rolled-dimensional-tolerance.html,kc,info,تلورانس ابعادی لولهٔ کشش سرد و نورد گرم,قیمت تلورانس ابعادی لولهٔ کشش سرد و نورد گرم ؛ خرید تلورانس ابعادی لولهٔ کشش سرد و نورد گرم,3,1722
https://pishtaj.ir/knowledge-center/kc-commissioning-punch-list-management.html,kc,info,مدیریت Punch List در Commissioning,قیمت مدیریت Punch List در Commissioning ؛ خرید مدیریت Punch List در Commissioning,3,1705
https://pishtaj.ir/knowledge-center/kc-commissioning.html,kc,info,راهنمای کامل تجهیزات تست و راه‌اندازی پروژه‌های صنعتی,قیمت تجهیزات تست و راه‌اندازی پروژه‌های صنعتی ؛ خرید تجهیزات تست و راه‌اندازی پروژه‌های صنعتی,3,1611
https://pishtaj.ir/knowledge-center/kc-compressed-air-system.html,kc,info,راهنمای کامل سیستم هوای فشرده صنعتی,قیمت سیستم هوای فشرده صنعتی ؛ خرید سیستم هوای فشرده صنعتی,3,1630
https://pishtaj.ir/knowledge-center/kc-compressor-selection-screw-vs-reciprocating.html,kc-compare,info,مقایسهٔ کمپرسور اسکرو و رفت‌وبرگشتی,تفاوتٔ کمپرسور اسکرو و رفت‌وبرگشتی,2,1759
https://pishtaj.ir/knowledge-center/kc-control-room-equipment-standards.html,kc,info,راهنمای کامل اتاق کنترل صنعتی,قیمت اتاق کنترل صنعتی ؛ خرید اتاق کنترل صنعتی,3,1560
https://pishtaj.ir/knowledge-center/kc-control-valve-noise-prediction-iec-60534.html,kc,info,پیش‌بینی نویز آیرودینامیک کنترل ولو IEC 60534,قیمت پیش‌بینی نویز آیرودینامیک کنترل ولو IEC 60534 ؛ خرید پیش‌بینی نویز آیرودینامیک کنترل ولو IEC 60534,3,1711
https://pishtaj.ir/knowledge-center/kc-control-valve-rangeability-turndown.html,kc,info,رنج‌پذیری و نسبت Turndown کنترل ولو,قیمت رنج‌پذیری و نسبت Turndown کنترل ولو ؛ خرید رنج‌پذیری و نسبت Turndown کنترل ولو,3,1713
https://pishtaj.ir/knowledge-center/kc-cooling-water-legionella-control.html,kc,info,کنترل لژیونلا در سیستم آب خنک‌کننده,قیمت کنترل لژیونلا در سیستم آب خنک‌کننده ؛ خرید کنترل لژیونلا در سیستم آب خنک‌کننده,3,1715
https://pishtaj.ir/knowledge-center/kc-cooling-water.html,kc,info,راهنمای کامل سیستم آب خنک‌کننده صنعتی (Cooling Water),قیمت سیستم آب خنک‌کننده صنعتی (Cooling Water) ؛ خرید سیستم آب خنک‌کننده صنعتی (Cooling Water),3,1611
https://pishtaj.ir/knowledge-center/kc-crude-oil-products-storage-system.html,kc,info,راهنمای کامل سیستم ذخیره‌سازی نفت خام و فرآورده‌های نفتی,قیمت سیستم ذخیره‌سازی نفت خام و فرآورده‌های نفتی ؛ خرید سیستم ذخیره‌سازی نفت خام و فرآورده‌های نفتی,3,1615
https://pishtaj.ir/knowledge-center/kc-ct-pt-accuracy-class-burden.html,kc,info,کلاس دقت و بار مجاز CT/PT,قیمت کلاس دقت و بار مجاز CT/PT ؛ خرید کلاس دقت و بار مجاز CT/PT,3,1703
https://pishtaj.ir/knowledge-center/kc-ct-pt.html,kc,info,راهنمای کامل ترانسفورماتورهای جریان (CT) و ولتاژ (PT),قیمت ترانسفورماتورهای جریان (CT) و ولتاژ (PT) ؛ خرید ترانسفورماتورهای جریان (CT) و ولتاژ (PT),3,1679
https://pishtaj.ir/knowledge-center/kc-customs-clearance-hs-code-tariff-guide.html,kc,info,راهنمای کد HS و تعرفهٔ گمرکی تجهیزات صنعتی,قیمت کد HS و تعرفهٔ گمرکی تجهیزات صنعتی ؛ خرید کد HS و تعرفهٔ گمرکی تجهیزات صنعتی,3,1701
https://pishtaj.ir/knowledge-center/kc-customs-clearance.html,kc,info,راهنمای کامل ترخیص گمرکی کالاهای صنعتی,قیمت ترخیص گمرکی کالاهای صنعتی ؛ خرید ترخیص گمرکی کالاهای صنعتی,3,1615
https://pishtaj.ir/knowledge-center/kc-cv-actuator.html,kc,info,راهنمای کامل شیرهای کنترل,قیمت شیرهای کنترل ؛ خرید شیرهای کنترل,3,1892
https://pishtaj.ir/knowledge-center/kc-dcs-redundancy-architecture-guide.html,kc,info,معماری افزونگی (Redundancy) سیستم DCS,قیمت معماری افزونگی (Redundancy) سیستم DCS ؛ خرید معماری افزونگی (Redundancy) سیستم DCS,3,1710
https://pishtaj.ir/knowledge-center/kc-dcs.html,kc,info,راهنمای کامل سیستم DCS در صنایع فرایندی,قیمت سیستم DCS در صنایع فرایندی ؛ خرید سیستم DCS در صنایع فرایندی,3,1623
https://pishtaj.ir/knowledge-center/kc-desalter-electrostatic-grid-troubleshooting.html,kc,info,عیب‌یابی شبکهٔ الکترواستاتیک دیسالتر,قیمت عیب‌یابی شبکهٔ الکترواستاتیک دیسالتر ؛ خرید عیب‌یابی شبکهٔ الکترواستاتیک دیسالتر,3,1707
https://pishtaj.ir/knowledge-center/kc-desalter.html,kc,info,راهنمای کامل تجهیزات نمک‌زدایی نفت خام (Desalter),قیمت تجهیزات نمک‌زدایی نفت خام (Desalter) ؛ خرید تجهیزات نمک‌زدایی نفت خام (Desalter),3,1598
https://pishtaj.ir/knowledge-center/kc-earthing-grid-resistance-testing.html,kc,info,تست مقاومت شبکهٔ زمین (Earthing Grid),قیمت تست مقاومت شبکهٔ زمین (Earthing Grid) ؛ خرید تست مقاومت شبکهٔ زمین (Earthing Grid),3,1704
https://pishtaj.ir/knowledge-center/kc-earthing.html,kc,info,راهنمای کامل سیستم اتصال به زمین (Earthing) پست‌های برق,قیمت سیستم اتصال به زمین (Earthing) پست‌های برق ؛ خرید سیستم اتصال به زمین (Earthing) پست‌های برق,3,1627
https://pishtaj.ir/knowledge-center/kc-energy-management-oil-gas.html,kc,info,راهنمای کامل مدیریت انرژی در صنایع نفت و گاز,قیمت مدیریت انرژی در صنایع نفت و گاز ؛ خرید مدیریت انرژی در صنایع نفت و گاز,3,1609
https://pishtaj.ir/knowledge-center/kc-erw-hfw-weld-seam-inspection.html,kc,info,بازرسی درز جوش لوله ERW و HFW,قیمت بازرسی درز جوش لوله ERW و HFW ؛ خرید بازرسی درز جوش لوله ERW و HFW,3,1737
https://pishtaj.ir/knowledge-center/kc-erw-hfw.html,kc,info,راهنمای کامل لوله‌های جوشی ERW و HFW,قیمت لوله‌های جوشی ERW و HFW ؛ خرید لوله‌های جوشی ERW و HFW,3,1836
https://pishtaj.ir/knowledge-center/kc-esd-fire-gas-sil-rated-design.html,kc,info,طراحی سیستم ESD/F&G بر اساس SIL,قیمت طراحی سیستم ESD/F&G بر اساس SIL ؛ خرید طراحی سیستم ESD/F&G بر اساس SIL,3,1754
https://pishtaj.ir/knowledge-center/kc-esd-fire-gas.html,kc,info,راهنمای کامل سیستم ESD و Fire & Gas (F&G),قیمت سیستم ESD و Fire & Gas (F&G) ؛ خرید سیستم ESD و Fire & Gas (F&G),3,1637
https://pishtaj.ir/knowledge-center/kc-explosion-proof-lighting-zone-classification.html,kc,info,روشنایی ضدانفجار و تطبیق با طبقه‌بندی مناطق,قیمت روشنایی ضدانفجار و تطبیق با طبقه‌بندی مناطق ؛ خرید روشنایی ضدانفجار و تطبیق با طبقه‌بندی مناطق,3,1710
https://pishtaj.ir/knowledge-center/kc-fcc-catalyst-regeneration-process.html,kc,info,فرآیند احیای کاتالیست در واحد FCC,قیمت فرآیند احیای کاتالیست در واحد FCC ؛ خرید فرآیند احیای کاتالیست در واحد FCC,3,1703
https://pishtaj.ir/knowledge-center/kc-fcc-unit.html,kc,info,راهنمای کامل تجهیزات کراکینگ کاتالیستی (FCC Unit),قیمت تجهیزات کراکینگ کاتالیستی (FCC Unit) ؛ خرید تجهیزات کراکینگ کاتالیستی (FCC Unit),3,1594
https://pishtaj.ir/knowledge-center/kc-fire-alarm-detection-system.html,kc,info,راهنمای کامل سیستم آتش‌نشان و اعلام حریق صنعتی,قیمت سیستم آتش‌نشان و اعلام حریق صنعتی ؛ خرید سیستم آتش‌نشان و اعلام حریق صنعتی,3,1592
https://pishtaj.ir/knowledge-center/kc-fire-suppression-agent-selection-guide.html,kc,info,راهنمای انتخاب عامل اطفاء حریق صنعتی,قیمت عامل اطفاء حریق صنعتی ؛ خرید عامل اطفاء حریق صنعتی,3,1648
https://pishtaj.ir/knowledge-center/kc-flange-class-900-2500-bolt-torque-table.html,kc,info,جدول گشتاور پیچ فلنج Class 900 تا 2500,قیمت جدول گشتاور پیچ فلنج Class 900 تا 2500 ؛ خرید جدول گشتاور پیچ فلنج Class 900 تا 2500,3,1762
https://pishtaj.ir/knowledge-center/kc-flare-burner-equipment.html,kc,info,راهنمای کامل تجهیزات فلر و مشعل صنعتی,قیمت تجهیزات فلر و مشعل صنعتی ؛ خرید تجهیزات فلر و مشعل صنعتی,3,1575
https://pishtaj.ir/knowledge-center/kc-flowmeter-selection-by-fluid-application.html,kc,info,راهنمای انتخاب فلومتر بر اساس نوع سیال,قیمت فلومتر بر اساس نوع سیال ؛ خرید فلومتر بر اساس نوع سیال,3,1811
https://pishtaj.ir/knowledge-center/kc-flowmeters-10-methods.html,kc,info,راهنمای کامل فلومترهای صنعتی,قیمت فلومترهای صنعتی ؛ خرید فلومترهای صنعتی,3,1773
https://pishtaj.ir/knowledge-center/kc-fm200-co2-foam-water.html,kc,info,راهنمای کامل سیستم اطفاء حریق صنعتی,قیمت سیستم اطفاء حریق صنعتی ؛ خرید سیستم اطفاء حریق صنعتی,3,1607
https://pishtaj.ir/knowledge-center/kc-gas-analyzer-calibration-zero-span.html,kc,info,کالیبراسیون Zero و Span آنالایزر گازی,قیمت کالیبراسیون Zero و Span آنالایزر گازی ؛ خرید کالیبراسیون Zero و Span آنالایزر گازی,3,1713
https://pishtaj.ir/knowledge-center/kc-gas-dehydration-teg.html,kc,info,راهنمای کامل تجهیزات آب‌گیری گاز (Gas Dehydration - TEG),قیمت تجهیزات آب‌گیری گاز (Gas Dehydration - TEG) ؛ خرید تجهیزات آب‌گیری گاز (Gas Dehydration - TEG),3,1610
https://pishtaj.ir/knowledge-center/kc-gas-sweetening-amine.html,kc,info,راهنمای کامل تجهیزات شیرین‌سازی گاز (Gas Sweetening - Amine),قیمت تجهیزات شیرین‌سازی گاز (Gas Sweetening - Amine) ؛ خرید تجهیزات شیرین‌سازی گاز (Gas Sweetening - Amine),3,1844
https://pishtaj.ir/knowledge-center/kc-gasket-selection-by-fluid-temperature.html,kc,info,انتخاب گسکت بر اساس سیال و دما,قیمت انتخاب گسکت بر اساس سیال و دما ؛ خرید انتخاب گسکت بر اساس سیال و دما,3,1764
https://pishtaj.ir/knowledge-center/kc-gate-valve-api-600-flexible-wedge-design.html,kc,info,طراحی گوهٔ منعطف در شیر دروازه‌ای API 600,قیمت طراحی گوهٔ منعطف در شیر دروازه‌ای API 600 ؛ خرید طراحی گوهٔ منعطف در شیر دروازه‌ای API 600,3,1770
https://pishtaj.ir/knowledge-center/kc-gate-valve-wedge-parallel-slide.html,kc,info,راهنمای کامل شیرهای Gate Valve,قیمت شیرهای Gate Valve ؛ خرید شیرهای Gate Valve,3,1837
https://pishtaj.ir/knowledge-center/kc-gate-valve-wedge-sticking-troubleshooting.html,kc,info,گیرکردن گوه شیر دروازه‌ای,قیمت گیرکردن گوه شیر دروازه‌ای ؛ خرید گیرکردن گوه شیر دروازه‌ای,3,1780
https://pishtaj.ir/knowledge-center/kc-gauge-absolute-differential.html,kc,info,راهنمای کامل ترانسمیتر فشار,قیمت ترانسمیتر فشار ؛ خرید ترانسمیتر فشار,3,1649
https://pishtaj.ir/knowledge-center/kc-gc-ph-o2-h2s.html,kc,info,راهنمای کامل آنالایزرهای فرآیندی,قیمت آنالایزرهای فرآیندی ؛ خرید آنالایزرهای فرآیندی,3,1656
https://pishtaj.ir/knowledge-center/kc-globe-valve-flow-direction-guide.html,kc,info,جهت صحیح نصب شیر Globe Valve,قیمت جهت صحیح نصب شیر Globe Valve ؛ خرید جهت صحیح نصب شیر Globe Valve,3,1761
https://pishtaj.ir/knowledge-center/kc-globe-valve-type-type.html,kc,info,راهنمای کامل شیرهای Globe Valve,قیمت شیرهای Globe Valve ؛ خرید شیرهای Globe Valve,3,1829
https://pishtaj.ir/knowledge-center/kc-heat-exchanger-tema-class-selection.html,kc,info,راهنمای انتخاب کلاس TEMA مبدل حرارتی,قیمت کلاس TEMA مبدل حرارتی ؛ خرید کلاس TEMA مبدل حرارتی,3,1781
https://pishtaj.ir/knowledge-center/kc-heat-tracing-power-calculation-guide.html,kc,info,محاسبهٔ توان سیستم Heat Tracing لوله,قیمت محاسبهٔ توان سیستم Heat Tracing لوله ؛ خرید محاسبهٔ توان سیستم Heat Tracing لوله,3,1753
https://pishtaj.ir/knowledge-center/kc-heat-tracing.html,kc,info,راهنمای کامل سیستم گرمایش الکتریکی (Heat Tracing) لوله,قیمت سیستم گرمایش الکتریکی (Heat Tracing) لوله ؛ خرید سیستم گرمایش الکتریکی (Heat Tracing) لوله,3,1846
https://pishtaj.ir/knowledge-center/kc-hse-permit-to-work-system-guide.html,kc,info,سیستم مجوز کار (Permit to Work) صنعتی,قیمت سیستم مجوز کار (Permit to Work) صنعتی ؛ خرید سیستم مجوز کار (Permit to Work) صنعتی,3,1717
https://pishtaj.ir/knowledge-center/kc-hse.html,kc,info,راهنمای کامل سیستم مدیریت ایمنی (HSE) در صنایع فرایندی,قیمت سیستم مدیریت ایمنی (HSE) در صنایع فرایندی ؛ خرید سیستم مدیریت ایمنی (HSE) در صنایع فرایندی,3,1633
https://pishtaj.ir/knowledge-center/kc-hvac-pressurization-control-room.html,kc,info,فشار مثبت اتاق کنترل طبق NFPA 496,قیمت فشار مثبت اتاق کنترل طبق NFPA 496 ؛ خرید فشار مثبت اتاق کنترل طبق NFPA 496,3,1726
https://pishtaj.ir/knowledge-center/kc-hvac.html,kc,info,راهنمای کامل سیستم تهویه صنعتی (HVAC) و فن‌های صنعتی,قیمت سیستم تهویه صنعتی (HVAC) و فن‌های صنعتی ؛ خرید سیستم تهویه صنعتی (HVAC) و فن‌های صنعتی,3,1631
https://pishtaj.ir/knowledge-center/kc-hydraulic-control-valves.html,kc,info,راهنمای کامل شیرهای کنترل هیدرولیک,قیمت شیرهای کنترل هیدرولیک ؛ خرید شیرهای کنترل هیدرولیک,3,1785
https://pishtaj.ir/knowledge-center/kc-hydrotest-pressure-holding-time-calculation.html,kc,info,محاسبهٔ فشار تست و زمان نگه‌داشت هیدرواستاتیک,قیمت محاسبهٔ فشار تست و زمان نگه‌داشت هیدرواستاتیک ؛ خرید محاسبهٔ فشار تست و زمان نگه‌داشت هیدرواستاتیک,3,1712
https://pishtaj.ir/knowledge-center/kc-incoterms-2024.html,kc,info,راهنمای کامل اینکوترمز (Incoterms) 2024 در تامین تجهیزات صنعتی,قیمت اینکوترمز (Incoterms) 2024 در تامین تجهیزات صنعتی ؛ خرید اینکوترمز (Incoterms) 2024 در تامین تجهیزات صنعتی,3,1652
https://pishtaj.ir/knowledge-center/kc-incoterms-fob-cif-risk-transfer-comparison.html,kc-compare,info,مقایسهٔ انتقال ریسک در ترم‌های FOB و CIF,تفاوتٔ انتقال ریسک در ترم‌های FOB و CIF,2,1677
https://pishtaj.ir/knowledge-center/kc-industrial-equipment-export.html,kc,info,راهنمای کامل صادرات تجهیزات صنعتی به بازارهای بین‌المللی,قیمت صادرات تجهیزات صنعتی به بازارهای بین‌المللی ؛ خرید صادرات تجهیزات صنعتی به بازارهای بین‌المللی,3,1591
https://pishtaj.ir/knowledge-center/kc-industrial-laboratory-equipment.html,kc,info,راهنمای کامل تجهیزات آزمایشگاهی صنعتی,قیمت تجهیزات آزمایشگاهی صنعتی ؛ خرید تجهیزات آزمایشگاهی صنعتی,3,1546
https://pishtaj.ir/knowledge-center/kc-industrial-material-handling-transport.html,kc,info,راهنمای کامل تجهیزات حمل و نقل و جابجایی مواد صنعتی,قیمت تجهیزات حمل و نقل و جابجایی مواد صنعتی ؛ خرید تجهیزات حمل و نقل و جابجایی مواد صنعتی,3,1616
https://pishtaj.ir/knowledge-center/kc-industrial-power-cable-sizing.html,kc,info,راهنمای کامل کابل‌های قدرت صنعتی,قیمت کابل‌های قدرت صنعتی ؛ خرید کابل‌های قدرت صنعتی,3,1634
https://pishtaj.ir/knowledge-center/kc-instrumentation-communication-protocols.html,kc,info,راهنمای کامل پروتکل‌های ارتباطی ابزار دقیق,قیمت پروتکل‌های ارتباطی ابزار دقیق ؛ خرید پروتکل‌های ارتباطی ابزار دقیق,3,1640
https://pishtaj.ir/knowledge-center/kc-instrumentation-control-cables.html,kc,info,راهنمای کامل کابل‌های ابزار دقیق و کنترل صنعتی,قیمت کابل‌های ابزار دقیق و کنترل صنعتی ؛ خرید کابل‌های ابزار دقیق و کنترل صنعتی,3,1652
https://pishtaj.ir/knowledge-center/kc-international-lc-payment-terms-guide.html,kc,info,راهنمای اعتبار اسنادی (LC) در خرید بین‌المللی,قیمت اعتبار اسنادی (LC) در خرید بین‌المللی ؛ خرید اعتبار اسنادی (LC) در خرید بین‌المللی,3,1644
https://pishtaj.ir/knowledge-center/kc-international-marketing-oil-gas.html,kc,info,راهنمای کامل بازاریابی بین‌المللی در صنایع نفت و گاز,قیمت بازاریابی بین‌المللی در صنایع نفت و گاز ؛ خرید بازاریابی بین‌المللی در صنایع نفت و گاز,3,1613
https://pishtaj.ir/knowledge-center/kc-international-supply-contracts.html,kc,info,راهنمای کامل قراردادهای تامین بین‌المللی تجهیزات صنعتی,قیمت قراردادهای تامین بین‌المللی تجهیزات صنعتی ؛ خرید قراردادهای تامین بین‌المللی تجهیزات صنعتی,3,1617
https://pishtaj.ir/knowledge-center/kc-intrusion-detection-access-control.html,kc,info,راهنمای کامل سیستم اعلام سرقت و کنترل دسترسی صنعتی,قیمت سیستم اعلام سرقت و کنترل دسترسی صنعتی ؛ خرید سیستم اعلام سرقت و کنترل دسترسی صنعتی,3,1598
https://pishtaj.ir/knowledge-center/kc-lap-joint-stub-end-rotation-installation.html,kc,info,نصب و چرخش صحیح فلنج Lap Joint روی Stub End,قیمت نصب و چرخش صحیح فلنج Lap Joint روی Stub End ؛ خرید نصب و چرخش صحیح فلنج Lap Joint روی Stub End,3,1753
https://pishtaj.ir/knowledge-center/kc-led.html,kc,info,راهنمای کامل سیستم روشنایی صنعتی,قیمت سیستم روشنایی صنعتی ؛ خرید سیستم روشنایی صنعتی,3,1660
https://pishtaj.ir/knowledge-center/kc-level-measurement-6-methods.html,kc,info,راهنمای کامل اندازه‌گیری سطح در صنایع نفت و گاز,قیمت اندازه‌گیری سطح در صنایع نفت و گاز ؛ خرید اندازه‌گیری سطح در صنایع نفت و گاز,3,1679
https://pishtaj.ir/knowledge-center/kc-lightning-arrester-coordination-study.html,kc,info,مطالعهٔ هماهنگی برقگیر صنعتی,قیمت مطالعهٔ هماهنگی برقگیر صنعتی ؛ خرید مطالعهٔ هماهنگی برقگیر صنعتی,3,1709
https://pishtaj.ir/knowledge-center/kc-lightning-protection-arrester.html,kc,info,راهنمای کامل برقگیر و سیستم حفاظت در برابر صاعقه صنعتی,قیمت برقگیر و سیستم حفاظت در برابر صاعقه صنعتی ؛ خرید برقگیر و سیستم حفاظت در برابر صاعقه صنعتی,3,1668
https://pishtaj.ir/knowledge-center/kc-lng-boil-off-gas-management.html,kc,info,مدیریت گاز تبخیرشدهٔ LNG (Boil-Off Gas),قیمت مدیریت گاز تبخیرشدهٔ LNG (Boil-Off Gas) ؛ خرید مدیریت گاز تبخیرشدهٔ LNG (Boil-Off Gas),3,1703
https://pishtaj.ir/knowledge-center/kc-load-cell-calibration-procedure.html,kc,info,کالیبراسیون لودسل با وزنه مرجع OIML,قیمت کالیبراسیون لودسل با وزنه مرجع OIML ؛ خرید کالیبراسیون لودسل با وزنه مرجع OIML,3,1729
https://pishtaj.ir/knowledge-center/kc-load-cell.html,kc,info,راهنمای کامل لودسل (Load Cell) و سیستم توزین صنعتی,قیمت لودسل (Load Cell) و سیستم توزین صنعتی ؛ خرید لودسل (Load Cell) و سیستم توزین صنعتی,3,1684
https://pishtaj.ir/knowledge-center/kc-lubrication-oil-analysis-condition-monitoring.html,kc,info,آنالیز روغن و پایش وضعیت تجهیزات دوار,قیمت آنالیز روغن و پایش وضعیت تجهیزات دوار ؛ خرید آنالیز روغن و پایش وضعیت تجهیزات دوار,3,1736
https://pishtaj.ir/knowledge-center/kc-lubrication-system.html,kc,info,راهنمای کامل سیستم روغن‌کاری صنعتی (Lubrication System),قیمت سیستم روغن‌کاری صنعتی (Lubrication System) ؛ خرید سیستم روغن‌کاری صنعتی (Lubrication System),3,1607
https://pishtaj.ir/knowledge-center/kc-mv-switchgear-arc-flash-study.html,kc,info,مطالعهٔ قوس الکتریکی تابلوهای فشار متوسط,قیمت مطالعهٔ قوس الکتریکی تابلوهای فشار متوسط ؛ خرید مطالعهٔ قوس الکتریکی تابلوهای فشار متوسط,3,1715
https://pishtaj.ir/knowledge-center/kc-mv-switchgear.html,kc,info,راهنمای کامل تابلوهای برق فشار متوسط (MV Switchgear),قیمت تابلوهای برق فشار متوسط (MV Switchgear) ؛ خرید تابلوهای برق فشار متوسط (MV Switchgear),3,1762
https://pishtaj.ir/knowledge-center/kc-ndt-method-selection-by-defect-type.html,kc,info,راهنمای انتخاب روش NDT بر اساس نوع عیب,قیمت روش NDT بر اساس نوع عیب ؛ خرید روش NDT بر اساس نوع عیب,3,1720
https://pishtaj.ir/knowledge-center/kc-ndt.html,kc,info,راهنمای کامل تست‌های غیرمخرب (NDT) در پایپینگ,قیمت تست‌های غیرمخرب (NDT) در پایپینگ ؛ خرید تست‌های غیرمخرب (NDT) در پایپینگ,3,1615
https://pishtaj.ir/knowledge-center/kc-ngl-lpg-lng.html,kc,info,"راهنمای کامل تجهیزات خطوط گاز طبیعی (NGL, LPG, LNG)","قیمت تجهیزات خطوط گاز طبیعی (NGL, LPG, LNG) ؛ خرید تجهیزات خطوط گاز طبیعی (NGL, LPG, LNG)",3,1668
https://pishtaj.ir/knowledge-center/kc-ngl-recovery-turboexpander-process.html,kc,info,فرآیند Turboexpander در بازیافت NGL,قیمت فرآیند Turboexpander در بازیافت NGL ؛ خرید فرآیند Turboexpander در بازیافت NGL,3,1719
https://pishtaj.ir/knowledge-center/kc-ngl-recovery.html,kc,info,راهنمای کامل تجهیزات خطوط انتقال گاز (NGL Recovery),قیمت تجهیزات خطوط انتقال گاز (NGL Recovery) ؛ خرید تجهیزات خطوط انتقال گاز (NGL Recovery),3,1612
https://pishtaj.ir/knowledge-center/kc-nitrogen-air-natural-gas.html,kc,info,"راهنمای کامل سیستم گازرسانی صنعتی (Nitrogen, Air, Natural Gas)","قیمت سیستم گازرسانی صنعتی (Nitrogen, Air, Natural Gas) ؛ خرید سیستم گازرسانی صنعتی (Nitrogen, Air, Natural Gas)",3,1623
https://pishtaj.ir/knowledge-center/kc-nitrogen-purging-procedure-safety.html,kc,info,رویهٔ ایمن پرج نیتروژن (Nitrogen Purging),قیمت رویهٔ ایمن پرج نیتروژن (Nitrogen Purging) ؛ خرید رویهٔ ایمن پرج نیتروژن (Nitrogen Purging),3,1708
https://pishtaj.ir/knowledge-center/kc-nps-dn-schedule-od-wt.html,kc,info,راهنمای کامل ابعاد لوله‌های صنعتی,قیمت ابعاد لوله‌های صنعتی ؛ خرید ابعاد لوله‌های صنعتی,3,1849
https://pishtaj.ir/knowledge-center/kc-offshore-subsea-pipeline-cathodic-protection.html,kc,info,حفاظت کاتدی خط لولهٔ زیردریایی Offshore,قیمت حفاظت کاتدی خط لولهٔ زیردریایی Offshore ؛ خرید حفاظت کاتدی خط لولهٔ زیردریایی Offshore,3,1712
https://pishtaj.ir/knowledge-center/kc-offshore.html,kc,info,راهنمای کامل تجهیزات صنایع نفت و گاز فراساحل (Offshore),قیمت تجهیزات صنایع نفت و گاز فراساحل (Offshore) ؛ خرید تجهیزات صنایع نفت و گاز فراساحل (Offshore),3,1670
https://pishtaj.ir/knowledge-center/kc-oil-gas-export-terminal-equipment.html,kc,info,راهنمای کامل تجهیزات پایانه‌های صادراتی نفت و گاز,قیمت تجهیزات پایانه‌های صادراتی نفت و گاز ؛ خرید تجهیزات پایانه‌های صادراتی نفت و گاز,3,1595
https://pishtaj.ir/knowledge-center/kc-oil-gas-pipeline-equipment.html,kc,info,راهنمای کامل تجهیزات خطوط لوله انتقال نفت و گاز,قیمت تجهیزات خطوط لوله انتقال نفت و گاز ؛ خرید تجهیزات خطوط لوله انتقال نفت و گاز,3,1890
https://pishtaj.ir/knowledge-center/kc-oil-refinery-equipment.html,kc,info,راهنمای کامل تجهیزات پالایشگاه نفت,قیمت تجهیزات پالایشگاه نفت ؛ خرید تجهیزات پالایشگاه نفت,3,1686
https://pishtaj.ir/knowledge-center/kc-olefin-cracking-furnace-coil-design.html,kc,info,طراحی کویل کورهٔ کراکینگ الفین,قیمت طراحی کویل کورهٔ کراکینگ الفین ؛ خرید طراحی کویل کورهٔ کراکینگ الفین,3,1711
https://pishtaj.ir/knowledge-center/kc-orifice-plate-beta-ratio-sizing.html,kc,info,محاسبهٔ نسبت بتا صفحهٔ اریفیس (ISO 5167),قیمت محاسبهٔ نسبت بتا صفحهٔ اریفیس (ISO 5167) ؛ خرید محاسبهٔ نسبت بتا صفحهٔ اریفیس (ISO 5167),3,1713
https://pishtaj.ir/knowledge-center/kc-petrochemical-complex-equipment.html,kc,info,راهنمای کامل تجهیزات مجتمع پتروشیمی,قیمت تجهیزات مجتمع پتروشیمی ؛ خرید تجهیزات مجتمع پتروشیمی,3,1651
https://pishtaj.ir/knowledge-center/kc-pipe-support-steel-structure.html,kc,info,راهنمای کامل سازه فلزی و ساپورت لوله در خطوط لوله کشی صنعتی,قیمت سازه فلزی و ساپورت لوله در خطوط لوله کشی صنعتی ؛ خرید سازه فلزی و ساپورت لوله در خطوط لوله کشی صنعتی,3,1863
https://pishtaj.ir/knowledge-center/kc-pipe-thermal-insulation.html,kc,info,راهنمای کامل عایق‌کاری حرارتی لوله‌های صنعتی,قیمت عایق‌کاری حرارتی لوله‌های صنعتی ؛ خرید عایق‌کاری حرارتی لوله‌های صنعتی,3,1797
https://pishtaj.ir/knowledge-center/kc-pipe-wall-thickness-corrosion-allowance.html,kc,info,محاسبهٔ ضخامت لوله و حاشیهٔ خوردگی,قیمت محاسبهٔ ضخامت لوله و حاشیهٔ خوردگی ؛ خرید محاسبهٔ ضخامت لوله و حاشیهٔ خوردگی,3,1706
https://pishtaj.ir/knowledge-center/kc-pipeline-coating-holiday-detection.html,kc,info,پوشش خط لوله و تشخیص عیب پوشش Holiday,قیمت پوشش خط لوله و تشخیص عیب پوشش Holiday ؛ خرید پوشش خط لوله و تشخیص عیب پوشش Holiday,3,1717
https://pishtaj.ir/knowledge-center/kc-pipeline-corrosion-prevention.html,kc,info,راهنمای کامل خوردگی در خطوط لوله و روش‌های پیشگیری,قیمت خوردگی در خطوط لوله و روش‌های پیشگیری ؛ خرید خوردگی در خطوط لوله و روش‌های پیشگیری,3,1860
https://pishtaj.ir/knowledge-center/kc-pipeline-pigging-cleaning-operations.html,kc,info,عملیات پیگینگ و تمیزکاری خط لوله (Pigging),قیمت عملیات پیگینگ و تمیزکاری خط لوله (Pigging) ؛ خرید عملیات پیگینگ و تمیزکاری خط لوله (Pigging),3,1716
https://pishtaj.ir/knowledge-center/kc-pipeline-welding-npi-qualification.html,kc,info,تایید صلاحیت جوشکار و روش جوشکاری خط لوله,قیمت تایید صلاحیت جوشکار و روش جوشکاری خط لوله ؛ خرید تایید صلاحیت جوشکار و روش جوشکاری خط لوله,3,1710
https://pishtaj.ir/knowledge-center/kc-pipeline-welding-standards.html,kc,info,راهنمای کامل جوشکاری خطوط لوله,قیمت جوشکاری خطوط لوله ؛ خرید جوشکاری خطوط لوله,3,1836
https://pishtaj.ir/knowledge-center/kc-plc-programming-languages-guide.html,kc,info,زبان‌های برنامه‌نویسی PLC,قیمت زبان‌های برنامه‌نویسی PLC ؛ خرید زبان‌های برنامه‌نویسی PLC,3,1740
https://pishtaj.ir/knowledge-center/kc-plc.html,kc,info,راهنمای کامل تابلوهای PLC و اتوماسیون صنعتی,قیمت تابلوهای PLC و اتوماسیون صنعتی ؛ خرید تابلوهای PLC و اتوماسیون صنعتی,3,1660
https://pishtaj.ir/knowledge-center/kc-pm-predictive-vs-preventive-strategy.html,kc,info,نگهداری پیشگویانه در برابر پیشگیرانه,قیمت نگهداری پیشگویانه در برابر پیشگیرانه ؛ خرید نگهداری پیشگویانه در برابر پیشگیرانه,3,1704
https://pishtaj.ir/knowledge-center/kc-pm.html,kc,info,راهنمای کامل نگهداری و تعمیرات (PM) تجهیزات صنعتی,قیمت نگهداری و تعمیرات (PM) تجهیزات صنعتی ؛ خرید نگهداری و تعمیرات (PM) تجهیزات صنعتی,3,1608
https://pishtaj.ir/knowledge-center/kc-pneumatic-electropneumatic-control-valves.html,kc,info,راهنمای کامل شیرهای کنترل پنوماتیک و الکتروپنوماتیک,قیمت شیرهای کنترل پنوماتیک و الکتروپنوماتیک ؛ خرید شیرهای کنترل پنوماتیک و الکتروپنوماتیک,3,1809
https://pishtaj.ir/knowledge-center/kc-ppe-selection-by-hazard-category.html,kc,info,راهنمای انتخاب PPE بر اساس دستهٔ خطر,قیمت PPE بر اساس دستهٔ خطر ؛ خرید PPE بر اساس دستهٔ خطر,3,1705
https://pishtaj.ir/knowledge-center/kc-ppe.html,kc,info,راهنمای کامل تجهیزات حفاظت فردی (PPE) صنعتی,قیمت تجهیزات حفاظت فردی (PPE) صنعتی ؛ خرید تجهیزات حفاظت فردی (PPE) صنعتی,3,1600
https://pishtaj.ir/knowledge-center/kc-pressure-gauge-glycerin-fill-guide.html,kc,info,گیج فشار پرشده با گلیسیرین,قیمت گیج فشار پرشده با گلیسیرین ؛ خرید گیج فشار پرشده با گلیسیرین,3,1710
https://pishtaj.ir/knowledge-center/kc-pressure-gauge.html,kc,info,راهنمای کامل گیج فشار (Pressure Gauge),قیمت گیج فشار (Pressure Gauge) ؛ خرید گیج فشار (Pressure Gauge),3,1672
https://pishtaj.ir/knowledge-center/kc-pressure-transmitter-range-selection.html,kc,info,انتخاب رنج ترانسمیتر فشار,قیمت انتخاب رنج ترانسمیتر فشار ؛ خرید انتخاب رنج ترانسمیتر فشار,3,1765
https://pishtaj.ir/knowledge-center/kc-project-management-equipment-supply.html,kc,info,راهنمای کامل مدیریت پروژه در تامین تجهیزات صنعتی,قیمت مدیریت پروژه در تامین تجهیزات صنعتی ؛ خرید مدیریت پروژه در تامین تجهیزات صنعتی,3,1599
https://pishtaj.ir/knowledge-center/kc-protective-relay-coordination-curve.html,kc,info,منحنی هماهنگی رله‌های حفاظتی (Coordination),قیمت منحنی هماهنگی رله‌های حفاظتی (Coordination) ؛ خرید منحنی هماهنگی رله‌های حفاظتی (Coordination),3,1708
https://pishtaj.ir/knowledge-center/kc-psv-set-pressure-blowdown-adjustment.html,kc,info,تنظیم فشار ست و Blowdown شیر اطمینان PSV,قیمت تنظیم فشار ست و Blowdown شیر اطمینان PSV ؛ خرید تنظیم فشار ست و Blowdown شیر اطمینان PSV,3,1779
https://pishtaj.ir/knowledge-center/kc-psv.html,kc,info,راهنمای کامل شیرهای اطمینان (PSV),قیمت شیرهای اطمینان (PSV) ؛ خرید شیرهای اطمینان (PSV),3,1909
https://pishtaj.ir/knowledge-center/kc-purchase-order-management.html,kc,info,راهنمای کامل مدیریت سفارشات خرید (Purchase Order Management),قیمت مدیریت سفارشات خرید (Purchase Order Management) ؛ خرید مدیریت سفارشات خرید (Purchase Order Management),3,1626
https://pishtaj.ir/knowledge-center/kc-purchase-order-terms-conditions-guide.html,kc,info,بندهای حقوقی سفارش خرید (PO),قیمت بندهای حقوقی سفارش خرید (PO) ؛ خرید بندهای حقوقی سفارش خرید (PO),3,1711
https://pishtaj.ir/knowledge-center/kc-radar-level-transmitter-tank-installation.html,kc,info,نصب صحیح ترانسمیتر سطح راداری در مخازن,قیمت نصب صحیح ترانسمیتر سطح راداری در مخازن ؛ خرید نصب صحیح ترانسمیتر سطح راداری در مخازن,3,1771
https://pishtaj.ir/knowledge-center/kc-reciprocating-pump-packing-seal-guide.html,kc,info,آب‌بندی Packing پمپ رفت‌وبرگشتی,قیمت آب‌بندی Packing پمپ رفت‌وبرگشتی ؛ خرید آب‌بندی Packing پمپ رفت‌وبرگشتی,3,1710
https://pishtaj.ir/knowledge-center/kc-reciprocating-pump.html,kc,info,راهنمای کامل پمپ‌های رفت و برگشتی (Reciprocating Pump),قیمت پمپ‌های رفت و برگشتی (Reciprocating Pump) ؛ خرید پمپ‌های رفت و برگشتی (Reciprocating Pump),3,1682
https://pishtaj.ir/knowledge-center/kc-refinery-distillation-column-tray-design.html,kc,info,طراحی سینی برج تقطیر پالایشگاه,قیمت طراحی سینی برج تقطیر پالایشگاه ؛ خرید طراحی سینی برج تقطیر پالایشگاه,3,1705
https://pishtaj.ir/knowledge-center/kc-rtd-thermocouple-thermistor.html,kc,info,راهنمای کامل سنسورهای دما,قیمت سنسورهای دما ؛ خرید سنسورهای دما,3,1653
https://pishtaj.ir/knowledge-center/kc-sawh-vs-lsaw-comparison.html,kc-compare,info,مقایسه لوله اسپیرال SAWH و LSAW,تفاوت لوله اسپیرال SAWH و LSAW,2,1736
https://pishtaj.ir/knowledge-center/kc-sawh.html,kc,info,راهنمای کامل لوله‌های اسپیرال (SAWH),قیمت لوله‌های اسپیرال (SAWH) ؛ خرید لوله‌های اسپیرال (SAWH),3,1808
https://pishtaj.ir/knowledge-center/kc-shell-tube-heat-exchanger-tema-guide.html,kc,info,انتخاب کلاس TEMA مبدل Shell & Tube,قیمت انتخاب کلاس TEMA مبدل Shell & Tube ؛ خرید انتخاب کلاس TEMA مبدل Shell & Tube,3,1816
https://pishtaj.ir/knowledge-center/kc-shell-tube.html,kc,info,راهنمای کامل مبدل‌های حرارتی Shell & Tube,قیمت مبدل‌های حرارتی Shell & Tube ؛ خرید مبدل‌های حرارتی Shell & Tube,3,1667
https://pishtaj.ir/knowledge-center/kc-slurry-valve-abrasion-wear-life-estimation.html,kc,info,تخمین عمر سایشی شیرهای دوغاب Slurry Valve,قیمت تخمین عمر سایشی شیرهای دوغاب Slurry Valve ؛ خرید تخمین عمر سایشی شیرهای دوغاب Slurry Valve,3,1713
https://pishtaj.ir/knowledge-center/kc-slurry-valves.html,kc,info,راهنمای کامل شیرهای دوغاب (Slurry Valves),قیمت شیرهای دوغاب (Slurry Valves) ؛ خرید شیرهای دوغاب (Slurry Valves),3,1840
https://pishtaj.ir/knowledge-center/kc-spare-parts-warehousing-inventory.html,kc,info,راهنمای کامل انبارداری و مدیریت موجودی قطعات یدکی صنعتی,قیمت انبارداری و مدیریت موجودی قطعات یدکی صنعتی ؛ خرید انبارداری و مدیریت موجودی قطعات یدکی صنعتی,3,1601
https://pishtaj.ir/knowledge-center/kc-spiral-wound-kammprofile.html,kc,info,راهنمای کامل گسکت Spiral Wound و Kammprofile,قیمت گسکت Spiral Wound و Kammprofile ؛ خرید گسکت Spiral Wound و Kammprofile,3,1615
https://pishtaj.ir/knowledge-center/kc-sru-claus-process-efficiency.html,kc,info,راندمان فرآیند کلاوس (Claus) در واحد SRU,قیمت راندمان فرآیند کلاوس (Claus) در واحد SRU ؛ خرید راندمان فرآیند کلاوس (Claus) در واحد SRU,3,1734
https://pishtaj.ir/knowledge-center/kc-stainless-steel-pipe-passivation-procedure.html,kc,info,پسیو کردن لولهٔ استینلس استیل بعد از جوش,قیمت پسیو کردن لولهٔ استینلس استیل بعد از جوش ؛ خرید پسیو کردن لولهٔ استینلس استیل بعد از جوش,3,1704
https://pishtaj.ir/knowledge-center/kc-steam-boiler-system.html,kc,info,راهنمای کامل تجهیزات سیستم بخار و بویلر صنعتی,قیمت تجهیزات سیستم بخار و بویلر صنعتی ؛ خرید تجهیزات سیستم بخار و بویلر صنعتی,3,1675
https://pishtaj.ir/knowledge-center/kc-steam-turbine-blade-erosion-prevention.html,kc,info,پیشگیری از فرسایش پرهٔ توربین بخار,قیمت پیشگیری از فرسایش پرهٔ توربین بخار ؛ خرید پیشگیری از فرسایش پرهٔ توربین بخار,3,1711
https://pishtaj.ir/knowledge-center/kc-steel-beam-rebar-specifications.html,kc,info,راهنمای کامل مشخصات فنی تیرآهن و میلگرد صنعتی,قیمت مشخصات فنی تیرآهن و میلگرد صنعتی ؛ خرید مشخصات فنی تیرآهن و میلگرد صنعتی,3,1604
https://pishtaj.ir/knowledge-center/kc-steel-continuous-casting-mold-cooling.html,kc,info,خنک‌کاری قالب ریخته‌گری مداوم فولاد,قیمت خنک‌کاری قالب ریخته‌گری مداوم فولاد ؛ خرید خنک‌کاری قالب ریخته‌گری مداوم فولاد,3,1709
https://pishtaj.ir/knowledge-center/kc-steel-industry-equipment.html,kc,info,راهنمای کامل تجهیزات صنعت فولاد,قیمت تجهیزات صنعت فولاد ؛ خرید تجهیزات صنعت فولاد,3,1644
https://pishtaj.ir/knowledge-center/kc-steel-plate-specifications.html,kc,info,راهنمای کامل مشخصات فنی ورق‌های فولادی صنعتی,قیمت مشخصات فنی ورق‌های فولادی صنعتی ؛ خرید مشخصات فنی ورق‌های فولادی صنعتی,3,1590
https://pishtaj.ir/knowledge-center/kc-sulfur-recovery-tail-gas-treatment.html,kc,info,واحد تصفیهٔ گاز دنباله TGTU در بازیافت گوگرد,قیمت واحد تصفیهٔ گاز دنباله TGTU در بازیافت گوگرد ؛ خرید واحد تصفیهٔ گاز دنباله TGTU در بازیافت گوگرد,3,1707
https://pishtaj.ir/knowledge-center/kc-sulfur-recovery-unit-sru.html,kc,info,راهنمای کامل تجهیزات گوگردزدا (Sulfur Recovery Unit - SRU),قیمت تجهیزات گوگردزدا (Sulfur Recovery Unit - SRU) ؛ خرید تجهیزات گوگردزدا (Sulfur Recovery Unit - SRU),3,1609
https://pishtaj.ir/knowledge-center/kc-sulfur-recovery.html,kc,info,راهنمای کامل تجهیزات واحد بازیافت گوگرد (Sulfur Recovery),قیمت تجهیزات واحد بازیافت گوگرد (Sulfur Recovery) ؛ خرید تجهیزات واحد بازیافت گوگرد (Sulfur Recovery),3,1613
https://pishtaj.ir/knowledge-center/kc-supplier-qualification-assessment.html,kc,info,راهنمای کامل ارزیابی و تایید صلاحیت تامین‌کنندگان,قیمت ارزیابی و تایید صلاحیت تامین‌کنندگان ؛ خرید ارزیابی و تایید صلاحیت تامین‌کنندگان,3,1590
https://pishtaj.ir/knowledge-center/kc-surge-arrester-emergency-shutdown-valves.html,kc,info,راهنمای کامل شیرهای برقگیر و شیرهای قطع اضطراری,قیمت شیرهای برقگیر و شیرهای قطع اضطراری ؛ خرید شیرهای برقگیر و شیرهای قطع اضطراری,3,1832
https://pishtaj.ir/knowledge-center/kc-technical-certifications-supplier-qualification.html,kc,info,راهنمای کامل گواهینامه‌های فنی و صلاحیت تامین‌کنندگان,قیمت گواهینامه‌های فنی و صلاحیت تامین‌کنندگان ؛ خرید گواهینامه‌های فنی و صلاحیت تامین‌کنندگان,3,1590
https://pishtaj.ir/knowledge-center/kc-technical-personnel-training.html,kc,info,راهنمای کامل آموزش و توانمندسازی پرسنل فنی صنعتی,قیمت آموزش و توانمندسازی پرسنل فنی صنعتی ؛ خرید آموزش و توانمندسازی پرسنل فنی صنعتی,3,1637
https://pishtaj.ir/knowledge-center/kc-teg-dehydration-glycol-loss-control.html,kc,info,کنترل اتلاف گلایکول در واحد آب‌گیری TEG,قیمت کنترل اتلاف گلایکول در واحد آب‌گیری TEG ؛ خرید کنترل اتلاف گلایکول در واحد آب‌گیری TEG,3,1706
https://pishtaj.ir/knowledge-center/kc-thermal-powerplant-equipment.html,kc,info,راهنمای کامل تجهیزات نیروگاه حرارتی,قیمت تجهیزات نیروگاه حرارتی ؛ خرید تجهیزات نیروگاه حرارتی,3,1702
https://pishtaj.ir/knowledge-center/kc-thermocouple-cold-junction-compensation.html,kc,info,جبران‌سازی نقطهٔ سرد ترموکوپل (CJC),قیمت جبران‌سازی نقطهٔ سرد ترموکوپل (CJC) ؛ خرید جبران‌سازی نقطهٔ سرد ترموکوپل (CJC),3,1702
https://pishtaj.ir/knowledge-center/kc-ups-battery-sizing-autonomy-calculation.html,kc,info,محاسبهٔ سایز باتری و زمان اتونومی UPS,قیمت محاسبهٔ سایز باتری و زمان اتونومی UPS ؛ خرید محاسبهٔ سایز باتری و زمان اتونومی UPS,3,1715
https://pishtaj.ir/knowledge-center/kc-ups.html,kc,info,راهنمای کامل سیستم UPS و باتری صنعتی,قیمت سیستم UPS و باتری صنعتی ؛ خرید سیستم UPS و باتری صنعتی,3,1705
https://pishtaj.ir/knowledge-center/kc-valve-leak-test-acceptance-criteria.html,kc,info,معیارهای پذیرش تست نشتی شیرآلات,قیمت معیارهای پذیرش تست نشتی شیرآلات ؛ خرید معیارهای پذیرش تست نشتی شیرآلات,3,1709
https://pishtaj.ir/knowledge-center/kc-valve-selection-by-fluid-type.html,kc,info,راهنمای کامل انتخاب شیر بر اساس نوع سیال,قیمت انتخاب شیر بر اساس نوع سیال ؛ خرید انتخاب شیر بر اساس نوع سیال,3,1869
https://pishtaj.ir/knowledge-center/kc-vfd-harmonic-distortion-mitigation.html,kc,info,کاهش هارمونیک ناشی از درایو VFD,قیمت کاهش هارمونیک ناشی از درایو VFD ؛ خرید کاهش هارمونیک ناشی از درایو VFD,3,1764
https://pishtaj.ir/knowledge-center/kc-vfd.html,kc,info,راهنمای کامل درایو VFD,قیمت درایو VFD ؛ خرید درایو VFD,3,1727
https://pishtaj.ir/knowledge-center/kc-washer-material-torque-relaxation.html,kc,info,مادهٔ واشر و نشست گشتاور در اتصالات صنعتی,قیمت مادهٔ واشر و نشست گشتاور در اتصالات صنعتی ؛ خرید مادهٔ واشر و نشست گشتاور در اتصالات صنعتی,3,1722
https://pishtaj.ir/knowledge-center/kc-washer.html,kc,info,راهنمای کامل واشر (Washer) در اتصالات صنعتی,قیمت واشر (Washer) در اتصالات صنعتی ؛ خرید واشر (Washer) در اتصالات صنعتی,3,1770
https://pishtaj.ir/knowledge-center/kc-wastewater-sludge-treatment-methods.html,kc,info,روش‌های تصفیهٔ لجن پساب صنعتی,قیمت روش‌های تصفیهٔ لجن پساب صنعتی ؛ خرید روش‌های تصفیهٔ لجن پساب صنعتی,3,1710
https://pishtaj.ir/knowledge-center/kc-water-wastewater-treatment.html,kc,info,راهنمای کامل سیستم تصفیه آب و پساب صنعتی,قیمت سیستم تصفیه آب و پساب صنعتی ؛ خرید سیستم تصفیه آب و پساب صنعتی,3,1662
https://pishtaj.ir/knowledge-center/kc-welded-fittings-elbow-tee-reducer.html,kc,info,راهنمای کامل اتصالات جوشی فیتینگ,قیمت اتصالات جوشی فیتینگ ؛ خرید اتصالات جوشی فیتینگ,3,1810
https://pishtaj.ir/knowledge-center/knife-gate-valve.html,kc,info,Knife Gate Valve,قیمت Knife Gate Valve ؛ خرید Knife Gate Valve,3,1703
https://pishtaj.ir/knowledge-center/level-measurement-guide.html,kc,info,راهنمای سطح سنج (Level Measurement),قیمت سطح سنج (Level Measurement) ؛ خرید سطح سنج (Level Measurement),3,1705
https://pishtaj.ir/knowledge-center/lv-iec-61439.html,kc,info,تابلو LV,قیمت تابلو LV ؛ خرید تابلو LV,3,1764
https://pishtaj.ir/knowledge-center/magmeter.html,kc,info,فلومتر مغناطیسی (Magmeter),قیمت فلومتر مغناطیسی (Magmeter) ؛ خرید فلومتر مغناطیسی (Magmeter),3,1805
https://pishtaj.ir/knowledge-center/mcc-panel-guide.html,kc,info,راهنمای تابلو برق MCC,قیمت تابلو برق MCC ؛ خرید تابلو برق MCC,3,1635
https://pishtaj.ir/knowledge-center/mccb-circuit-breaker-guide.html,kc,info,راهنمای کلید کامپکت MCCB,قیمت کلید کامپکت MCCB ؛ خرید کلید کامپکت MCCB,3,1691
https://pishtaj.ir/knowledge-center/mfc-mass-flow-controller.html,kc,info,راهنمای MFC (Mass Flow Controller),قیمت MFC (Mass Flow Controller) ؛ خرید MFC (Mass Flow Controller),3,1696
https://pishtaj.ir/knowledge-center/modbus-tcp-rtu.html,kc,info,راهنمای شبکه Modbus TCP/RTU,قیمت شبکه Modbus TCP/RTU ؛ خرید شبکه Modbus TCP/RTU,3,1699
https://pishtaj.ir/knowledge-center/mv-iec-62271.html,kc,info,تابلو MV,قیمت تابلو MV ؛ خرید تابلو MV,3,1759
https://pishtaj.ir/knowledge-center/nace-mr0175-sour-service-guide.html,kc,info,راهنمای استاندارد NACE MR0175,قیمت استاندارد NACE MR0175 ؛ خرید استاندارد NACE MR0175,3,1747
https://pishtaj.ir/knowledge-center/nace-mr0175.html,kc,info,استاندارد NACE MR0175 در لوله و فلنج,قیمت استاندارد NACE MR0175 در لوله و فلنج ؛ خرید استاندارد NACE MR0175 در لوله و فلنج,3,1715
https://pishtaj.ir/knowledge-center/nde-inspection-pipe-flange.html,kc,info,راهنمای بازرسی NDE لوله و فلنج صنعتی,قیمت بازرسی NDE لوله و فلنج صنعتی ؛ خرید بازرسی NDE لوله و فلنج صنعتی,3,1764
https://pishtaj.ir/knowledge-center/ndt-inspection-industrial-guide.html,kc,info,راهنمای تست‌های NDT در بازرسی صنعتی,قیمت تست‌های NDT در بازرسی صنعتی ؛ خرید تست‌های NDT در بازرسی صنعتی,3,1635
https://pishtaj.ir/knowledge-center/ndt-rt.html,kc,info,بازرسی NDT با تست رادیوگرافی (RT),قیمت بازرسی NDT با تست رادیوگرافی (RT) ؛ خرید بازرسی NDT با تست رادیوگرافی (RT),3,1696
https://pishtaj.ir/knowledge-center/ndt-ut.html,kc,info,بازرسی NDT با تست فراصوت (UT),قیمت بازرسی NDT با تست فراصوت (UT) ؛ خرید بازرسی NDT با تست فراصوت (UT),3,1697
https://pishtaj.ir/knowledge-center/nioc-npc-vendor-list-guide.html,kc,info,راهنمای وندورلیست NIOC و NPC در پروژه‌های نفتی,قیمت وندورلیست NIOC و NPC در پروژه‌های نفتی ؛ خرید وندورلیست NIOC و NPC در پروژه‌های نفتی,3,1608
https://pishtaj.ir/knowledge-center/nozzle-check-valve.html,kc,info,شیر Nozzle Check Valve,قیمت شیر Nozzle Check Valve ؛ خرید شیر Nozzle Check Valve,3,1766
https://pishtaj.ir/knowledge-center/o2-co2-h2s.html,kc,info,آنالایزر گاز صنعتی,قیمت آنالایزر گاز صنعتی ؛ خرید آنالایزر گاز صنعتی,3,1699
https://pishtaj.ir/knowledge-center/oil-gas-industry-supply-guide.html,kc,info,راهنمای تامین تجهیزات صنایع نفت و گاز,قیمت تامین تجهیزات صنایع نفت و گاز ؛ خرید تامین تجهیزات صنایع نفت و گاز,3,1700
https://pishtaj.ir/knowledge-center/petrochemical-industry-supply-guide.html,kc,info,راهنمای تامین تجهیزات صنایع پتروشیمی,قیمت تامین تجهیزات صنایع پتروشیمی ؛ خرید تامین تجهیزات صنایع پتروشیمی,3,1740
https://pishtaj.ir/knowledge-center/ph.html,kc,info,راهنمای pH متر صنعتی,قیمت pH متر صنعتی ؛ خرید pH متر صنعتی,3,1691
https://pishtaj.ir/knowledge-center/phase-control-relay.html,kc,info,رله کنترل فاز (Phase Control Relay),قیمت رله کنترل فاز (Phase Control Relay) ؛ خرید رله کنترل فاز (Phase Control Relay),3,1713
https://pishtaj.ir/knowledge-center/pilot-operated-valve.html,kc,info,شیر پایلوت (Pilot Operated Valve),قیمت شیر پایلوت (Pilot Operated Valve) ؛ خرید شیر پایلوت (Pilot Operated Valve),3,1707
https://pishtaj.ir/knowledge-center/pinch-valve-guide.html,kc,info,راهنمای شیر پینچ (Pinch Valve) صنعتی,قیمت شیر پینچ (Pinch Valve) صنعتی ؛ خرید شیر پینچ (Pinch Valve) صنعتی,3,1754
https://pishtaj.ir/knowledge-center/pinch-valve.html,kc,info,Pinch Valve,قیمت Pinch Valve ؛ خرید Pinch Valve,3,1695
https://pishtaj.ir/knowledge-center/pipe-fittings-guide.html,kc,info,راهنمای اتصالات فیتینگ پایپینگ,قیمت اتصالات فیتینگ پایپینگ ؛ خرید اتصالات فیتینگ پایپینگ,3,1744
https://pishtaj.ir/knowledge-center/plc-allen-bradley-controllogix.html,kc,info,کنترلر PLC Allen Bradley ControlLogix,قیمت کنترلر PLC Allen Bradley ControlLogix ؛ خرید کنترلر PLC Allen Bradley ControlLogix,3,1701
https://pishtaj.ir/knowledge-center/plc-siemens-s7-1500.html,kc,info,کنترلر PLC Siemens S7-1500,قیمت کنترلر PLC Siemens S7-1500 ؛ خرید کنترلر PLC Siemens S7-1500,3,1700
https://pishtaj.ir/knowledge-center/plc-types-industrial-guide.html,kc,info,راهنمای انواع PLC صنعتی,قیمت انواع PLC صنعتی ؛ خرید انواع PLC صنعتی,3,1765
https://pishtaj.ir/knowledge-center/plug-valve-guide.html,kc,info,راهنمای شیر پلاگ (Plug Valve) صنعتی,قیمت شیر پلاگ (Plug Valve) صنعتی ؛ خرید شیر پلاگ (Plug Valve) صنعتی,3,1754
https://pishtaj.ir/knowledge-center/plug-valve-lubricated-non-lubricated.html,kc,info,راهنمای Plug Valve,قیمت Plug Valve ؛ خرید Plug Valve,3,1708
https://pishtaj.ir/knowledge-center/pmi-positive-material-identification.html,kc,info,راهنمای PMI (Positive Material Identification),قیمت PMI (Positive Material Identification) ؛ خرید PMI (Positive Material Identification),3,1693
https://pishtaj.ir/knowledge-center/pmi-testing-guide.html,kc,info,راهنمای تست PMI در بازرسی تجهیزات صنعتی,قیمت تست PMI در بازرسی تجهیزات صنعتی ؛ خرید تست PMI در بازرسی تجهیزات صنعتی,3,1753
https://pishtaj.ir/knowledge-center/pneumatic-actuator-rack-pinion.html,kc,info,محرک پنوماتیک (Pneumatic Actuator),قیمت محرک پنوماتیک (Pneumatic Actuator) ؛ خرید محرک پنوماتیک (Pneumatic Actuator),3,1758
https://pishtaj.ir/knowledge-center/power-distribution-transformer-guide.html,kc,info,راهنمای ترانسفورماتور قدرت و توزیع صنعتی,قیمت ترانسفورماتور قدرت و توزیع صنعتی ؛ خرید ترانسفورماتور قدرت و توزیع صنعتی,3,1809
https://pishtaj.ir/knowledge-center/power-plant-industry-supply-guide.html,kc,info,راهنمای تامین تجهیزات نیروگاهی صنعتی,قیمت تامین تجهیزات نیروگاهی صنعتی ؛ خرید تامین تجهیزات نیروگاهی صنعتی,3,1740
https://pishtaj.ir/knowledge-center/pressure-gauge-asme-b40-100.html,kc,info,گیج فشار (Pressure Gauge),قیمت گیج فشار (Pressure Gauge) ؛ خرید گیج فشار (Pressure Gauge),3,1707
https://pishtaj.ir/knowledge-center/pressure-gauge-complete-guide.html,kc,info,راهنمای کامل گیج فشار صنعتی,قیمت گیج فشار صنعتی ؛ خرید گیج فشار صنعتی,3,1769
https://pishtaj.ir/knowledge-center/pressure-transmitter-calibration-guide.html,kc,info,راهنمای کالیبراسیون ترانسمیتر فشار صنعتی,قیمت کالیبراسیون ترانسمیتر فشار صنعتی ؛ خرید کالیبراسیون ترانسمیتر فشار صنعتی,3,1813
https://pishtaj.ir/knowledge-center/profibus-profinet.html,kc,info,راهنمای شبکه Profibus و Profinet,قیمت شبکه Profibus و Profinet ؛ خرید شبکه Profibus و Profinet,3,1704
https://pishtaj.ir/knowledge-center/protective-relay-guide.html,kc,info,راهنمای رله‌های حفاظتی در تابلو برق صنعتی,قیمت رله‌های حفاظتی در تابلو برق صنعتی ؛ خرید رله‌های حفاظتی در تابلو برق صنعتی,3,1763
https://pishtaj.ir/knowledge-center/psv-prv-api-520-api-526.html,kc,info,شیر اطمینان PSV/PRV,قیمت شیر اطمینان PSV/PRV ؛ خرید شیر اطمینان PSV/PRV,3,1768
https://pishtaj.ir/knowledge-center/quality-assurance-supply-guide.html,kc,info,راهنمای تضمین کیفیت در تامین تجهیزات صنعتی,قیمت تضمین کیفیت در تامین تجهیزات صنعتی ؛ خرید تضمین کیفیت در تامین تجهیزات صنعتی,3,1753
https://pishtaj.ir/knowledge-center/radar-level-transmitter-guide.html,kc,info,راهنمای ترانسمیتر سطح راداری صنعتی,قیمت ترانسمیتر سطح راداری صنعتی ؛ خرید ترانسمیتر سطح راداری صنعتی,3,1806
https://pishtaj.ir/knowledge-center/rosemount-3051.html,kc,info,ترانسمیتر فشار Rosemount 3051,قیمت ترانسمیتر فشار Rosemount 3051 ؛ خرید ترانسمیتر فشار Rosemount 3051,3,1764
https://pishtaj.ir/knowledge-center/rosemount-644.html,kc,info,ترانسمیتر دما Rosemount 644,قیمت ترانسمیتر دما Rosemount 644 ؛ خرید ترانسمیتر دما Rosemount 644,3,1704
https://pishtaj.ir/knowledge-center/rosemount-vs-yokogawa-comparison.html,kc-compare,info,مقایسه ترانسمیتر Rosemount و Yokogawa صنعتی,تفاوت ترانسمیتر Rosemount و Yokogawa صنعتی,2,1818
https://pishtaj.ir/knowledge-center/rtd-vs-thermocouple-comparison.html,kc-compare,info,مقایسه سنسور دما RTD و Thermocouple صنعتی,تفاوت سنسور دما RTD و Thermocouple صنعتی,2,1765
https://pishtaj.ir/knowledge-center/safety-relief-valve-guide.html,kc,info,راهنمای شیر اطمینان و ایمنی (PSV/PRV) صنعتی,قیمت شیر اطمینان و ایمنی (PSV/PRV) صنعتی ؛ خرید شیر اطمینان و ایمنی (PSV/PRV) صنعتی,3,1823
https://pishtaj.ir/knowledge-center/scada-rtu-system-guide.html,kc,info,راهنمای سیستم SCADA و RTU در اتوماسیون صنعتی,قیمت سیستم SCADA و RTU در اتوماسیون صنعتی ؛ خرید سیستم SCADA و RTU در اتوماسیون صنعتی,3,1769
https://pishtaj.ir/knowledge-center/scada.html,kc,info,سیستم SCADA در صنعت نفت و گاز,قیمت سیستم SCADA در صنعت نفت و گاز ؛ خرید سیستم SCADA در صنعت نفت و گاز,3,1714
https://pishtaj.ir/knowledge-center/schedule-sch-40-80-160.html,kc,info,راهنمای ضخامت دیواره لوله (Schedule),قیمت ضخامت دیواره لوله (Schedule) ؛ خرید ضخامت دیواره لوله (Schedule),3,1717
https://pishtaj.ir/knowledge-center/seamless-pipe-complete-guide.html,kc,info,راهنمای جامع لوله مانیسمان (بدون درز),قیمت جامع لوله مانیسمان (بدون درز) ؛ خرید جامع لوله مانیسمان (بدون درز),3,1814
https://pishtaj.ir/knowledge-center/seamless-vs-erw-pipe-difference.html,kc,info,تفاوت لوله مانیسمان و لوله درزدار (ERW),قیمت تفاوت لوله مانیسمان و لوله درزدار (ERW) ؛ خرید تفاوت لوله مانیسمان و لوله درزدار (ERW),3,1748
https://pishtaj.ir/knowledge-center/seat-ptfe-peek-nylon.html,kc,info,مواد نشیمنگاه (Seat) در شیرآلات,قیمت مواد نشیمنگاه (Seat) در شیرآلات ؛ خرید مواد نشیمنگاه (Seat) در شیرآلات,3,1705
https://pishtaj.ir/knowledge-center/sf6.html,kc,info,کلید SF6,قیمت کلید SF6 ؛ خرید کلید SF6,3,1697
https://pishtaj.ir/knowledge-center/shell-seat-closure.html,kc,info,تست شیرآلات,قیمت تست شیرآلات ؛ خرید تست شیرآلات,3,1703
https://pishtaj.ir/knowledge-center/shutdown-turnaround-industrial-guide.html,kc,info,راهنمای تجهیزات Shutdown و اورهال صنعتی,قیمت تجهیزات Shutdown و اورهال صنعتی ؛ خرید تجهیزات Shutdown و اورهال صنعتی,3,1747
https://pishtaj.ir/knowledge-center/shutdown.html,kc,info,تجهیزات Shutdown و اورهال صنعتی,قیمت تجهیزات Shutdown و اورهال صنعتی ؛ خرید تجهیزات Shutdown و اورهال صنعتی,3,1691
https://pishtaj.ir/knowledge-center/sil-certification-instrument-guide.html,kc,info,راهنمای گواهی SIL در ابزار دقیق صنعتی,قیمت گواهی SIL در ابزار دقیق صنعتی ؛ خرید گواهی SIL در ابزار دقیق صنعتی,3,1763
https://pishtaj.ir/knowledge-center/sil-iec-61508-iec-61511.html,kc,info,SIL در ابزار دقیق,قیمت SIL در ابزار دقیق ؛ خرید SIL در ابزار دقیق,3,1711
https://pishtaj.ir/knowledge-center/socket-weld-threaded.html,kc-compare,info,مقایسه فلنج Socket Weld و Threaded,تفاوت فلنج Socket Weld و Threaded,2,1714
https://pishtaj.ir/knowledge-center/soft-starter-guide.html,kc,info,راهنمای سافت استارتر در کنترل موتورهای صنعتی,قیمت سافت استارتر در کنترل موتورهای صنعتی ؛ خرید سافت استارتر در کنترل موتورهای صنعتی,3,1763
https://pishtaj.ir/knowledge-center/soft-starter.html,kc,info,سافت استارتر (Soft Starter),قیمت سافت استارتر (Soft Starter) ؛ خرید سافت استارتر (Soft Starter),3,1708
https://pishtaj.ir/knowledge-center/sour-service-equipment-guide.html,kc,info,راهنمای تجهیزات سرویس اسیدی (Sour Service),قیمت تجهیزات سرویس اسیدی (Sour Service) ؛ خرید تجهیزات سرویس اسیدی (Sour Service),3,1747
https://pishtaj.ir/knowledge-center/ss304-ss316.html,kc,info,لوله استینلس استیل SS304 و SS316,قیمت لوله استینلس استیل SS304 و SS316 ؛ خرید لوله استینلس استیل SS304 و SS316,3,1725
https://pishtaj.ir/knowledge-center/stainless-steel-pipe-guide.html,kc,info,راهنمای لوله استینلس استیل (Stainless Steel Pipe),قیمت لوله استینلس استیل (Stainless Steel Pipe) ؛ خرید لوله استینلس استیل (Stainless Steel Pipe),3,1763
https://pishtaj.ir/knowledge-center/stainless-steel.html,kc,info,شیر Stainless Steel,قیمت شیر Stainless Steel ؛ خرید شیر Stainless Steel,3,1707
https://pishtaj.ir/knowledge-center/steam-control-valve-sizing-guide.html,kc,info,سایزینگ کنترل ولو بخار چیست؟ نکات انتخاب Steam Control Valve,قیمت سایزینگ کنترل ولو بخار چیست؟ نکات انتخاب Steam Control Valve ؛ خرید سایزینگ کنترل ولو بخار چیست؟ نکات انتخاب Steam Control Valve,3,1823
https://pishtaj.ir/knowledge-center/steam-system-equipment-guide.html,kc,info,راهنمای تجهیزات سیستم بخار صنعتی,قیمت تجهیزات سیستم بخار صنعتی ؛ خرید تجهیزات سیستم بخار صنعتی,3,1792
https://pishtaj.ir/knowledge-center/steel-industry-supply-guide.html,kc,info,راهنمای تامین تجهیزات صنایع فولاد,قیمت تامین تجهیزات صنایع فولاد ؛ خرید تامین تجهیزات صنایع فولاد,3,1741
https://pishtaj.ir/knowledge-center/surge-arrester.html,kc,info,رله برقگیر (Surge Arrester),قیمت رله برقگیر (Surge Arrester) ؛ خرید رله برقگیر (Surge Arrester),3,1706
https://pishtaj.ir/knowledge-center/temperature-transmitter-guide.html,kc,info,راهنمای ترانسمیتر دما,قیمت ترانسمیتر دما ؛ خرید ترانسمیتر دما,3,1667
https://pishtaj.ir/knowledge-center/thermal-mass-flowmeter.html,kc,info,فلومتر حرارتی (Thermal Mass Flowmeter),قیمت فلومتر حرارتی (Thermal Mass Flowmeter) ؛ خرید فلومتر حرارتی (Thermal Mass Flowmeter),3,1764
https://pishtaj.ir/knowledge-center/thermowell-guide.html,kc,info,راهنمای ترموول (Thermowell) در ابزار دقیق,قیمت ترموول (Thermowell) در ابزار دقیق ؛ خرید ترموول (Thermowell) در ابزار دقیق,3,1757
https://pishtaj.ir/knowledge-center/thermowell.html,kc,info,Thermowell (ترموول),قیمت Thermowell (ترموول) ؛ خرید Thermowell (ترموول),3,1698
https://pishtaj.ir/knowledge-center/third-party-inspection-guide.html,kc,info,راهنمای بازرسی شخص ثالث (TPI) در صنعت,قیمت بازرسی شخص ثالث (TPI) در صنعت ؛ خرید بازرسی شخص ثالث (TPI) در صنعت,3,1753
https://pishtaj.ir/knowledge-center/tilting-disc-check-valve.html,kc,info,راهنمای شیر Tilting Disc Check Valve,قیمت شیر Tilting Disc Check Valve ؛ خرید شیر Tilting Disc Check Valve,3,1770
https://pishtaj.ir/knowledge-center/transit-time-doppler.html,kc,info,فلومتر اولتراسونیک,قیمت فلومتر اولتراسونیک ؛ خرید فلومتر اولتراسونیک,3,1697
https://pishtaj.ir/knowledge-center/turbidity-meter.html,kc,info,راهنمای Turbidity Meter (کدورت سنج),قیمت Turbidity Meter (کدورت سنج) ؛ خرید Turbidity Meter (کدورت سنج),3,1698
https://pishtaj.ir/knowledge-center/ups-industrial-guide.html,kc,info,راهنمای UPS صنعتی,قیمت UPS صنعتی ؛ خرید UPS صنعتی,3,1759
https://pishtaj.ir/knowledge-center/ups-nicd-li-ion.html,kc,info,UPS باتری NiCd و Li-ion,قیمت UPS باتری NiCd و Li-ion ؛ خرید UPS باتری NiCd و Li-ion,3,1711
https://pishtaj.ir/knowledge-center/ups-online-line-interactive.html,kc,info,UPS صنعتی,قیمت UPS صنعتی ؛ خرید UPS صنعتی,3,1698
https://pishtaj.ir/knowledge-center/ut.html,kc,info,راهنمای تست UT لوله (فراصوت),قیمت تست UT لوله (فراصوت) ؛ خرید تست UT لوله (فراصوت),3,1707
https://pishtaj.ir/knowledge-center/valve-actuator-types-guide.html,kc,info,راهنمای انواع محرک (Actuator) در شیرآلات صنعتی,قیمت انواع محرک (Actuator) در شیرآلات صنعتی ؛ خرید انواع محرک (Actuator) در شیرآلات صنعتی,3,1808
https://pishtaj.ir/knowledge-center/valve-body-material-selection.html,kc,info,راهنمای انتخاب متریال بدنه شیرآلات صنعتی,قیمت متریال بدنه شیرآلات صنعتی ؛ خرید متریال بدنه شیرآلات صنعتی,3,1754
https://pishtaj.ir/knowledge-center/valve-brands-comparison-guide.html,kc,info,راهنمای مقایسه برندهای شیرآلات صنعتی,قیمت مقایسه برندهای شیرآلات صنعتی ؛ خرید مقایسه برندهای شیرآلات صنعتی,3,1748
https://pishtaj.ir/knowledge-center/valve-sealing-guide.html,kc,info,راهنمای آب‌بندی (Sealing) در شیرآلات صنعتی,قیمت آب‌بندی (Sealing) در شیرآلات صنعتی ؛ خرید آب‌بندی (Sealing) در شیرآلات صنعتی,3,1754
https://pishtaj.ir/knowledge-center/valve-seat-material-guide.html,kc,info,راهنمای مواد نشیمنگاه (Seat) در شیرآلات صنعتی,قیمت مواد نشیمنگاه (Seat) در شیرآلات صنعتی ؛ خرید مواد نشیمنگاه (Seat) در شیرآلات صنعتی,3,1760
https://pishtaj.ir/knowledge-center/valve-testing-guide.html,kc,info,راهنمای تست شیرآلات صنعتی,قیمت تست شیرآلات صنعتی ؛ خرید تست شیرآلات صنعتی,3,1758
https://pishtaj.ir/knowledge-center/vcb.html,kc,info,کلید وکیوم (VCB),قیمت کلید وکیوم (VCB) ؛ خرید کلید وکیوم (VCB),3,1764
https://pishtaj.ir/knowledge-center/vendor-qualification.html,kc,info,راهنمای تأیید صلاحیت تامین‌کننده (Vendor Qualification),قیمت تأیید صلاحیت تامین‌کننده (Vendor Qualification) ؛ خرید تأیید صلاحیت تامین‌کننده (Vendor Qualification),3,1699
https://pishtaj.ir/knowledge-center/vfd-variable-frequency-drive-guide.html,kc,info,راهنمای درایو فرکانس متغیر VFD صنعتی,قیمت درایو فرکانس متغیر VFD صنعتی ؛ خرید درایو فرکانس متغیر VFD صنعتی,3,1811
https://pishtaj.ir/knowledge-center/vfd.html,kc,info,درایو فرکانس متغیر VFD,قیمت درایو فرکانس متغیر VFD ؛ خرید درایو فرکانس متغیر VFD,3,1757
https://pishtaj.ir/knowledge-center/vortex-flowmeter.html,kc,info,فلومتر ورتکس (Vortex Flowmeter),قیمت فلومتر ورتکس (Vortex Flowmeter) ؛ خرید فلومتر ورتکس (Vortex Flowmeter),3,1810
https://pishtaj.ir/knowledge-center/wn-vs-so-flange-comparison.html,kc-compare,info,مقایسه فلنج گلودار (WN) و اسلیپ‌آن (SO),تفاوت فلنج گلودار (WN) و اسلیپ‌آن (SO),2,1756
https://pishtaj.ir/knowledge-center/yokogawa-eja.html,kc,info,ترانسمیتر فشار Yokogawa EJA,قیمت ترانسمیتر فشار Yokogawa EJA ؛ خرید ترانسمیتر فشار Yokogawa EJA,3,1701
https://pishtaj.ir/services/products/a333-low-temperature-pipe.html,products,transactional,خرید لوله دمای پایین ASTM A333 Gr.6,تامین لوله دمای پایین ASTM A333 Gr.6 ؛ قیمت لوله دمای پایین ASTM A333 Gr.6,3,1850
https://pishtaj.ir/services/products/air-cooler-fin-fan.html,products,transactional,خرید Air Cooler و Fin Fan مطابق API 661,تامین Air Cooler و Fin Fan مطابق API 661 ؛ قیمت Air Cooler و Fin Fan مطابق API 661,3,1803
https://pishtaj.ir/services/products/alloy-steel-pipe-a335.html,products,transactional,خرید لوله آلیاژی ASTM A335 P11/P22/P91,تامین لوله آلیاژی ASTM A335 P11/P22/P91 ؛ قیمت لوله آلیاژی ASTM A335 P11/P22/P91,3,1816
https://pishtaj.ir/services/products/ansi-process-pump.html,products,transactional,خرید پمپ ANSI Process مطابق ASME B73.1,تامین پمپ ANSI Process مطابق ASME B73.1 ؛ قیمت پمپ ANSI Process مطابق ASME B73.1,3,1856
https://pishtaj.ir/services/products/api-5l-pipe.html,products,transactional,خرید لوله API 5L PSL1/PSL2,تامین لوله API 5L PSL1/PSL2 ؛ قیمت لوله API 5L PSL1/PSL2,3,1900
https://pishtaj.ir/services/products/api-610-centrifugal-pump.html,products,transactional,خرید پمپ سانتریفیوژ API 610,تامین پمپ سانتریفیوژ API 610 ؛ قیمت پمپ سانتریفیوژ API 610,3,1919
https://pishtaj.ir/services/products/ball-valve.html,products,transactional,خرید بال ولو صنعتی API 6D,تامین بال ولو صنعتی API 6D ؛ قیمت بال ولو صنعتی API 6D,3,2096
https://pishtaj.ir/services/products/butt-weld-fittings.html,products,transactional,خرید فیتینگ جوشی ASME B16.9,تامین فیتینگ جوشی ASME B16.9 ؛ قیمت فیتینگ جوشی ASME B16.9,3,1845
https://pishtaj.ir/services/products/butterfly-valve.html,products,transactional,خرید باترفلای ولو API 609,تامین باترفلای ولو API 609 ؛ قیمت باترفلای ولو API 609,3,1942
https://pishtaj.ir/services/products/cable-accessories.html,products,transactional,خرید متعلقات کابل صنعتی؛ Cable Gland، Lug، Tray,تامین متعلقات کابل صنعتی؛ Cable Gland، Lug، Tray ؛ قیمت متعلقات کابل صنعتی؛ Cable Gland، Lug، Tray,3,1846
https://pishtaj.ir/services/products/check-valve.html,products,transactional,خرید چک ولو Swing، Dual Plate و Nozzle,تامین چک ولو Swing، Dual Plate و Nozzle ؛ قیمت چک ولو Swing، Dual Plate و Nozzle,3,1968
https://pishtaj.ir/services/products/chemical-injection-package.html,products,transactional,خرید پکیج تزریق مواد شیمیایی؛ Chemical Injection Skid,تامین پکیج تزریق مواد شیمیایی؛ Chemical Injection Skid ؛ قیمت پکیج تزریق مواد شیمیایی؛ Chemical Injection Skid,3,1774
https://pishtaj.ir/services/products/control-valve.html,products,transactional,خرید کنترل ولو IEC 60534,تامین کنترل ولو IEC 60534 ؛ قیمت کنترل ولو IEC 60534,3,1958
https://pishtaj.ir/services/products/coriolis-flowmeter.html,products,transactional,خرید فلومتر کوریولیس,تامین فلومتر کوریولیس ؛ قیمت فلومتر کوریولیس,3,1865
https://pishtaj.ir/services/products/deaerator-feedwater-system.html,products,transactional,خرید دی‌اریاتور و سیستم آب تغذیه بویلر,تامین دی‌اریاتور و سیستم آب تغذیه بویلر ؛ قیمت دی‌اریاتور و سیستم آب تغذیه بویلر,3,1892
https://pishtaj.ir/services/products/diaphragm-seal.html,products,transactional,خرید دیافراگم سیل و Remote Seal برای ترانسمیتر و گیج,تامین دیافراگم سیل و Remote Seal برای ترانسمیتر و گیج ؛ قیمت دیافراگم سیل و Remote Seal برای ترانسمیتر و گیج,3,1830
https://pishtaj.ir/services/products/differential-pressure-transmitter.html,products,transactional,خرید ترانسمیتر اختلاف فشار DP,تامین ترانسمیتر اختلاف فشار DP ؛ قیمت ترانسمیتر اختلاف فشار DP,3,1925
https://pishtaj.ir/services/products/displacer-level-transmitter.html,products,transactional,خرید ترانسمیتر سطح دیسپلیسری؛ Torque Tube و Cage Type,تامین ترانسمیتر سطح دیسپلیسری؛ Torque Tube و Cage Type ؛ قیمت ترانسمیتر سطح دیسپلیسری؛ Torque Tube و Cage Type,3,1738
https://pishtaj.ir/services/products/dosing-metering-pump.html,products,transactional,خرید دوزینگ پمپ API 675,تامین دوزینگ پمپ API 675 ؛ قیمت دوزینگ پمپ API 675,3,1857
https://pishtaj.ir/services/products/earthing-lightning-protection.html,products,transactional,خرید سیستم ارتینگ و حفاظت صاعقه؛ IEC 62305 و IEEE 80,تامین سیستم ارتینگ و حفاظت صاعقه؛ IEC 62305 و IEEE 80 ؛ قیمت سیستم ارتینگ و حفاظت صاعقه؛ IEC 62305 و IEEE 80,3,1756
https://pishtaj.ir/services/products/expansion-joints-flexible-hose.html,products,transactional,خرید اکسپنشن جوینت فلزی و Flexible Metal Hose,تامین اکسپنشن جوینت فلزی و Flexible Metal Hose ؛ قیمت اکسپنشن جوینت فلزی و Flexible Metal Hose,3,1749
https://pishtaj.ir/services/products/explosion-proof-lighting.html,products,transactional,خرید چراغ ضدانفجار LED؛ ATEX، IECEx، Zone 1/2,تامین چراغ ضدانفجار LED؛ ATEX، IECEx، Zone 1/2 ؛ قیمت چراغ ضدانفجار LED؛ ATEX، IECEx، Zone 1/2,3,1781
https://pishtaj.ir/services/products/fire-alarm-fg-panel.html,products,transactional,خرید پنل اعلام حریق و Fire & Gas صنعتی؛ EN 54، NFPA 72,تامین پنل اعلام حریق و Fire & Gas صنعتی؛ EN 54، NFPA 72 ؛ قیمت پنل اعلام حریق و Fire & Gas صنعتی؛ EN 54، NFPA 72,3,1753
https://pishtaj.ir/services/products/fire-suppression-system.html,products,transactional,خرید سیستم اطفای حریق Clean Agent، CO2، Foam و Water Mist,تامین سیستم اطفای حریق Clean Agent، CO2، Foam و Water Mist ؛ قیمت سیستم اطفای حریق Clean Agent، CO2، Foam و Water Mist,3,1772
https://pishtaj.ir/services/products/fire-tube-boiler.html,products,transactional,خرید بویلر فایرتیوب صنعتی؛ Packaged Steam Boiler,تامین بویلر فایرتیوب صنعتی؛ Packaged Steam Boiler ؛ قیمت بویلر فایرتیوب صنعتی؛ Packaged Steam Boiler,3,1745
https://pishtaj.ir/services/products/fixed-gas-detector.html,products,transactional,خرید دتکتور گاز ثابت صنعتی؛ H2S، LEL، O2، CO,تامین دتکتور گاز ثابت صنعتی؛ H2S، LEL، O2، CO ؛ قیمت دتکتور گاز ثابت صنعتی؛ H2S، LEL، O2، CO,3,1841
https://pishtaj.ir/services/products/flowmeter.html,products,transactional,خرید فلومتر صنعتی,تامین فلومتر صنعتی ؛ قیمت فلومتر صنعتی,3,1995
https://pishtaj.ir/services/products/forged-fittings.html,products,transactional,خرید فیتینگ فورج ASME B16.11؛ Socket Weld و Threaded,تامین فیتینگ فورج ASME B16.11؛ Socket Weld و Threaded ؛ قیمت فیتینگ فورج ASME B16.11؛ Socket Weld و Threaded,3,1830
https://pishtaj.ir/services/products/gate-valve.html,products,transactional,خرید گیت ولو API 600 و API 602,تامین گیت ولو API 600 و API 602 ؛ قیمت گیت ولو API 600 و API 602,3,2015
https://pishtaj.ir/services/products/globe-valve.html,products,transactional,خرید گلوب ولو صنعتی API 623,تامین گلوب ولو صنعتی API 623 ؛ قیمت گلوب ولو صنعتی API 623,3,2002
https://pishtaj.ir/services/products/hazardous-area-cctv-access-control.html,products,transactional,خرید CCTV ضدانفجار و Access Control صنعتی,تامین CCTV ضدانفجار و Access Control صنعتی ؛ قیمت CCTV ضدانفجار و Access Control صنعتی,3,1778
https://pishtaj.ir/services/products/,products-hub,commercial,محصولات و تجهیزات صنعتی قابل تامین,,1,2968
https://pishtaj.ir/services/products/industrial-burner.html,products,transactional,خرید مشعل صنعتی؛ Gas/Oil/Dual Fuel Burner و BMS,تامین مشعل صنعتی؛ Gas/Oil/Dual Fuel Burner و BMS ؛ قیمت مشعل صنعتی؛ Gas/Oil/Dual Fuel Burner و BMS,3,1829
https://pishtaj.ir/services/products/industrial-circuit-breakers.html,products,transactional,خرید کلید صنعتی ACB MCCB VCB,تامین کلید صنعتی ACB MCCB VCB ؛ قیمت کلید صنعتی ACB MCCB VCB,3,1919
https://pishtaj.ir/services/products/industrial-fan-blower.html,products,transactional,خرید فن و بلوور صنعتی؛ Centrifugal Fan، ID/FD Fan,تامین فن و بلوور صنعتی؛ Centrifugal Fan، ID/FD Fan ؛ قیمت فن و بلوور صنعتی؛ Centrifugal Fan، ID/FD Fan,3,1790
https://pishtaj.ir/services/products/industrial-gaskets.html,products,transactional,خرید گسکت صنعتی,تامین گسکت صنعتی ؛ قیمت گسکت صنعتی,3,1815
https://pishtaj.ir/services/products/industrial-hvac-pressurization.html,products,transactional,خرید HVAC صنعتی و Pressurization اتاق کنترل,تامین HVAC صنعتی و Pressurization اتاق کنترل ؛ قیمت HVAC صنعتی و Pressurization اتاق کنترل,3,1763
https://pishtaj.ir/services/products/industrial-power-instrument-cable.html,products,transactional,خرید کابل قدرت و ابزار دقیق صنعتی؛ XLPE، Armored، Shielded,تامین کابل قدرت و ابزار دقیق صنعتی؛ XLPE، Armored، Shielded ؛ قیمت کابل قدرت و ابزار دقیق صنعتی؛ XLPE، Armored، Shielded,3,1857
https://pishtaj.ir/services/products/industrial-strainer-filter.html,products,transactional,خرید Y Strainer، Basket Strainer و فیلتر صنعتی,تامین Y Strainer، Basket Strainer و فیلتر صنعتی ؛ قیمت Y Strainer، Basket Strainer و فیلتر صنعتی,3,1769
https://pishtaj.ir/services/products/industrial-ups-battery-charger.html,products,transactional,خرید UPS صنعتی و شارژر باتری؛ AC/DC Backup Power,تامین UPS صنعتی و شارژر باتری؛ AC/DC Backup Power ؛ قیمت UPS صنعتی و شارژر باتری؛ AC/DC Backup Power,3,1843
https://pishtaj.ir/services/products/instrument-air-package.html,products,transactional,خرید پکیج Instrument Air؛ کمپرسور، درایر، فیلتر و Receiver,تامین پکیج Instrument Air؛ کمپرسور، درایر، فیلتر و Receiver ؛ قیمت پکیج Instrument Air؛ کمپرسور، درایر، فیلتر و Receiver,3,1767
https://pishtaj.ir/services/products/lv-mv-switchgear.html,products,transactional,خرید تابلو برق LV/MV,تامین تابلو برق LV/MV ؛ قیمت تابلو برق LV/MV,3,1799
https://pishtaj.ir/services/products/magnetic-flowmeter.html,products,transactional,خرید فلومتر مغناطیسی Magmeter,تامین فلومتر مغناطیسی Magmeter ؛ قیمت فلومتر مغناطیسی Magmeter,3,1862
https://pishtaj.ir/services/products/mechanical-seal.html,products,transactional,خرید مکانیکال سیل صنعتی API 682 برای پمپ,تامین مکانیکال سیل صنعتی API 682 برای پمپ ؛ قیمت مکانیکال سیل صنعتی API 682 برای پمپ,3,1762
https://pishtaj.ir/services/products/mixer-agitator.html,products,transactional,خرید میکسر و آگیتاتور صنعتی؛ Top Entry، Side Entry و High Sh,تامین میکسر و آگیتاتور صنعتی؛ Top Entry، Side Entry و High Sh ؛ قیمت میکسر و آگیتاتور صنعتی؛ Top Entry، Side Entry و High Sh,3,1774
https://pishtaj.ir/services/products/motor-control-center-mcc.html,products,transactional,خرید تابلو MCC مرکز کنترل موتور IEC 61439 / NEMA ICS 18,تامین تابلو MCC مرکز کنترل موتور IEC 61439 / NEMA ICS 18 ؛ قیمت تابلو MCC مرکز کنترل موتور IEC 61439 / NEMA ICS 18,3,1831
https://pishtaj.ir/services/products/online-water-quality-analyzer.html,products,transactional,خرید آنالایزر آنلاین کیفیت آب؛ pH، Conductivity، Turbidity،,تامین آنالایزر آنلاین کیفیت آب؛ pH، Conductivity، Turbidity، ؛ قیمت آنالایزر آنلاین کیفیت آب؛ pH، Conductivity، Turbidity،,3,1771
https://pishtaj.ir/services/products/orifice-plate-flowmeter.html,products,transactional,خرید Orifice Plate Flowmeter مطابق ISO 5167,تامین Orifice Plate Flowmeter مطابق ISO 5167 ؛ قیمت Orifice Plate Flowmeter مطابق ISO 5167,3,1861
https://pishtaj.ir/services/products/pipe-supports-spring-hangers.html,products,transactional,خرید ساپورت پایپینگ، Spring Hanger و Pipe Shoe,تامین ساپورت پایپینگ، Spring Hanger و Pipe Shoe ؛ قیمت ساپورت پایپینگ، Spring Hanger و Pipe Shoe,3,1734
https://pishtaj.ir/services/products/plate-heat-exchanger.html,products,transactional,خرید مبدل حرارتی صفحه‌ای Gasketed و Brazed,تامین مبدل حرارتی صفحه‌ای Gasketed و Brazed ؛ قیمت مبدل حرارتی صفحه‌ای Gasketed و Brazed,3,1748
https://pishtaj.ir/services/products/plc-control-panel.html,products,transactional,خرید تابلو کنترل PLC، I/O، HMI و تجهیزات اتوماسیون صنعتی,تامین تابلو کنترل PLC، I/O، HMI و تجهیزات اتوماسیون صنعتی ؛ قیمت تابلو کنترل PLC، I/O، HMI و تجهیزات اتوماسیون صنعتی,3,1842
https://pishtaj.ir/services/products/positive-displacement-pump.html,products,transactional,خرید پمپ جابجایی مثبت؛ Screw، Gear و Lobe Pump,تامین پمپ جابجایی مثبت؛ Screw، Gear و Lobe Pump ؛ قیمت پمپ جابجایی مثبت؛ Screw، Gear و Lobe Pump,3,1785
https://pishtaj.ir/services/products/power-transformer.html,products,transactional,خرید ترانسفورماتور توزیع و قدرت,تامین ترانسفورماتور توزیع و قدرت ؛ قیمت ترانسفورماتور توزیع و قدرت,3,1814
https://pishtaj.ir/services/products/pressure-gauge.html,products,transactional,خرید گیج فشار صنعتی؛ Safety Pattern مطابق ASME B40.100,تامین گیج فشار صنعتی؛ Safety Pattern مطابق ASME B40.100 ؛ قیمت گیج فشار صنعتی؛ Safety Pattern مطابق ASME B40.100,3,1820
https://pishtaj.ir/services/products/pressure-transmitter.html,products,transactional,خرید ترانسمیتر فشار صنعتی,تامین ترانسمیتر فشار صنعتی ؛ قیمت ترانسمیتر فشار صنعتی,3,1916
https://pishtaj.ir/services/products/pressure-vessel.html,products,transactional,خرید مخزن تحت فشار ASME,تامین مخزن تحت فشار ASME ؛ قیمت مخزن تحت فشار ASME,3,1846
https://pishtaj.ir/services/products/process-gas-analyzer-system.html,products,transactional,خرید سیستم آنالایزر گاز فرایندی؛ Extractive و In-situ,تامین سیستم آنالایزر گاز فرایندی؛ Extractive و In-situ ؛ قیمت سیستم آنالایزر گاز فرایندی؛ Extractive و In-situ,3,1818
https://pishtaj.ir/services/products/psv-prv-safety-valve.html,products,transactional,خرید PSV و Safety Valve,تامین PSV و Safety Valve ؛ قیمت PSV و Safety Valve,3,2093
https://pishtaj.ir/services/products/radar-level-transmitter.html,products,transactional,خرید رادار لول ترانسمیتر,تامین رادار لول ترانسمیتر ؛ قیمت رادار لول ترانسمیتر,3,1871
https://pishtaj.ir/services/products/reciprocating-compressor.html,products,transactional,خرید کمپرسور رفت‌وبرگشتی API 618 برای گاز فرایندی,تامین کمپرسور رفت‌وبرگشتی API 618 برای گاز فرایندی ؛ قیمت کمپرسور رفت‌وبرگشتی API 618 برای گاز فرایندی,3,1871
https://pishtaj.ir/services/products/rosemount-3051.html,products,transactional,خرید ترانسمیتر فشار Rosemount 3051,تامین ترانسمیتر فشار Rosemount 3051 ؛ قیمت ترانسمیتر فشار Rosemount 3051,3,1991
https://pishtaj.ir/services/products/screw-compressor.html,products,transactional,خرید کمپرسور اسکرو صنعتی,تامین کمپرسور اسکرو صنعتی ؛ قیمت کمپرسور اسکرو صنعتی,3,1875
https://pishtaj.ir/services/products/seamless-pipe.html,products,transactional,خرید لوله مانیسمان ASTM A106,تامین لوله مانیسمان ASTM A106 ؛ قیمت لوله مانیسمان ASTM A106,3,1881
https://pishtaj.ir/services/products/shell-tube-heat-exchanger.html,products,transactional,خرید مبدل حرارتی Shell & Tube,تامین مبدل حرارتی Shell & Tube ؛ قیمت مبدل حرارتی Shell & Tube,3,1911
https://pishtaj.ir/services/products/slurry-pump.html,products,transactional,خرید پمپ اسلاری؛ Slurry Pump معدنی و صنعتی,تامین پمپ اسلاری؛ Slurry Pump معدنی و صنعتی ؛ قیمت پمپ اسلاری؛ Slurry Pump معدنی و صنعتی,3,1759
https://pishtaj.ir/services/products/stainless-steel-pipe.html,products,transactional,خرید لوله استنلس استیل ASTM A312 TP304/TP316,تامین لوله استنلس استیل ASTM A312 TP304/TP316 ؛ قیمت لوله استنلس استیل ASTM A312 TP304/TP316,3,1846
https://pishtaj.ir/services/products/steam-trap.html,products,transactional,خرید تله بخار صنعتی,تامین تله بخار صنعتی ؛ قیمت تله بخار صنعتی,3,1853
https://pishtaj.ir/services/products/stud-bolts-nuts.html,products,transactional,خرید استادبولت ASTM A193 B7/B8 و مهره A194 2H,تامین استادبولت ASTM A193 B7/B8 و مهره A194 2H ؛ قیمت استادبولت ASTM A193 B7/B8 و مهره A194 2H,3,1828
https://pishtaj.ir/services/products/temperature-transmitter.html,products,transactional,خرید ترانسمیتر دما؛ Head Mount، Field Mount و Rail Mount,تامین ترانسمیتر دما؛ Head Mount، Field Mount و Rail Mount ؛ قیمت ترانسمیتر دما؛ Head Mount، Field Mount و Rail Mount,3,1784
https://pishtaj.ir/services/products/thermal-mass-flowmeter.html,products,transactional,خرید فلومتر جرمی حرارتی برای هوای فشرده و گاز,تامین فلومتر جرمی حرارتی برای هوای فشرده و گاز ؛ قیمت فلومتر جرمی حرارتی برای هوای فشرده و گاز,3,1764
https://pishtaj.ir/services/products/thermowell.html,products,transactional,خرید ترموول صنعتی؛ Flanged، Threaded و Weld-in,تامین ترموول صنعتی؛ Flanged، Threaded و Weld-in ؛ قیمت ترموول صنعتی؛ Flanged، Threaded و Weld-in,3,1751
https://pishtaj.ir/services/products/ultrasonic-flowmeter.html,products,transactional,خرید فلومتر التراسونیک Clamp-on و Inline,تامین فلومتر التراسونیک Clamp-on و Inline ؛ قیمت فلومتر التراسونیک Clamp-on و Inline,3,1838
https://pishtaj.ir/services/products/valve-actuator.html,products,transactional,خرید اکچویتور ولو,تامین اکچویتور ولو ؛ قیمت اکچویتور ولو,3,1990
https://pishtaj.ir/services/products/vertical-multistage-pump.html,products,transactional,خرید پمپ طبقاتی عمودی؛ Vertical Multistage Pump,تامین پمپ طبقاتی عمودی؛ Vertical Multistage Pump ؛ قیمت پمپ طبقاتی عمودی؛ Vertical Multistage Pump,3,1774
https://pishtaj.ir/services/products/vfd-soft-starter.html,products,transactional,خرید VFD و Soft Starter,تامین VFD و Soft Starter ؛ قیمت VFD و Soft Starter,3,1833
https://pishtaj.ir/services/products/vortex-flowmeter.html,products,transactional,خرید فلومتر ورتکس,تامین فلومتر ورتکس ؛ قیمت فلومتر ورتکس,3,1822
https://pishtaj.ir/services/products/water-tube-boiler.html,products,transactional,خرید بویلر واترتیوب صنعتی؛ بخار فشار و ظرفیت بالا,تامین بویلر واترتیوب صنعتی؛ بخار فشار و ظرفیت بالا ؛ قیمت بویلر واترتیوب صنعتی؛ بخار فشار و ظرفیت بالا,3,1800
https://pishtaj.ir/services/products/welding-flanges.html,products,transactional,خرید فلنج صنعتی ASME B16.5,تامین فلنج صنعتی ASME B16.5 ؛ قیمت فلنج صنعتی ASME B16.5,3,1844
https://pishtaj.ir/services/electrical-supply.html,services,commercial,تامین تجهیزات برق صنعتی,شرکت برق صنعتی,2,400
https://pishtaj.ir/services/,services,commercial,خدمات تخصصی تامین تجهیزات صنعتی,شرکت خدمات تخصصی تامین تجهیزات صنعتی,2,484
https://pishtaj.ir/services/inspection-quality.html,services,commercial,خدمات بازرسی فنی و تضمین کیفیت,شرکت خدمات بازرسی فنی و تضمین کیفیت,2,433
https://pishtaj.ir/services/instrumentation-supply.html,services,commercial,تامین تجهیزات ابزار دقیق,شرکت ابزار دقیق,2,394
https://pishtaj.ir/services/piping-supply.html,services,commercial,تامین تجهیزات پایپینگ,شرکت پایپینگ,2,571
https://pishtaj.ir/services/procurement-logistics.html,services,commercial,خدمات تامین، لجستیک و مدیریت زنجیره تامین صنعتی,شرکت خدمات تامین، لجستیک و مدیریت زنجیره تامین صنعتی,2,382
https://pishtaj.ir/services/valves-supply.html,services,commercial,تامین شیرآلات صنعتی,شرکت شیرآلات صنعتی,2,511
https://pishtaj.ir/services/boilers/,services,commercial,تامین بویلر و تجهیزات بخار صنعتی,شرکت بویلر و تجهیزات بخار صنعتی,2,1352
https://pishtaj.ir/services/compressors/,services,commercial,تامین کمپرسور صنعتی,شرکت کمپرسور صنعتی,2,1353
https://pishtaj.ir/services/electrical-equipment/,services,commercial,تامین تجهیزات برق صنعتی,شرکت برق صنعتی,2,1455
https://pishtaj.ir/services/industrial-equipment/,services,commercial,تامین تجهیزات صنعتی متفرقه,شرکت صنعتی متفرقه,2,1447
https://pishtaj.ir/services/instrumentation-equipment/,services,commercial,تامین ابزار دقیق، ترانسمیتر و فلومتر,شرکت ابزار دقیق، ترانسمیتر و فلومتر,2,1936
https://pishtaj.ir/services/piping-equipment/,services,commercial,تامین تجهیزات پایپینگ، لوله، فلنج و فیتینگ,شرکت پایپینگ، لوله، فلنج و فیتینگ,2,2155
https://pishtaj.ir/services/pumps/,services,commercial,تامین پمپ صنعتی,شرکت پمپ صنعتی,2,1564
https://pishtaj.ir/services/transmitters-guide/,services,commercial,راهنمای جامع ترانسمیترهای صنعتی,شرکت جامع ترانسمیترهای صنعتی,2,418
https://pishtaj.ir/services/valves-guide/,services,commercial,راهنمای جامع شیرآلات صنعتی (Valves),شرکت جامع شیرآلات صنعتی (Valves),2,645
https://pishtaj.ir/suppliers/cement-supplier.html,suppliers,commercial,تامین‌کننده تجهیزات صنایع سیمان,شرکت تامین تجهیزات صنایع سیمان ؛ لیست تامین‌کنندگان تجهیزات صنایع سیمان,3,869
https://pishtaj.ir/suppliers/compressor-supplier.html,suppliers,commercial,تامین‌کننده کمپرسور صنعتی,شرکت تامین کمپرسور صنعتی ؛ لیست تامین‌کنندگان کمپرسور صنعتی,3,834
https://pishtaj.ir/suppliers/electrical-supplier.html,suppliers,commercial,تامین‌کننده تجهیزات برق صنعتی,شرکت تامین تجهیزات برق صنعتی ؛ لیست تامین‌کنندگان تجهیزات برق صنعتی,3,790
https://pishtaj.ir/suppliers/epc-project-supply.html,suppliers,commercial,تامین کالای پروژه EPC,شرکت تامین کالای پروژه EPC ؛ لیست تامین‌کنندگان کالای پروژه EPC,3,906
https://pishtaj.ir/suppliers/fittings-supplier.html,suppliers,commercial,تامین‌کننده اتصالات صنعتی,شرکت تامین اتصالات صنعتی ؛ لیست تامین‌کنندگان اتصالات صنعتی,3,615
https://pishtaj.ir/suppliers/flange-supplier.html,suppliers,commercial,تامین‌کننده فلنج صنعتی,شرکت تامین فلنج صنعتی ؛ لیست تامین‌کنندگان فلنج صنعتی,3,722
https://pishtaj.ir/suppliers/gasket-supplier.html,suppliers,commercial,تامین‌کننده گسکت صنعتی,شرکت تامین گسکت صنعتی ؛ لیست تامین‌کنندگان گسکت صنعتی,3,620
https://pishtaj.ir/suppliers/,suppliers-hub,commercial,تامین‌کننده تجهیزات صنعتی,شرکت تامین تجهیزات صنعتی,2,503
https://pishtaj.ir/suppliers/industrial-import.html,suppliers,commercial,واردات تجهیزات صنعتی,شرکت تامین واردات تجهیزات صنعتی ؛ لیست تامین‌کنندگان واردات تجهیزات صنعتی,3,903
https://pishtaj.ir/suppliers/industrial-projects-supplier.html,suppliers,commercial,تامین‌کننده پروژه‌های صنعتی,شرکت تامین پروژه‌های صنعتی ؛ لیست تامین‌کنندگان پروژه‌های صنعتی,3,1007
https://pishtaj.ir/suppliers/instrumentation-supplier.html,suppliers,commercial,تامین‌کننده تجهیزات ابزار دقیق,شرکت تامین تجهیزات ابزار دقیق ؛ لیست تامین‌کنندگان تجهیزات ابزار دقیق,3,771
https://pishtaj.ir/suppliers/petrochemical-equipment-supplier.html,suppliers,commercial,تامین‌کننده تجهیزات پتروشیمی,شرکت تامین تجهیزات پتروشیمی ؛ لیست تامین‌کنندگان تجهیزات پتروشیمی,3,758
https://pishtaj.ir/suppliers/petrochemical-valve-supplier.html,suppliers,commercial,تامین‌کننده شیرآلات پتروشیمی,شرکت تامین شیرآلات پتروشیمی ؛ لیست تامین‌کنندگان شیرآلات پتروشیمی,3,644
https://pishtaj.ir/suppliers/pipe-supplier.html,suppliers,commercial,تامین‌کننده لوله صنعتی,شرکت تامین لوله صنعتی ؛ لیست تامین‌کنندگان لوله صنعتی,3,672
https://pishtaj.ir/suppliers/piping-supplier.html,suppliers,commercial,تامین‌کننده پایپینگ,شرکت تامین پایپینگ ؛ لیست تامین‌کنندگان پایپینگ,3,940
https://pishtaj.ir/suppliers/power-plant-supplier.html,suppliers,commercial,تامین‌کننده تجهیزات نیروگاهی,شرکت تامین تجهیزات نیروگاهی ؛ لیست تامین‌کنندگان تجهیزات نیروگاهی,3,878
https://pishtaj.ir/suppliers/pump-supplier.html,suppliers,commercial,تامین‌کننده پمپ صنعتی,شرکت تامین پمپ صنعتی ؛ لیست تامین‌کنندگان پمپ صنعتی,3,836
https://pishtaj.ir/suppliers/refinery-supplier.html,suppliers,commercial,تامین‌کننده تجهیزات پالایشگاهی,شرکت تامین تجهیزات پالایشگاهی ؛ لیست تامین‌کنندگان تجهیزات پالایشگاهی,3,864
https://pishtaj.ir/suppliers/steel-supplier.html,suppliers,commercial,تامین‌کننده تجهیزات صنایع فولاد,شرکت تامین تجهیزات صنایع فولاد ؛ لیست تامین‌کنندگان تجهیزات صنایع فولاد,3,868
https://pishtaj.ir/suppliers/valve-supplier.html,suppliers,commercial,تامین‌کننده شیرآلات صنعتی,شرکت تامین شیرآلات صنعتی ؛ لیست تامین‌کنندگان شیرآلات صنعتی,3,902
https://pishtaj.ir/suppliers/vcb-supplier.html,suppliers,commercial,تامین‌کننده وکیوم سیرکت بریکر (VCB),شرکت تامین وکیوم سیرکت بریکر (VCB) ؛ لیست تامین‌کنندگان وکیوم سیرکت بریکر (VCB),3,643
https://pishtaj.ir/brands/abb-industrial.html,brands,commercial,تامین و سورسینگ ABB صنعتی,قیمت محصولات ABB صنعتی ؛ خرید ABB صنعتی در ایران,3,1713
https://pishtaj.ir/brands/atlas-copco-compressed-air.html,brands,commercial,تامین و سورسینگ اطلس کوپکو Atlas Copco,قیمت محصولات اطلس کوپکو Atlas Copco ؛ خرید اطلس کوپکو Atlas Copco در ایران,3,1706
https://pishtaj.ir/brands/eaton-crouse-hinds.html,brands,commercial,تامین تجهیزات Eaton Crouse-Hinds,قیمت محصولات Eaton Crouse-Hinds ؛ خرید Eaton Crouse-Hinds در ایران,3,1742
https://pishtaj.ir/brands/emerson-rosemount.html,brands,commercial,تامین و سورسینگ امرسون / روزمونت,قیمت محصولات امرسون / روزمونت ؛ خرید امرسون / روزمونت در ایران,3,1720
https://pishtaj.ir/brands/endress-hauser.html,brands,commercial,تامین و سورسینگ اندرس هاوزر Endress+Hauser,قیمت محصولات اندرس هاوزر Endress+Hauser ؛ خرید اندرس هاوزر Endress+Hauser در ایران,3,1709
https://pishtaj.ir/brands/fisher-samson-control-valves.html,brands,commercial,تامین و سورسینگ کنترل ولو Fisher و SAMSON,قیمت محصولات کنترل ولو Fisher و SAMSON ؛ خرید کنترل ولو Fisher و SAMSON در ایران,3,1799
https://pishtaj.ir/brands/flexitallic-gaskets.html,brands,commercial,تامین و سورسینگ فلکسیتالیک Flexitallic,قیمت محصولات فلکسیتالیک Flexitallic ؛ خرید فلکسیتالیک Flexitallic در ایران,3,1741
https://pishtaj.ir/brands/galperti-flanges.html,brands,commercial,تامین و سورسینگ گالپرتی Galperti,قیمت محصولات گالپرتی Galperti ؛ خرید گالپرتی Galperti در ایران,3,1725
https://pishtaj.ir/brands/grundfos-pumps.html,brands,commercial,تامین و سورسینگ گراندفوس Grundfos,قیمت محصولات گراندفوس Grundfos ؛ خرید گراندفوس Grundfos در ایران,3,1740
https://pishtaj.ir/brands/,brands-hub,commercial,برندهای تجهیزات صنعتی,,1,531
https://pishtaj.ir/brands/kitz-valves.html,brands,commercial,تامین و سورسینگ شیرآلات KITZ,قیمت محصولات شیرآلات KITZ ؛ خرید شیرآلات KITZ در ایران,3,1721
https://pishtaj.ir/brands/krohne-instrumentation.html,brands,commercial,تامین و سورسینگ کرونه KROHNE,قیمت محصولات کرونه KROHNE ؛ خرید کرونه KROHNE در ایران,3,1722
https://pishtaj.ir/brands/omron-automation.html,brands,commercial,تامین و سورسینگ امرون Omron Automation,قیمت محصولات امرون Omron Automation ؛ خرید امرون Omron Automation در ایران,3,1750
https://pishtaj.ir/brands/phoenix-contact.html,brands,commercial,تامین و سورسینگ فونیکس کنتاکت Phoenix Contact,قیمت محصولات فونیکس کنتاکت Phoenix Contact ؛ خرید فونیکس کنتاکت Phoenix Contact در ایران,3,1750
https://pishtaj.ir/brands/schneider-electric.html,brands,commercial,تامین و سورسینگ اشنایدر الکتریک Schneider Electric,قیمت محصولات اشنایدر الکتریک Schneider Electric ؛ خرید اشنایدر الکتریک Schneider Electric در ایران,3,1723
https://pishtaj.ir/brands/siemens-industrial.html,brands,commercial,تامین و سورسینگ زیمنس صنعتی,قیمت محصولات زیمنس صنعتی ؛ خرید زیمنس صنعتی در ایران,3,1718
https://pishtaj.ir/brands/spirax-sarco-steam.html,brands,commercial,تامین و سورسینگ اسپیرکس سارکو Spirax Sarco,قیمت محصولات اسپیرکس سارکو Spirax Sarco ؛ خرید اسپیرکس سارکو Spirax Sarco در ایران,3,1728
https://pishtaj.ir/brands/tenaris-pipes.html,brands,commercial,تامین و سورسینگ تناریس Tenaris,قیمت محصولات تناریس Tenaris ؛ خرید تناریس Tenaris در ایران,3,1779
https://pishtaj.ir/brands/vallourec-pipes.html,brands,commercial,تامین و سورسینگ والورک Vallourec,قیمت محصولات والورک Vallourec ؛ خرید والورک Vallourec در ایران,3,1688
https://pishtaj.ir/brands/wika-instrumentation.html,brands,commercial,تامین و سورسینگ ویکا WIKA,قیمت محصولات ویکا WIKA ؛ خرید ویکا WIKA در ایران,3,1765
https://pishtaj.ir/brands/yokogawa-industrial.html,brands,commercial,تامین و سورسینگ یوکوگاوا Yokogawa,قیمت محصولات یوکوگاوا Yokogawa ؛ خرید یوکوگاوا Yokogawa در ایران,3,1708
https://pishtaj.ir/comparisons/a106-vs-a333-pipe.html,compare,info,مقایسه لوله ASTM A106 و A333,تفاوت لوله ASTM A106 و A333 ؛ لوله ASTM A106 بهتر است یا A333,3,1792
https://pishtaj.ir/comparisons/ball-vs-butterfly-valve.html,compare,info,مقایسه شیر توپی (Ball) و پروانه‌ای (Butterfly),تفاوت شیر توپی (Ball) و پروانه‌ای (Butterfly) ؛ شیر توپی (Ball) بهتر است یا پروانه‌ای (Butterfly),3,1511
https://pishtaj.ir/comparisons/gate-vs-globe-valve.html,compare,info,مقایسه شیر دروازه‌ای (Gate) و کروی (Globe),تفاوت شیر دروازه‌ای (Gate) و کروی (Globe) ؛ شیر دروازه‌ای (Gate) بهتر است یا کروی (Globe),3,1543
https://pishtaj.ir/comparisons/,compare-hub,info,مقایسه تجهیزات صنعتی,,1,341
https://pishtaj.ir/comparisons/magmeter-vs-coriolis-flowmeter.html,compare,info,مقایسه فلومتر مغناطیسی (Magmeter) و کوریولیس (Coriolis),تفاوت فلومتر مغناطیسی (Magmeter) و کوریولیس (Coriolis) ؛ فلومتر مغناطیسی (Magmeter) بهتر است یا کوریولیس (Coriolis),3,1539
https://pishtaj.ir/comparisons/nace-mr0175-vs-mr0103.html,compare,info,مقایسه NACE MR0175 و MR0103,تفاوت NACE MR0175 و MR0103 ؛ NACE MR0175 بهتر است یا MR0103,3,1554
https://pishtaj.ir/comparisons/rosemount-vs-yokogawa-transmitter.html,compare,info,مقایسه ترانسمیتر Rosemount و Yokogawa,تفاوت ترانسمیتر Rosemount و Yokogawa ؛ ترانسمیتر Rosemount بهتر است یا Yokogawa,3,1522
https://pishtaj.ir/comparisons/seamless-vs-erw-pipe.html,compare,info,مقایسه لوله مانیسمان (Seamless) و درزدار (ERW),تفاوت لوله مانیسمان (Seamless) و درزدار (ERW) ؛ لوله مانیسمان (Seamless) بهتر است یا درزدار (ERW),3,1519
https://pishtaj.ir/comparisons/vcb-vs-acb-switchgear.html,compare,info,مقایسه کلید VCB (وکیوم) و ACB (هوایی),تفاوت کلید VCB (وکیوم) و ACB (هوایی) ؛ کلید VCB (وکیوم) بهتر است یا ACB (هوایی),3,1535
https://pishtaj.ir/comparisons/vfd-vs-soft-starter.html,compare,info,مقایسه VFD و Soft Starter برای موتور الکتریکی,تفاوت VFD و Soft Starter برای موتور الکتریکی ؛ VFD بهتر است یا Soft Starter برای موتور الکتریکی,3,1537
https://pishtaj.ir/comparisons/wn-vs-so-flange.html,compare,info,مقایسه فلنج Weld Neck (WN) و Slip On (SO),تفاوت فلنج Weld Neck (WN) و Slip On (SO) ؛ فلنج Weld Neck (WN) بهتر است یا Slip On (SO),3,1618
https://pishtaj.ir/industries/cement/,industries,info,تامین تجهیزات کارخانه سیمان,,1,1096
https://pishtaj.ir/industries/oil-gas/,industries,info,تامین تجهیزات نفت و گاز برای پروژه‌های EPC,,1,1526
https://pishtaj.ir/industries/petrochemical/,industries,info,تجهیزات صنعت پتروشیمی؛ راهنمای تامین واحدهای الفین و آروماتیک,تامین تجهیزات صنعت پتروشیمی؛ راهنمای تامین واحدهای الفین و آروماتیک,2,1445
https://pishtaj.ir/industries/power-plant/,industries,info,تامین تجهیزات نیروگاهی,,1,1152
https://pishtaj.ir/industries/steel/,industries,info,تامین تجهیزات صنعت فولاد,,1,1052
https://pishtaj.ir/industries/water/,industries,info,تامین تجهیزات صنعت آب و فاضلاب,,1,1150
https://pishtaj.ir/blog/a106-vs-a333-pipes.html,blog,info,مقایسه کامل لوله A106 در مقابل A333,,1,1219
https://pishtaj.ir/blog/ball-valve-selection-guide.html,blog,info,راهنمای انتخاب شیر توپی (Ball Valve),,1,1328
https://pishtaj.ir/blog/electrical-switchgear-guide.html,blog,info,راهنمای تجهیزات برق صنعتی و سوئیچگیر,,1,1354
https://pishtaj.ir/blog/flange-types-guide.html,blog,info,راهنمای جامع انواع فلنج صنعتی,,1,1457
https://pishtaj.ir/blog/gas-detection.html,blog,info,راهنمای جامع سیستم‌های تشخیص گاز صنعتی (Gas Detection),,1,1589
https://pishtaj.ir/blog/,blog-hub,info,وبلاگ تجهیزات صنعتی,,1,408
https://pishtaj.ir/blog/industrial-valves-complete-guide.html,blog,info,راهنمای کامل شیرآلات صنعتی (Industrial Valves),,1,1368
https://pishtaj.ir/blog/mtc-tpi-inspection-guide.html,blog,info,راهنمای گواهی MTC و بازرسی TPI,,1,1289
https://pishtaj.ir/blog/pressure-transmitter-guide.html,blog,info,راهنمای جامع ترانسمیتر فشار (Pressure Transmitter),,1,1561
https://pishtaj.ir/blog/pressure-vessels-asme.html,blog,info,راهنمای جامع مخازن تحت فشار (Pressure Vessels),,1,1648
https://pishtaj.ir/blog/rfq-procurement-guide.html,blog,info,راهنمای کامل استعلام بهاء (RFQ) در صنایع نفت، گاز و پتروشیمی,,1,1359
https://pishtaj.ir/blog/seamless-pipe-guide.html,blog,info,راهنمای کامل لوله مانیسمان (بدون درز),,1,1351
https://pishtaj.ir/blog/boiler-steam-equipment/,blog,info,راهنمای بویلر و تجهیزات بخار صنعتی,,1,1332
https://pishtaj.ir/blog/compressors-air-systems/,blog,info,نکات تامین کمپرسور صنعتی و تجهیزات هوای فشرده,,1,1047
https://pishtaj.ir/blog/electrical-equipment-epc/,blog,info,تامین تجهیزات برق صنعتی برای پروژه‌های EPC,,1,990
https://pishtaj.ir/blog/flanges-fittings-gaskets/,blog,info,نکات مهم خرید فلنج، فیتینگ و گسکت صنعتی,,1,955
https://pishtaj.ir/blog/industrial-valves-selection/,blog,info,راهنمای انتخاب ولو صنعتی برای سرویس‌های فرایندی,,1,972
https://pishtaj.ir/blog/instrumentation-checklist/,blog,info,چک‌لیست خرید تجهیزات ابزار دقیق,,1,910
https://pishtaj.ir/blog/petrochemical-supply-chain/,blog,info,مدیریت زنجیره تامین تجهیزات پتروشیمی,,1,923
https://pishtaj.ir/blog/piping-equipment-procurement/,blog,info,راهنمای تامین تجهیزات پایپینگ در پروژه‌های نفت و گاز,,1,931
https://pishtaj.ir/blog/pumps-procurement-guide/,blog,info,راهنمای تامین پمپ صنعتی و قطعات یدکی,,1,911
https://pishtaj.ir/blog/rfq-industrial-equipment/,blog,info,راهنمای ارسال RFQ تجهیزات صنعتی,,1,859
https://pishtaj.ir/,core,commercial,تامین تجهیزات صنعتی نفت، گاز و پتروشیمی,,1,2005
https://pishtaj.ir/rfq/,core,commercial,استعلام قیمت تجهیزات صنعتی (RFQ),,1,449
https://pishtaj.ir/about/,core,commercial,درباره ما و ساختار سازمانی,,1,636
https://pishtaj.ir/catalog/,core,commercial,مرکز دانلود کاتالوگ و مستندات فنی,,1,385
https://pishtaj.ir/quality/,core,commercial,فرآیند QA/QC و کنترل مدارک فنی,,1,1453
https://pishtaj.ir/logistics/,core,commercial,لجستیک، تامین و انبارداری صنعتی,,1,414
https://pishtaj.ir/tracking/,core,commercial,رهگیری آنلاین استعلام و پیش‌فاکتور,,1,424
