file,url,title,words,unique_shingles,unique_share,inbound_links,gsc_impressions,commercial,strategic,action,reason
knowledge-center/rosemount-pressure-transmitter-family.html,https://pishtaj.ir/knowledge-center/rosemount-pressure-transmitter-family.html,ترانسمیتر فشار روزمونت؛ خانواده‌ی 3051 و 2088 و راهنمای انتخاب | پیشرو تجهیز فرتاک,706,488,0.817,3,90,بله,خیر,نگهداری و ارتقا,تقاضای واقعی از گوگل (90 نمایش) · هم‌راستا با حوزهٔ فروش/تامین
knowledge-center/3-way-valve-l-port-t-port.html,https://pishtaj.ir/knowledge-center/3-way-valve-l-port-t-port.html,شیر سه راهه (3-Way Valve) | پیشرو تجهیز فرتاک,1736,119,0.086,2,71,بله,خیر,نگهداری و ارتقا,تقاضای واقعی از گوگل (71 نمایش) · هم‌راستا با حوزهٔ فروش/تامین
knowledge-center/api-5l-x42.html,https://pishtaj.ir/knowledge-center/api-5l-x42.html,لوله API 5L X42؛ مشخصات فنی، قیمت و کاربرد | پیشرو تجهیز فرتاک,1693,80,0.059,8,23,بله,بله,نگهداری و ارتقا,تقاضای واقعی از گوگل (23 نمایش) · هم‌راستا با حوزهٔ فروش/تامین · موضوعِ استانداردی/حیاتی برای پروژه
knowledge-center/kc-api-5l-psl2-sour-service-nace-requirements.html,https://pishtaj.ir/knowledge-center/kc-api-5l-psl2-sour-service-nace-requirements.html,لوله NACE (سرویس ترش)؛ الزامات MR0175 برای API 5L PSL2 | پیشرو تجهیز فرتاک,1695,1239,0.899,6,11,بله,بله,نگهداری و ارتقا,تقاضای واقعی از گوگل (11 نمایش) · محتوای اختصاصیِ قوی (1239 قطعهٔ یکتا) · هم‌راستا با حوزهٔ فروش/تامین · موضوعِ استانداردی/حیاتی برای پروژه
knowledge-center/kc-spare-parts-warehousing-inventory.html,https://pishtaj.ir/knowledge-center/kc-spare-parts-warehousing-inventory.html,مدیریت انبار قطعات یدکی صنعتی؛ راهنمای کامل | پیشرو تجهیز فرتاک,1622,1124,0.87,1,11,خیر,خیر,نگهداری و ارتقا,تقاضای واقعی از گوگل (11 نمایش) · محتوای اختصاصیِ قوی (1124 قطعهٔ یکتا)
knowledge-center/article-011.html,https://pishtaj.ir/knowledge-center/article-011.html,تامین تجهیزات پتروشیمی | پیشرو تجهیز فرتاک,1714,94,0.069,1,11,بله,خیر,نگهداری و ارتقا,تقاضای واقعی از گوگل (11 نمایش) · هم‌راستا با حوزهٔ فروش/تامین
knowledge-center/a106-gr-b.html,https://pishtaj.ir/knowledge-center/a106-gr-b.html,راهنمای کامل لوله A106 Gr.B؛ مشخصات و قیمت | پیشرو تجهیز فرتاک,1810,175,0.121,7,8,بله,خیر,نگهداری و ارتقا,تقاضای واقعی از گوگل (8 نمایش) · هم‌راستا با حوزهٔ فروش/تامین
knowledge-center/steam-control-valve-sizing-guide.html,https://pishtaj.ir/knowledge-center/steam-control-valve-sizing-guide.html,سایزینگ کنترل ولو بخار چیست؟ نکات انتخاب Steam Control Valve,1841,1314,0.951,4,6,بله,خیر,نگهداری و ارتقا,تقاضای واقعی از گوگل (6 نمایش) · محتوای اختصاصیِ قوی (1314 قطعهٔ یکتا) · هم‌راستا با حوزهٔ فروش/تامین
knowledge-center/flange-arak-guide.html,https://pishtaj.ir/knowledge-center/flange-arak-guide.html,فلنج اراک؛ راهنمای خرید، استانداردها و راستی‌آزمایی کیفیت | پیشرو تجهیز فرتاک,720,527,0.829,4,6,بله,بله,نگهداری و ارتقا,تقاضای واقعی از گوگل (6 نمایش) · هم‌راستا با حوزهٔ فروش/تامین · موضوعِ استانداردی/حیاتی برای پروژه
knowledge-center/kc-industrial-material-handling-transport.html,https://pishtaj.ir/knowledge-center/kc-industrial-material-handling-transport.html,حمل تجهیزات صنعتی و جابجایی مواد؛ راهنمای کامل | پیشرو تجهیز فرتاک,1578,1068,0.861,5,5,خیر,خیر,نگهداری و ارتقا,تقاضای واقعی از گوگل (5 نمایش) · محتوای اختصاصیِ قوی (1068 قطعهٔ یکتا)
knowledge-center/epc-supply-chain-management-guide.html,https://pishtaj.ir/knowledge-center/epc-supply-chain-management-guide.html,راهنمای مدیریت زنجیره تامین در پروژه‌های EPC | پیشرو تجهیز فرتاک,1783,622,0.447,2,5,بله,خیر,نگهداری و ارتقا,تقاضای واقعی از گوگل (5 نمایش) · هم‌راستا با حوزهٔ فروش/تامین
knowledge-center/kc-lap-joint-stub-end-rotation-installation.html,https://pishtaj.ir/knowledge-center/kc-lap-joint-stub-end-rotation-installation.html,نصب و چرخش صحیح فلنج Lap Joint روی Stub End | پیشرو تجهیز فرتاک,1721,1215,0.895,3,2,بله,خیر,نگهداری و ارتقا,تقاضای واقعی از گوگل (2 نمایش) · محتوای اختصاصیِ قوی (1215 قطعهٔ یکتا) · هم‌راستا با حوزهٔ فروش/تامین
knowledge-center/article-004.html,https://pishtaj.ir/knowledge-center/article-004.html,راهنمای آب‌بندی شیرآلات صنعتی | پیشرو تجهیز فرتاک,1730,111,0.08,24,2,بله,خیر,نگهداری و ارتقا,تقاضای واقعی از گوگل (2 نمایش) · هم‌راستا با حوزهٔ فروش/تامین
knowledge-center/kc-lng-boil-off-gas-management.html,https://pishtaj.ir/knowledge-center/kc-lng-boil-off-gas-management.html,مدیریت گاز تبخیرشدهٔ LNG (Boil-Off Gas) | پیشرو تجهیز فرتاک,1679,1258,0.891,3,1,خیر,خیر,نگهداری و ارتقا,تقاضای واقعی از گوگل (1 نمایش) · محتوای اختصاصیِ قوی (1258 قطعهٔ یکتا)
knowledge-center/astm-piping-standards-guide.html,https://pishtaj.ir/knowledge-center/astm-piping-standards-guide.html,راهنمای استانداردهای ASTM در پایپینگ | پیشرو تجهیز فرتاک,1743,594,0.438,3,1,خیر,بله,نگهداری و ارتقا,تقاضای واقعی از گوگل (1 نمایش) · موضوعِ استانداردی/حیاتی برای پروژه
knowledge-center/industrial-valve-standards-guide.html,https://pishtaj.ir/knowledge-center/industrial-valve-standards-guide.html,استانداردهای شیرآلات صنعتی؛ API 600، ASME B16.34 و ISO 5208 | پیشرو تجهیز فرتاک,558,420,0.794,16,1,بله,بله,نگهداری و ارتقا,تقاضای واقعی از گوگل (1 نمایش) · هم‌راستا با حوزهٔ فروش/تامین · موضوعِ استانداردی/حیاتی برای پروژه
knowledge-center/index.html,https://pishtaj.ir/knowledge-center/index.html,مرکز دانش تجهیزات صنعتی و استانداردها | پیشرو تجهیز فرتاک,3761,3438,0.962,587,0,خیر,بله,نگهداری و ارتقا,محتوای اختصاصیِ قوی (3438 قطعهٔ یکتا) · موضوعِ استانداردی/حیاتی برای پروژه
knowledge-center/kc-valve-selection-by-fluid-type.html,https://pishtaj.ir/knowledge-center/kc-valve-selection-by-fluid-type.html,راهنمای کامل انتخاب شیر بر اساس نوع سیال؛ مشخصات و قیمت | پیشرو تجهیز فرتاک,1885,1395,0.899,2,0,بله,خیر,نگهداری و ارتقا,محتوای اختصاصیِ قوی (1395 قطعهٔ یکتا) · هم‌راستا با حوزهٔ فروش/تامین
knowledge-center/kc-butterfly-valve-offset.html,https://pishtaj.ir/knowledge-center/kc-butterfly-valve-offset.html,راهنمای کامل شیرهای Butterfly Valve؛ مشخصات و قیمت | پیشرو تجهیز فرتاک,1864,1387,0.889,2,0,بله,خیر,نگهداری و ارتقا,محتوای اختصاصیِ قوی (1387 قطعهٔ یکتا) · هم‌راستا با حوزهٔ فروش/تامین
knowledge-center/kc-psv.html,https://pishtaj.ir/knowledge-center/kc-psv.html,راهنمای کامل شیرهای اطمینان (PSV)؛ مشخصات و قیمت | پیشرو تجهیز فرتاک,1869,1379,0.886,3,0,بله,خیر,نگهداری و ارتقا,محتوای اختصاصیِ قوی (1379 قطعهٔ یکتا) · هم‌راستا با حوزهٔ فروش/تامین
knowledge-center/control-valve-cv-kv-difference.html,https://pishtaj.ir/knowledge-center/control-valve-cv-kv-difference.html,تفاوت Cv و Kv در کنترل ولو چیست؟ فرمول تبدیل و کاربرد,1940,1371,0.949,11,0,بله,خیر,نگهداری و ارتقا,محتوای اختصاصیِ قوی (1371 قطعهٔ یکتا) · هم‌راستا با حوزهٔ فروش/تامین
knowledge-center/kc-cv-actuator.html,https://pishtaj.ir/knowledge-center/kc-cv-actuator.html,راهنمای کامل شیرهای کنترل؛ مشخصات و قیمت | پیشرو تجهیز فرتاک,1856,1370,0.886,4,0,بله,خیر,نگهداری و ارتقا,محتوای اختصاصیِ قوی (1370 قطعهٔ یکتا) · هم‌راستا با حوزهٔ فروش/تامین
knowledge-center/kc-actuator.html,https://pishtaj.ir/knowledge-center/kc-actuator.html,راهنمای کامل انتخاب محرک (Actuator) برای شیرآلات,1858,1369,0.886,4,0,بله,خیر,نگهداری و ارتقا,محتوای اختصاصیِ قوی (1369 قطعهٔ یکتا) · هم‌راستا با حوزهٔ فروش/تامین
knowledge-center/kc-pneumatic-electropneumatic-control-valves.html,https://pishtaj.ir/knowledge-center/kc-pneumatic-electropneumatic-control-valves.html,راهنمای کامل شیرهای کنترل پنوماتیک و الکتروپنوماتیک,1829,1360,0.897,2,0,بله,خیر,نگهداری و ارتقا,محتوای اختصاصیِ قوی (1360 قطعهٔ یکتا) · هم‌راستا با حوزهٔ فروش/تامین
knowledge-center/kc-actuator-fail-safe-position-guide.html,https://pishtaj.ir/knowledge-center/kc-actuator-fail-safe-position-guide.html,انتخاب وضعیت ایمن Fail-Safe محرک شیرآلات | پیشرو تجهیز فرتاک,1775,1355,0.905,4,0,بله,خیر,نگهداری و ارتقا,محتوای اختصاصیِ قوی (1355 قطعهٔ یکتا) · هم‌راستا با حوزهٔ فروش/تامین
knowledge-center/kc-surge-arrester-emergency-shutdown-valves.html,https://pishtaj.ir/knowledge-center/kc-surge-arrester-emergency-shutdown-valves.html,راهنمای کامل شیرهای برقگیر و شیرهای قطع اضطراری,1828,1355,0.896,4,0,بله,خیر,نگهداری و ارتقا,محتوای اختصاصیِ قوی (1355 قطعهٔ یکتا) · هم‌راستا با حوزهٔ فروش/تامین
knowledge-center/kc-oil-gas-pipeline-equipment.html,https://pishtaj.ir/knowledge-center/kc-oil-gas-pipeline-equipment.html,راهنمای کامل تجهیزات خطوط لوله انتقال نفت و گاز,1837,1349,0.901,7,0,بله,خیر,نگهداری و ارتقا,محتوای اختصاصیِ قوی (1349 قطعهٔ یکتا) · هم‌راستا با حوزهٔ فروش/تامین
knowledge-center/kc-hydraulic-control-valves.html,https://pishtaj.ir/knowledge-center/kc-hydraulic-control-valves.html,راهنمای کامل شیرهای کنترل هیدرولیک؛ مشخصات و قیمت | پیشرو تجهیز فرتاک,1806,1348,0.896,3,0,بله,خیر,نگهداری و ارتقا,محتوای اختصاصیِ قوی (1348 قطعهٔ یکتا) · هم‌راستا با حوزهٔ فروش/تامین
knowledge-center/kc-ball-valve.html,https://pishtaj.ir/knowledge-center/kc-ball-valve.html,راهنمای کامل شیرهای Ball Valve؛ مشخصات و قیمت | پیشرو تجهیز فرتاک,1809,1344,0.885,16,0,بله,خیر,نگهداری و ارتقا,محتوای اختصاصیِ قوی (1344 قطعهٔ یکتا) · هم‌راستا با حوزهٔ فروش/تامین
knowledge-center/kc-gate-valve-wedge-parallel-slide.html,https://pishtaj.ir/knowledge-center/kc-gate-valve-wedge-parallel-slide.html,راهنمای کامل شیرهای Gate Valve؛ مشخصات و قیمت | پیشرو تجهیز فرتاک,1817,1341,0.885,5,0,بله,خیر,نگهداری و ارتقا,محتوای اختصاصیِ قوی (1341 قطعهٔ یکتا) · هم‌راستا با حوزهٔ فروش/تامین
knowledge-center/kc-globe-valve-type-type.html,https://pishtaj.ir/knowledge-center/kc-globe-valve-type-type.html,راهنمای کامل شیرهای Globe Valve؛ مشخصات و قیمت | پیشرو تجهیز فرتاک,1810,1337,0.885,4,0,بله,خیر,نگهداری و ارتقا,محتوای اختصاصیِ قوی (1337 قطعهٔ یکتا) · هم‌راستا با حوزهٔ فروش/تامین
knowledge-center/kc-flange-class-900-2500-bolt-torque-table.html,https://pishtaj.ir/knowledge-center/kc-flange-class-900-2500-bolt-torque-table.html,جدول گشتاور پیچ فلنج Class 900 تا 2500 | پیشرو تجهیز فرتاک,1744,1335,0.906,5,0,بله,خیر,نگهداری و ارتقا,محتوای اختصاصیِ قوی (1335 قطعهٔ یکتا) · هم‌راستا با حوزهٔ فروش/تامین
knowledge-center/kc-ball-valve-api-6d-fire-safe-design.html,https://pishtaj.ir/knowledge-center/kc-ball-valve-api-6d-fire-safe-design.html,طراحی Fire-Safe شیر توپی API 6D | پیشرو تجهیز فرتاک,1756,1333,0.906,2,0,بله,بله,نگهداری و ارتقا,محتوای اختصاصیِ قوی (1333 قطعهٔ یکتا) · هم‌راستا با حوزهٔ فروش/تامین · موضوعِ استانداردی/حیاتی برای پروژه
knowledge-center/kc-cf8-cf8m-cf3m.html,https://pishtaj.ir/knowledge-center/kc-cf8-cf8m-cf3m.html,راهنمای کامل شیرهای صنعتی استینلس استیل؛ مشخصات و قیمت | پیشرو تجهیز فرتاک,1808,1332,0.882,4,0,بله,خیر,نگهداری و ارتقا,محتوای اختصاصیِ قوی (1332 قطعهٔ یکتا) · هم‌راستا با حوزهٔ فروش/تامین
knowledge-center/kc-slurry-valves.html,https://pishtaj.ir/knowledge-center/kc-slurry-valves.html,راهنمای کامل شیرهای دوغاب (Slurry Valves)؛ مشخصات و قیمت | پیشرو تجهیز فرتاک,1803,1331,0.882,5,0,بله,خیر,نگهداری و ارتقا,محتوای اختصاصیِ قوی (1331 قطعهٔ یکتا) · هم‌راستا با حوزهٔ فروش/تامین
knowledge-center/kc-pipeline-corrosion-prevention.html,https://pishtaj.ir/knowledge-center/kc-pipeline-corrosion-prevention.html,راهنمای کامل خوردگی در خطوط لوله و روش‌های پیشگیری,1810,1329,0.899,3,0,بله,خیر,نگهداری و ارتقا,محتوای اختصاصیِ قوی (1329 قطعهٔ یکتا) · هم‌راستا با حوزهٔ فروش/تامین
knowledge-center/kc-astm-a106-gr.html,https://pishtaj.ir/knowledge-center/kc-astm-a106-gr.html,راهنمای کامل مشخصات فنی لوله ASTM A106 Gr.B؛ مشخصات و قیمت | پیشرو تجهیز فرتاک,1819,1327,0.878,3,0,بله,بله,نگهداری و ارتقا,محتوای اختصاصیِ قوی (1327 قطعهٔ یکتا) · هم‌راستا با حوزهٔ فروش/تامین · موضوعِ استانداردی/حیاتی برای پروژه
knowledge-center/kc-pipeline-welding-standards.html,https://pishtaj.ir/knowledge-center/kc-pipeline-welding-standards.html,راهنمای کامل جوشکاری خطوط لوله؛ مشخصات و قیمت | پیشرو تجهیز فرتاک,1782,1326,0.899,3,0,بله,بله,نگهداری و ارتقا,محتوای اختصاصیِ قوی (1326 قطعهٔ یکتا) · هم‌راستا با حوزهٔ فروش/تامین · موضوعِ استانداردی/حیاتی برای پروژه
knowledge-center/kc-api-5l-psl1-psl2.html,https://pishtaj.ir/knowledge-center/kc-api-5l-psl1-psl2.html,راهنمای کامل لوله‌های بدون درز API 5L PSL1 و PSL2,1840,1325,0.882,2,0,بله,بله,نگهداری و ارتقا,محتوای اختصاصیِ قوی (1325 قطعهٔ یکتا) · هم‌راستا با حوزهٔ فروش/تامین · موضوعِ استانداردی/حیاتی برای پروژه
knowledge-center/kc-gas-sweetening-amine.html,https://pishtaj.ir/knowledge-center/kc-gas-sweetening-amine.html,راهنمای کامل تجهیزات شیرین‌سازی گاز (Gas Sweetening - Amine),1803,1325,0.882,5,0,بله,خیر,نگهداری و ارتقا,محتوای اختصاصیِ قوی (1325 قطعهٔ یکتا) · هم‌راستا با حوزهٔ فروش/تامین
knowledge-center/kc-erw-hfw.html,https://pishtaj.ir/knowledge-center/kc-erw-hfw.html,راهنمای کامل لوله‌های جوشی ERW و HFW؛ مشخصات و قیمت | پیشرو تجهیز فرتاک,1812,1320,0.884,3,0,بله,بله,نگهداری و ارتقا,محتوای اختصاصیِ قوی (1320 قطعهٔ یکتا) · هم‌راستا با حوزهٔ فروش/تامین · موضوعِ استانداردی/حیاتی برای پروژه
knowledge-center/kc-api-598-iso-5208.html,https://pishtaj.ir/knowledge-center/kc-api-598-iso-5208.html,راهنمای کامل تست نشتی شیرآلات؛ مشخصات و قیمت | پیشرو تجهیز فرتاک,1798,1316,0.874,5,0,بله,بله,نگهداری و ارتقا,محتوای اختصاصیِ قوی (1316 قطعهٔ یکتا) · هم‌راستا با حوزهٔ فروش/تامین · موضوعِ استانداردی/حیاتی برای پروژه
knowledge-center/kc-pressure-transmitter-range-selection.html,https://pishtaj.ir/knowledge-center/kc-pressure-transmitter-range-selection.html,انتخاب رنج ترانسمیتر فشار | پیشرو تجهیز فرتاک,1768,1316,0.905,4,0,بله,خیر,نگهداری و ارتقا,محتوای اختصاصیِ قوی (1316 قطعهٔ یکتا) · هم‌راستا با حوزهٔ فروش/تامین
knowledge-center/kc-gate-valve-api-600-flexible-wedge-design.html,https://pishtaj.ir/knowledge-center/kc-gate-valve-api-600-flexible-wedge-design.html,طراحی گوهٔ منعطف در شیر دروازه‌ای API 600 | پیشرو تجهیز فرتاک,1791,1312,0.905,2,0,بله,خیر,نگهداری و ارتقا,محتوای اختصاصیِ قوی (1312 قطعهٔ یکتا) · هم‌راستا با حوزهٔ فروش/تامین
knowledge-center/kc-nps-dn-schedule-od-wt.html,https://pishtaj.ir/knowledge-center/kc-nps-dn-schedule-od-wt.html,راهنمای کامل ابعاد لوله‌های صنعتی؛ مشخصات و قیمت | پیشرو تجهیز فرتاک,1791,1309,0.88,4,0,بله,خیر,نگهداری و ارتقا,محتوای اختصاصیِ قوی (1309 قطعهٔ یکتا) · هم‌راستا با حوزهٔ فروش/تامین
knowledge-center/kc-cold-drawn-hot-rolled-dimensional-tolerance.html,https://pishtaj.ir/knowledge-center/kc-cold-drawn-hot-rolled-dimensional-tolerance.html,تلورانس ابعادی لولهٔ کشش سرد و نورد گرم | پیشرو تجهیز فرتاک,1745,1298,0.903,1,0,بله,خیر,نگهداری و ارتقا,محتوای اختصاصیِ قوی (1298 قطعهٔ یکتا) · هم‌راستا با حوزهٔ فروش/تامین
knowledge-center/kc-flowmeter-selection-by-fluid-application.html,https://pishtaj.ir/knowledge-center/kc-flowmeter-selection-by-fluid-application.html,راهنمای انتخاب فلومتر بر اساس نوع سیال | پیشرو تجهیز فرتاک,1793,1298,0.901,9,0,خیر,خیر,نگهداری و ارتقا,محتوای اختصاصیِ قوی (1298 قطعهٔ یکتا)
knowledge-center/kc-stainless-steel-pipe-passivation-procedure.html,https://pishtaj.ir/knowledge-center/kc-stainless-steel-pipe-passivation-procedure.html,پسیو کردن لولهٔ استینلس استیل بعد از جوش | پیشرو تجهیز فرتاک,1717,1298,0.903,4,0,بله,بله,نگهداری و ارتقا,محتوای اختصاصیِ قوی (1298 قطعهٔ یکتا) · هم‌راستا با حوزهٔ فروش/تامین · موضوعِ استانداردی/حیاتی برای پروژه
knowledge-center/kc-a333-low-temperature-impact-testing.html,https://pishtaj.ir/knowledge-center/kc-a333-low-temperature-impact-testing.html,تست ضربهٔ دمای پایین لولهٔ A333 Gr.6 | پیشرو تجهیز فرتاک,1692,1297,0.903,3,0,بله,خیر,نگهداری و ارتقا,محتوای اختصاصیِ قوی (1297 قطعهٔ یکتا) · هم‌راستا با حوزهٔ فروش/تامین
knowledge-center/kc-welded-fittings-elbow-tee-reducer.html,https://pishtaj.ir/knowledge-center/kc-welded-fittings-elbow-tee-reducer.html,راهنمای کامل اتصالات جوشی فیتینگ؛ مشخصات و قیمت | پیشرو تجهیز فرتاک,1766,1294,0.89,2,0,بله,بله,نگهداری و ارتقا,محتوای اختصاصیِ قوی (1294 قطعهٔ یکتا) · هم‌راستا با حوزهٔ فروش/تامین · موضوعِ استانداردی/حیاتی برای پروژه
knowledge-center/kc-304-316.html,https://pishtaj.ir/knowledge-center/kc-304-316.html,راهنمای کامل لوله‌های استینلس استیل 304 و 316؛ مشخصات و قیمت | پیشرو تجهیز فرتاک,1776,1293,0.872,3,0,بله,خیر,نگهداری و ارتقا,محتوای اختصاصیِ قوی (1293 قطعهٔ یکتا) · هم‌راستا با حوزهٔ فروش/تامین
knowledge-center/kc-pipe-support-steel-structure.html,https://pishtaj.ir/knowledge-center/kc-pipe-support-steel-structure.html,راهنمای کامل سازه فلزی و ساپورت لوله در خطوط لوله کشی صنعتی,1810,1292,0.889,4,0,بله,خیر,نگهداری و ارتقا,محتوای اختصاصیِ قوی (1292 قطعهٔ یکتا) · هم‌راستا با حوزهٔ فروش/تامین
knowledge-center/kc-heat-tracing.html,https://pishtaj.ir/knowledge-center/kc-heat-tracing.html,راهنمای کامل سیستم گرمایش الکتریکی (Heat Tracing) لوله,1798,1291,0.872,2,0,بله,خیر,نگهداری و ارتقا,محتوای اختصاصیِ قوی (1291 قطعهٔ یکتا) · هم‌راستا با حوزهٔ فروش/تامین
knowledge-center/kc-pipe-thermal-insulation.html,https://pishtaj.ir/knowledge-center/kc-pipe-thermal-insulation.html,راهنمای کامل عایق‌کاری حرارتی لوله‌های صنعتی؛ مشخصات و قیمت | پیشرو تجهیز فرتاک,1745,1288,0.889,2,0,بله,خیر,نگهداری و ارتقا,محتوای اختصاصیِ قوی (1288 قطعهٔ یکتا) · هم‌راستا با حوزهٔ فروش/تامین
knowledge-center/kc-sawh.html,https://pishtaj.ir/knowledge-center/kc-sawh.html,راهنمای کامل لوله‌های اسپیرال (SAWH)؛ مشخصات و قیمت | پیشرو تجهیز فرتاک,1761,1287,0.878,2,0,بله,خیر,نگهداری و ارتقا,محتوای اختصاصیِ قوی (1287 قطعهٔ یکتا) · هم‌راستا با حوزهٔ فروش/تامین
knowledge-center/kc-vfd-harmonic-distortion-mitigation.html,https://pishtaj.ir/knowledge-center/kc-vfd-harmonic-distortion-mitigation.html,کاهش هارمونیک ناشی از درایو VFD | پیشرو تجهیز فرتاک,1754,1285,0.903,3,0,خیر,خیر,نگهداری و ارتقا,محتوای اختصاصیِ قوی (1285 قطعهٔ یکتا)
knowledge-center/kc-a335.html,https://pishtaj.ir/knowledge-center/kc-a335.html,راهنمای کامل لوله‌های آلیاژی کروم-مولیبدن A335,1767,1279,0.871,2,0,بله,خیر,نگهداری و ارتقا,محتوای اختصاصیِ قوی (1279 قطعهٔ یکتا) · هم‌راستا با حوزهٔ فروش/تامین
knowledge-center/kc-gasket-selection-by-fluid-temperature.html,https://pishtaj.ir/knowledge-center/kc-gasket-selection-by-fluid-temperature.html,انتخاب گسکت بر اساس سیال و دما | پیشرو تجهیز فرتاک,1736,1279,0.9,6,0,بله,خیر,نگهداری و ارتقا,محتوای اختصاصیِ قوی (1279 قطعهٔ یکتا) · هم‌راستا با حوزهٔ فروش/تامین
knowledge-center/kc-valve-leak-test-acceptance-criteria.html,https://pishtaj.ir/knowledge-center/kc-valve-leak-test-acceptance-criteria.html,معیارهای پذیرش تست نشتی شیرآلات | پیشرو تجهیز فرتاک,1672,1277,0.899,3,0,بله,خیر,نگهداری و ارتقا,محتوای اختصاصیِ قوی (1277 قطعهٔ یکتا) · هم‌راستا با حوزهٔ فروش/تامین
knowledge-center/kc-cf8-cf8m-casting-defects-inspection.html,https://pishtaj.ir/knowledge-center/kc-cf8-cf8m-casting-defects-inspection.html,عیوب ریخته‌گری و بازرسی بدنهٔ شیر CF8/CF8M | پیشرو تجهیز فرتاک,1687,1275,0.899,4,0,بله,بله,نگهداری و ارتقا,محتوای اختصاصیِ قوی (1275 قطعهٔ یکتا) · هم‌راستا با حوزهٔ فروش/تامین · موضوعِ استانداردی/حیاتی برای پروژه
knowledge-center/kc-chemical-injection-pump-metering-accuracy.html,https://pishtaj.ir/knowledge-center/kc-chemical-injection-pump-metering-accuracy.html,دقت اندازه‌گیری پمپ تزریق مواد شیمیایی | پیشرو تجهیز فرتاک,1725,1275,0.893,6,0,بله,خیر,نگهداری و ارتقا,محتوای اختصاصیِ قوی (1275 قطعهٔ یکتا) · هم‌راستا با حوزهٔ فروش/تامین
knowledge-center/kc-shell-tube-heat-exchanger-tema-guide.html,https://pishtaj.ir/knowledge-center/kc-shell-tube-heat-exchanger-tema-guide.html,انتخاب کلاس TEMA مبدل Shell & Tube | پیشرو تجهیز فرتاک,1761,1273,0.893,9,0,خیر,خیر,نگهداری و ارتقا,محتوای اختصاصیِ قوی (1273 قطعهٔ یکتا)
knowledge-center/kc-butterfly-valve-torque-actuator-sizing.html,https://pishtaj.ir/knowledge-center/kc-butterfly-valve-torque-actuator-sizing.html,گشتاور شیر Butterfly و انتخاب اکچویتور | پیشرو تجهیز فرتاک,1766,1272,0.902,3,0,بله,خیر,نگهداری و ارتقا,محتوای اختصاصیِ قوی (1272 قطعهٔ یکتا) · هم‌راستا با حوزهٔ فروش/تامین
knowledge-center/kc-lubrication-oil-analysis-condition-monitoring.html,https://pishtaj.ir/knowledge-center/kc-lubrication-oil-analysis-condition-monitoring.html,آنالیز روغن و پایش وضعیت تجهیزات دوار | پیشرو تجهیز فرتاک,1693,1272,0.892,5,0,خیر,خیر,نگهداری و ارتقا,محتوای اختصاصیِ قوی (1272 قطعهٔ یکتا)
knowledge-center/kc-a53-vs-a106-selection-criteria.html,https://pishtaj.ir/knowledge-center/kc-a53-vs-a106-selection-criteria.html,معیار انتخاب بین لولهٔ ASTM A53 و A106 Gr.B | پیشرو تجهیز فرتاک,1686,1271,0.901,2,0,بله,بله,نگهداری و ارتقا,محتوای اختصاصیِ قوی (1271 قطعهٔ یکتا) · هم‌راستا با حوزهٔ فروش/تامین · موضوعِ استانداردی/حیاتی برای پروژه
knowledge-center/kc-thermocouple-cold-junction-compensation.html,https://pishtaj.ir/knowledge-center/kc-thermocouple-cold-junction-compensation.html,جبران‌سازی نقطهٔ سرد ترموکوپل (CJC) | پیشرو تجهیز فرتاک,1675,1271,0.899,4,0,خیر,خیر,نگهداری و ارتقا,محتوای اختصاصیِ قوی (1271 قطعهٔ یکتا)
knowledge-center/control-valve-actuator-selection-guide.html,https://pishtaj.ir/knowledge-center/control-valve-actuator-selection-guide.html,راهنمای انتخاب اکچویتور کنترل ولو | Fail Action و Shutoff,1755,1269,0.95,7,0,بله,خیر,نگهداری و ارتقا,محتوای اختصاصیِ قوی (1269 قطعهٔ یکتا) · هم‌راستا با حوزهٔ فروش/تامین
knowledge-center/kc-amine-unit-foaming-corrosion-problems.html,https://pishtaj.ir/knowledge-center/kc-amine-unit-foaming-corrosion-problems.html,مشکلات کف‌کردن و خوردگی واحد آمین | پیشرو تجهیز فرتاک,1679,1269,0.892,5,0,خیر,خیر,نگهداری و ارتقا,محتوای اختصاصیِ قوی (1269 قطعهٔ یکتا)
knowledge-center/kc-air-cooled-fin-fan-selection-guide.html,https://pishtaj.ir/knowledge-center/kc-air-cooled-fin-fan-selection-guide.html,انتخاب فن مبدل هوایی Air Cooled برای اقلیم گرم,1761,1268,0.892,4,0,خیر,خیر,نگهداری و ارتقا,محتوای اختصاصیِ قوی (1268 قطعهٔ یکتا)
knowledge-center/kc-flowmeters-10-methods.html,https://pishtaj.ir/knowledge-center/kc-flowmeters-10-methods.html,راهنمای کامل فلومترهای صنعتی؛ مشخصات و قیمت | پیشرو تجهیز فرتاک,1737,1268,0.895,7,0,بله,خیر,نگهداری و ارتقا,محتوای اختصاصیِ قوی (1268 قطعهٔ یکتا) · هم‌راستا با حوزهٔ فروش/تامین
knowledge-center/kc-radar-level-transmitter-tank-installation.html,https://pishtaj.ir/knowledge-center/kc-radar-level-transmitter-tank-installation.html,نصب صحیح ترانسمیتر سطح راداری در مخازن | پیشرو تجهیز فرتاک,1746,1268,0.899,3,0,بله,خیر,نگهداری و ارتقا,محتوای اختصاصیِ قوی (1268 قطعهٔ یکتا) · هم‌راستا با حوزهٔ فروش/تامین
knowledge-center/kc-compressor-selection-screw-vs-reciprocating.html,https://pishtaj.ir/knowledge-center/kc-compressor-selection-screw-vs-reciprocating.html,مقایسهٔ کمپرسور اسکرو و رفت‌وبرگشتی | پیشرو تجهیز فرتاک,1730,1264,0.892,5,0,بله,خیر,نگهداری و ارتقا,محتوای اختصاصیِ قوی (1264 قطعهٔ یکتا) · هم‌راستا با حوزهٔ فروش/تامین
knowledge-center/kc-hydrotest-pressure-holding-time-calculation.html,https://pishtaj.ir/knowledge-center/kc-hydrotest-pressure-holding-time-calculation.html,محاسبهٔ فشار تست و زمان نگه‌داشت هیدرواستاتیک | پیشرو تجهیز فرتاک,1725,1264,0.901,2,0,خیر,بله,نگهداری و ارتقا,محتوای اختصاصیِ قوی (1264 قطعهٔ یکتا) · موضوعِ استانداردی/حیاتی برای پروژه
knowledge-center/kc-reciprocating-pump-packing-seal-guide.html,https://pishtaj.ir/knowledge-center/kc-reciprocating-pump-packing-seal-guide.html,آب‌بندی Packing پمپ رفت‌وبرگشتی | پیشرو تجهیز فرتاک,1681,1262,0.898,3,0,بله,خیر,نگهداری و ارتقا,محتوای اختصاصیِ قوی (1262 قطعهٔ یکتا) · هم‌راستا با حوزهٔ فروش/تامین
knowledge-center/kc-desalter-electrostatic-grid-troubleshooting.html,https://pishtaj.ir/knowledge-center/kc-desalter-electrostatic-grid-troubleshooting.html,عیب‌یابی شبکهٔ الکترواستاتیک دیسالتر | پیشرو تجهیز فرتاک,1674,1260,0.891,4,0,خیر,خیر,نگهداری و ارتقا,محتوای اختصاصیِ قوی (1260 قطعهٔ یکتا)
knowledge-center/kc-washer-material-torque-relaxation.html,https://pishtaj.ir/knowledge-center/kc-washer-material-torque-relaxation.html,مادهٔ واشر و نشست گشتاور در اتصالات صنعتی | پیشرو تجهیز فرتاک,1690,1259,0.898,3,0,بله,خیر,نگهداری و ارتقا,محتوای اختصاصیِ قوی (1259 قطعهٔ یکتا) · هم‌راستا با حوزهٔ فروش/تامین
knowledge-center/kc-earthing-grid-resistance-testing.html,https://pishtaj.ir/knowledge-center/kc-earthing-grid-resistance-testing.html,تست مقاومت شبکهٔ زمین (Earthing Grid) | پیشرو تجهیز فرتاک,1671,1258,0.898,5,0,خیر,خیر,نگهداری و ارتقا,محتوای اختصاصیِ قوی (1258 قطعهٔ یکتا)
knowledge-center/kc-ups-battery-sizing-autonomy-calculation.html,https://pishtaj.ir/knowledge-center/kc-ups-battery-sizing-autonomy-calculation.html,محاسبهٔ سایز باتری و زمان اتونومی UPS | پیشرو تجهیز فرتاک,1689,1258,0.898,3,0,خیر,خیر,نگهداری و ارتقا,محتوای اختصاصیِ قوی (1258 قطعهٔ یکتا)
knowledge-center/kc-a179-tube-expansion-rolling-procedure.html,https://pishtaj.ir/knowledge-center/kc-a179-tube-expansion-rolling-procedure.html,اتصال لولهٔ A179 به Tube Sheet با Rolling | پیشرو تجهیز فرتاک,1712,1257,0.893,2,0,بله,خیر,نگهداری و ارتقا,محتوای اختصاصیِ قوی (1257 قطعهٔ یکتا) · هم‌راستا با حوزهٔ فروش/تامین
knowledge-center/kc-ndt-method-selection-by-defect-type.html,https://pishtaj.ir/knowledge-center/kc-ndt-method-selection-by-defect-type.html,راهنمای انتخاب روش NDT بر اساس نوع عیب | پیشرو تجهیز فرتاک,1707,1257,0.897,4,0,خیر,بله,نگهداری و ارتقا,محتوای اختصاصیِ قوی (1257 قطعهٔ یکتا) · موضوعِ استانداردی/حیاتی برای پروژه
knowledge-center/kc-slurry-valve-abrasion-wear-life-estimation.html,https://pishtaj.ir/knowledge-center/kc-slurry-valve-abrasion-wear-life-estimation.html,تخمین عمر سایشی شیرهای دوغاب Slurry Valve | پیشرو تجهیز فرتاک,1686,1257,0.898,2,0,بله,خیر,نگهداری و ارتقا,محتوای اختصاصیِ قوی (1257 قطعهٔ یکتا) · هم‌راستا با حوزهٔ فروش/تامین
knowledge-center/kc-globe-valve-flow-direction-guide.html,https://pishtaj.ir/knowledge-center/kc-globe-valve-flow-direction-guide.html,جهت صحیح نصب شیر Globe Valve | پیشرو تجهیز فرتاک,1753,1255,0.901,5,0,بله,خیر,نگهداری و ارتقا,محتوای اختصاصیِ قوی (1255 قطعهٔ یکتا) · هم‌راستا با حوزهٔ فروش/تامین
knowledge-center/kc-heat-tracing-power-calculation-guide.html,https://pishtaj.ir/knowledge-center/kc-heat-tracing-power-calculation-guide.html,محاسبهٔ توان سیستم Heat Tracing لوله | پیشرو تجهیز فرتاک,1714,1255,0.898,2,0,بله,خیر,نگهداری و ارتقا,محتوای اختصاصیِ قوی (1255 قطعهٔ یکتا) · هم‌راستا با حوزهٔ فروش/تامین
knowledge-center/kc-pm-predictive-vs-preventive-strategy.html,https://pishtaj.ir/knowledge-center/kc-pm-predictive-vs-preventive-strategy.html,نگهداری پیشگویانه در برابر پیشگیرانه | پیشرو تجهیز فرتاک,1679,1254,0.891,3,0,خیر,خیر,نگهداری و ارتقا,محتوای اختصاصیِ قوی (1254 قطعهٔ یکتا)
knowledge-center/kc-psv-set-pressure-blowdown-adjustment.html,https://pishtaj.ir/knowledge-center/kc-psv-set-pressure-blowdown-adjustment.html,تنظیم فشار ست و Blowdown شیر اطمینان PSV | پیشرو تجهیز فرتاک,1742,1254,0.898,3,0,بله,خیر,نگهداری و ارتقا,محتوای اختصاصیِ قوی (1254 قطعهٔ یکتا) · هم‌راستا با حوزهٔ فروش/تامین
knowledge-center/kc-gate-valve-wedge-sticking-troubleshooting.html,https://pishtaj.ir/knowledge-center/kc-gate-valve-wedge-sticking-troubleshooting.html,گیرکردن گوه شیر دروازه‌ای | پیشرو تجهیز فرتاک,1773,1253,0.901,3,0,بله,خیر,نگهداری و ارتقا,محتوای اختصاصیِ قوی (1253 قطعهٔ یکتا) · هم‌راستا با حوزهٔ فروش/تامین
knowledge-center/kc-orifice-plate-beta-ratio-sizing.html,https://pishtaj.ir/knowledge-center/kc-orifice-plate-beta-ratio-sizing.html,محاسبهٔ نسبت بتا صفحهٔ اریفیس (ISO 5167) | پیشرو تجهیز فرتاک,1683,1253,0.898,3,0,خیر,بله,نگهداری و ارتقا,محتوای اختصاصیِ قوی (1253 قطعهٔ یکتا) · موضوعِ استانداردی/حیاتی برای پروژه
knowledge-center/kc-bms-integration-fire-alarm-hvac.html,https://pishtaj.ir/knowledge-center/kc-bms-integration-fire-alarm-hvac.html,یکپارچه‌سازی BMS با اعلام حریق و HVAC | پیشرو تجهیز فرتاک,1684,1252,0.897,3,0,خیر,خیر,نگهداری و ارتقا,محتوای اختصاصیِ قوی (1252 قطعهٔ یکتا)
knowledge-center/kc-control-valve-rangeability-turndown.html,https://pishtaj.ir/knowledge-center/kc-control-valve-rangeability-turndown.html,رنج‌پذیری و نسبت Turndown کنترل ولو | پیشرو تجهیز فرتاک,1690,1251,0.897,2,0,بله,خیر,نگهداری و ارتقا,محتوای اختصاصیِ قوی (1251 قطعهٔ یکتا) · هم‌راستا با حوزهٔ فروش/تامین
knowledge-center/kc-mv-switchgear.html,https://pishtaj.ir/knowledge-center/kc-mv-switchgear.html,راهنمای کامل تابلوهای برق فشار متوسط (MV Switchgear),1746,1251,0.879,6,0,بله,خیر,نگهداری و ارتقا,محتوای اختصاصیِ قوی (1251 قطعهٔ یکتا) · هم‌راستا با حوزهٔ فروش/تامین
knowledge-center/kc-plc-programming-languages-guide.html,https://pishtaj.ir/knowledge-center/kc-plc-programming-languages-guide.html,زبان‌های برنامه‌نویسی PLC | پیشرو تجهیز فرتاک,1700,1251,0.897,4,0,خیر,خیر,نگهداری و ارتقا,محتوای اختصاصیِ قوی (1251 قطعهٔ یکتا)
knowledge-center/kc-a106-mill-test-certificate-verification.html,https://pishtaj.ir/knowledge-center/kc-a106-mill-test-certificate-verification.html,راستی‌آزمایی گواهی MTC لوله A106 Gr.B | پیشرو تجهیز فرتاک,1679,1250,0.899,3,0,بله,بله,نگهداری و ارتقا,محتوای اختصاصیِ قوی (1250 قطعهٔ یکتا) · هم‌راستا با حوزهٔ فروش/تامین · موضوعِ استانداردی/حیاتی برای پروژه
knowledge-center/kc-explosion-proof-lighting-zone-classification.html,https://pishtaj.ir/knowledge-center/kc-explosion-proof-lighting-zone-classification.html,روشنایی ضدانفجار و تطبیق با طبقه‌بندی مناطق | پیشرو تجهیز فرتاک,1676,1249,0.897,3,0,خیر,خیر,نگهداری و ارتقا,محتوای اختصاصیِ قوی (1249 قطعهٔ یکتا)
knowledge-center/kc-olefin-cracking-furnace-coil-design.html,https://pishtaj.ir/knowledge-center/kc-olefin-cracking-furnace-coil-design.html,طراحی کویل کورهٔ کراکینگ الفین | پیشرو تجهیز فرتاک,1707,1249,0.893,2,0,خیر,بله,نگهداری و ارتقا,محتوای اختصاصیِ قوی (1249 قطعهٔ یکتا) · موضوعِ استانداردی/حیاتی برای پروژه
knowledge-center/kc-heat-exchanger-tema-class-selection.html,https://pishtaj.ir/knowledge-center/kc-heat-exchanger-tema-class-selection.html,راهنمای انتخاب کلاس TEMA مبدل حرارتی | پیشرو تجهیز فرتاک,1704,1248,0.89,6,0,خیر,خیر,نگهداری و ارتقا,محتوای اختصاصیِ قوی (1248 قطعهٔ یکتا)
knowledge-center/kc-sulfur-recovery-tail-gas-treatment.html,https://pishtaj.ir/knowledge-center/kc-sulfur-recovery-tail-gas-treatment.html,واحد تصفیهٔ گاز دنباله TGTU در بازیافت گوگرد | پیشرو تجهیز فرتاک,1675,1246,0.89,4,0,خیر,خیر,نگهداری و ارتقا,محتوای اختصاصیِ قوی (1246 قطعهٔ یکتا)
knowledge-center/kc-class-900-class-2500.html,https://pishtaj.ir/knowledge-center/kc-class-900-class-2500.html,راهنمای کامل فلنج‌های فشار قوی Class 900 تا Class 2500,1743,1244,0.868,4,0,بله,خیر,نگهداری و ارتقا,محتوای اختصاصیِ قوی (1244 قطعهٔ یکتا) · هم‌راستا با حوزهٔ فروش/تامین
knowledge-center/kc-mv-switchgear-arc-flash-study.html,https://pishtaj.ir/knowledge-center/kc-mv-switchgear-arc-flash-study.html,مطالعهٔ قوس الکتریکی تابلوهای فشار متوسط | پیشرو تجهیز فرتاک,1700,1244,0.899,3,0,بله,خیر,نگهداری و ارتقا,محتوای اختصاصیِ قوی (1244 قطعهٔ یکتا) · هم‌راستا با حوزهٔ فروش/تامین
knowledge-center/kc-cement-kiln-refractory-lining-guide.html,https://pishtaj.ir/knowledge-center/kc-cement-kiln-refractory-lining-guide.html,راهنمای نسوزکاری کورهٔ سیمان Kiln Refractory | پیشرو تجهیز فرتاک,1677,1243,0.889,4,0,خیر,خیر,نگهداری و ارتقا,محتوای اختصاصیِ قوی (1243 قطعهٔ یکتا)
knowledge-center/kc-erw-hfw-weld-seam-inspection.html,https://pishtaj.ir/knowledge-center/kc-erw-hfw-weld-seam-inspection.html,بازرسی درز جوش لوله ERW و HFW | پیشرو تجهیز فرتاک,1737,1243,0.899,3,0,بله,بله,نگهداری و ارتقا,محتوای اختصاصیِ قوی (1243 قطعهٔ یکتا) · هم‌راستا با حوزهٔ فروش/تامین · موضوعِ استانداردی/حیاتی برای پروژه
knowledge-center/kc-control-valve-noise-prediction-iec-60534.html,https://pishtaj.ir/knowledge-center/kc-control-valve-noise-prediction-iec-60534.html,پیش‌بینی نویز آیرودینامیک کنترل ولو IEC 60534 | پیشرو تجهیز فرتاک,1661,1241,0.897,2,0,بله,بله,نگهداری و ارتقا,محتوای اختصاصیِ قوی (1241 قطعهٔ یکتا) · هم‌راستا با حوزهٔ فروش/تامین · موضوعِ استانداردی/حیاتی برای پروژه
knowledge-center/kc-cctv-camera-selection-hazardous-area.html,https://pishtaj.ir/knowledge-center/kc-cctv-camera-selection-hazardous-area.html,انتخاب دوربین CCTV ضدانفجار برای مناطق خطرناک | پیشرو تجهیز فرتاک,1699,1238,0.896,4,0,خیر,خیر,نگهداری و ارتقا,محتوای اختصاصیِ قوی (1238 قطعهٔ یکتا)
knowledge-center/kc-a106-api-5l-standard-selection-by-project.html,https://pishtaj.ir/knowledge-center/kc-a106-api-5l-standard-selection-by-project.html,انتخاب استاندارد A106 یا API 5L بر اساس پروژه | پیشرو تجهیز فرتاک,1658,1237,0.898,4,0,خیر,بله,نگهداری و ارتقا,محتوای اختصاصیِ قوی (1237 قطعهٔ یکتا) · موضوعِ استانداردی/حیاتی برای پروژه
knowledge-center/kc-api-610-pump-curve-reading-guide.html,https://pishtaj.ir/knowledge-center/kc-api-610-pump-curve-reading-guide.html,خواندن منحنی پمپ API 610 | پیشرو تجهیز فرتاک,1744,1234,0.897,5,0,بله,بله,نگهداری و ارتقا,محتوای اختصاصیِ قوی (1234 قطعهٔ یکتا) · هم‌راستا با حوزهٔ فروش/تامین · موضوعِ استانداردی/حیاتی برای پروژه
knowledge-center/kc-washer.html,https://pishtaj.ir/knowledge-center/kc-washer.html,راهنمای کامل واشر (Washer) در اتصالات صنعتی؛ مشخصات و قیمت | پیشرو تجهیز فرتاک,1726,1234,0.867,3,0,بله,خیر,نگهداری و ارتقا,محتوای اختصاصیِ قوی (1234 قطعهٔ یکتا) · هم‌راستا با حوزهٔ فروش/تامین
knowledge-center/kc-hvac-pressurization-control-room.html,https://pishtaj.ir/knowledge-center/kc-hvac-pressurization-control-room.html,فشار مثبت اتاق کنترل طبق NFPA 496 | پیشرو تجهیز فرتاک,1677,1233,0.889,5,0,خیر,خیر,نگهداری و ارتقا,محتوای اختصاصیِ قوی (1233 قطعهٔ یکتا)
knowledge-center/kc-vfd.html,https://pishtaj.ir/knowledge-center/kc-vfd.html,راهنمای کامل درایو VFD؛ مشخصات و قیمت | پیشرو تجهیز فرتاک,1706,1232,0.877,5,0,بله,خیر,نگهداری و ارتقا,محتوای اختصاصیِ قوی (1232 قطعهٔ یکتا) · هم‌راستا با حوزهٔ فروش/تامین
knowledge-center/kc-ball-valve-seat-material-selection.html,https://pishtaj.ir/knowledge-center/kc-ball-valve-seat-material-selection.html,متریال نشیمنگاه شیر توپی Ball Valve | پیشرو تجهیز فرتاک,1708,1230,0.898,6,0,بله,خیر,نگهداری و ارتقا,محتوای اختصاصیِ قوی (1230 قطعهٔ یکتا) · هم‌راستا با حوزهٔ فروش/تامین
knowledge-center/kc-cooling-water-legionella-control.html,https://pishtaj.ir/knowledge-center/kc-cooling-water-legionella-control.html,کنترل لژیونلا در سیستم آب خنک‌کننده | پیشرو تجهیز فرتاک,1679,1230,0.889,3,0,خیر,خیر,نگهداری و ارتقا,محتوای اختصاصیِ قوی (1230 قطعهٔ یکتا)
knowledge-center/kc-sru-claus-process-efficiency.html,https://pishtaj.ir/knowledge-center/kc-sru-claus-process-efficiency.html,راندمان فرآیند کلاوس (Claus) در واحد SRU | پیشرو تجهیز فرتاک,1690,1230,0.889,7,0,خیر,خیر,نگهداری و ارتقا,محتوای اختصاصیِ قوی (1230 قطعهٔ یکتا)
knowledge-center/kc-api-618-vibration-pulsation-analysis.html,https://pishtaj.ir/knowledge-center/kc-api-618-vibration-pulsation-analysis.html,ارتعاش و پالس کمپرسور API 618 | پیشرو تجهیز فرتاک,1676,1228,0.896,5,0,بله,خیر,نگهداری و ارتقا,محتوای اختصاصیِ قوی (1228 قطعهٔ یکتا) · هم‌راستا با حوزهٔ فروش/تامین
knowledge-center/kc-pipe-wall-thickness-corrosion-allowance.html,https://pishtaj.ir/knowledge-center/kc-pipe-wall-thickness-corrosion-allowance.html,محاسبهٔ ضخامت لوله و حاشیهٔ خوردگی | پیشرو تجهیز فرتاک,1646,1228,0.896,3,0,بله,خیر,نگهداری و ارتقا,محتوای اختصاصیِ قوی (1228 قطعهٔ یکتا) · هم‌راستا با حوزهٔ فروش/تامین
knowledge-center/kc-teg-dehydration-glycol-loss-control.html,https://pishtaj.ir/knowledge-center/kc-teg-dehydration-glycol-loss-control.html,کنترل اتلاف گلایکول در واحد آب‌گیری TEG | پیشرو تجهیز فرتاک,1672,1224,0.888,7,0,خیر,خیر,نگهداری و ارتقا,محتوای اختصاصیِ قوی (1224 قطعهٔ یکتا)
knowledge-center/kc-a335-p11-p22-p91-welding-procedure.html,https://pishtaj.ir/knowledge-center/kc-a335-p11-p22-p91-welding-procedure.html,جوشکاری لوله آلیاژی A335 P11/P22/P91 | پیشرو تجهیز فرتاک,1672,1223,0.895,5,0,بله,بله,نگهداری و ارتقا,محتوای اختصاصیِ قوی (1223 قطعهٔ یکتا) · هم‌راستا با حوزهٔ فروش/تامین · موضوعِ استانداردی/حیاتی برای پروژه
knowledge-center/gas-control-valve-sizing-guide.html,https://pishtaj.ir/knowledge-center/gas-control-valve-sizing-guide.html,سایزینگ کنترل ولو گاز چیست؟ نکات انتخاب Gas Control Valve,1717,1222,0.943,3,0,بله,خیر,نگهداری و ارتقا,محتوای اختصاصیِ قوی (1222 قطعهٔ یکتا) · هم‌راستا با حوزهٔ فروش/تامین
knowledge-center/kc-load-cell-calibration-procedure.html,https://pishtaj.ir/knowledge-center/kc-load-cell-calibration-procedure.html,کالیبراسیون لودسل با وزنه مرجع OIML | پیشرو تجهیز فرتاک,1696,1222,0.895,3,0,خیر,خیر,نگهداری و ارتقا,محتوای اختصاصیِ قوی (1222 قطعهٔ یکتا)
knowledge-center/kc-lightning-arrester-coordination-study.html,https://pishtaj.ir/knowledge-center/kc-lightning-arrester-coordination-study.html,مطالعهٔ هماهنگی برقگیر صنعتی | پیشرو تجهیز فرتاک,1671,1220,0.895,5,0,خیر,خیر,نگهداری و ارتقا,محتوای اختصاصیِ قوی (1220 قطعهٔ یکتا)
knowledge-center/kc-pipeline-pigging-cleaning-operations.html,https://pishtaj.ir/knowledge-center/kc-pipeline-pigging-cleaning-operations.html,عملیات پیگینگ و تمیزکاری خط لوله (Pigging) | پیشرو تجهیز فرتاک,1684,1219,0.888,4,0,بله,خیر,نگهداری و ارتقا,محتوای اختصاصیِ قوی (1219 قطعهٔ یکتا) · هم‌راستا با حوزهٔ فروش/تامین
knowledge-center/kc-api-610.html,https://pishtaj.ir/knowledge-center/kc-api-610.html,راهنمای کامل پمپ‌های سانتریفیوژ فرایندی API 610,1688,1217,0.873,5,0,بله,بله,نگهداری و ارتقا,محتوای اختصاصیِ قوی (1217 قطعهٔ یکتا) · هم‌راستا با حوزهٔ فروش/تامین · موضوعِ استانداردی/حیاتی برای پروژه
knowledge-center/kc-boiler-water-treatment-scale-prevention.html,https://pishtaj.ir/knowledge-center/kc-boiler-water-treatment-scale-prevention.html,تصفیهٔ آب بویلر و پیشگیری از رسوب‌گذاری | پیشرو تجهیز فرتاک,1671,1216,0.888,2,0,بله,خیر,نگهداری و ارتقا,محتوای اختصاصیِ قوی (1216 قطعهٔ یکتا) · هم‌راستا با حوزهٔ فروش/تامین
knowledge-center/kc-fcc-catalyst-regeneration-process.html,https://pishtaj.ir/knowledge-center/kc-fcc-catalyst-regeneration-process.html,فرآیند احیای کاتالیست در واحد FCC | پیشرو تجهیز فرتاک,1672,1216,0.888,5,0,خیر,خیر,نگهداری و ارتقا,محتوای اختصاصیِ قوی (1216 قطعهٔ یکتا)
knowledge-center/kc-customs-clearance-hs-code-tariff-guide.html,https://pishtaj.ir/knowledge-center/kc-customs-clearance-hs-code-tariff-guide.html,راهنمای کد HS و تعرفهٔ گمرکی تجهیزات صنعتی | پیشرو تجهیز فرتاک,1668,1215,0.887,6,0,خیر,خیر,نگهداری و ارتقا,محتوای اختصاصیِ قوی (1215 قطعهٔ یکتا)
knowledge-center/kc-hse-permit-to-work-system-guide.html,https://pishtaj.ir/knowledge-center/kc-hse-permit-to-work-system-guide.html,سیستم مجوز کار (Permit to Work) صنعتی | پیشرو تجهیز فرتاک,1683,1214,0.887,3,0,خیر,خیر,نگهداری و ارتقا,محتوای اختصاصیِ قوی (1214 قطعهٔ یکتا)
knowledge-center/kc-ngl-recovery-turboexpander-process.html,https://pishtaj.ir/knowledge-center/kc-ngl-recovery-turboexpander-process.html,فرآیند Turboexpander در بازیافت NGL | پیشرو تجهیز فرتاک,1689,1213,0.887,6,0,خیر,بله,نگهداری و ارتقا,محتوای اختصاصیِ قوی (1213 قطعهٔ یکتا) · موضوعِ استانداردی/حیاتی برای پروژه
knowledge-center/kc-api-5l-x60-pipeline-design-factor.html,https://pishtaj.ir/knowledge-center/kc-api-5l-x60-pipeline-design-factor.html,ضریب طراحی لولهٔ API 5L X60 طبق ASME B31.8 | پیشرو تجهیز فرتاک,1607,1208,0.894,2,0,بله,بله,نگهداری و ارتقا,محتوای اختصاصیِ قوی (1208 قطعهٔ یکتا) · هم‌راستا با حوزهٔ فروش/تامین · موضوعِ استانداردی/حیاتی برای پروژه
knowledge-center/kc-nitrogen-purging-procedure-safety.html,https://pishtaj.ir/knowledge-center/kc-nitrogen-purging-procedure-safety.html,رویهٔ ایمن پرج نیتروژن (Nitrogen Purging) | پیشرو تجهیز فرتاک,1682,1208,0.887,6,0,خیر,خیر,نگهداری و ارتقا,محتوای اختصاصیِ قوی (1208 قطعهٔ یکتا)
knowledge-center/kc-pipeline-coating-holiday-detection.html,https://pishtaj.ir/knowledge-center/kc-pipeline-coating-holiday-detection.html,پوشش خط لوله و تشخیص عیب پوشش Holiday | پیشرو تجهیز فرتاک,1688,1208,0.887,3,0,بله,خیر,نگهداری و ارتقا,محتوای اختصاصیِ قوی (1208 قطعهٔ یکتا) · هم‌راستا با حوزهٔ فروش/تامین
knowledge-center/kc-instrumentation-communication-protocols.html,https://pishtaj.ir/knowledge-center/kc-instrumentation-communication-protocols.html,راهنمای کامل پروتکل‌های ارتباطی ابزار دقیق؛ مشخصات و قیمت | پیشرو تجهیز فرتاک,1662,1207,0.885,3,0,بله,خیر,نگهداری و ارتقا,محتوای اختصاصیِ قوی (1207 قطعهٔ یکتا) · هم‌راستا با حوزهٔ فروش/تامین
knowledge-center/kc-steam-turbine-blade-erosion-prevention.html,https://pishtaj.ir/knowledge-center/kc-steam-turbine-blade-erosion-prevention.html,پیشگیری از فرسایش پرهٔ توربین بخار | پیشرو تجهیز فرتاک,1676,1204,0.887,5,0,خیر,خیر,نگهداری و ارتقا,محتوای اختصاصیِ قوی (1204 قطعهٔ یکتا)
knowledge-center/kc-gas-analyzer-calibration-zero-span.html,https://pishtaj.ir/knowledge-center/kc-gas-analyzer-calibration-zero-span.html,کالیبراسیون Zero و Span آنالایزر گازی | پیشرو تجهیز فرتاک,1682,1203,0.894,3,0,بله,خیر,نگهداری و ارتقا,محتوای اختصاصیِ قوی (1203 قطعهٔ یکتا) · هم‌راستا با حوزهٔ فروش/تامین
knowledge-center/kc-a335-pwht-post-weld-heat-treatment.html,https://pishtaj.ir/knowledge-center/kc-a335-pwht-post-weld-heat-treatment.html,عملیات حرارتی پس از جوش (PWHT) لوله A335 | پیشرو تجهیز فرتاک,1663,1202,0.894,2,0,بله,بله,نگهداری و ارتقا,محتوای اختصاصیِ قوی (1202 قطعهٔ یکتا) · هم‌راستا با حوزهٔ فروش/تامین · موضوعِ استانداردی/حیاتی برای پروژه
knowledge-center/kc-esd-fire-gas-sil-rated-design.html,https://pishtaj.ir/knowledge-center/kc-esd-fire-gas-sil-rated-design.html,طراحی سیستم ESD/F&G بر اساس SIL | پیشرو تجهیز فرتاک,1708,1201,0.886,8,0,خیر,بله,نگهداری و ارتقا,محتوای اختصاصیِ قوی (1201 قطعهٔ یکتا) · موضوعِ استانداردی/حیاتی برای پروژه
knowledge-center/kc-sawh-vs-lsaw-comparison.html,https://pishtaj.ir/knowledge-center/kc-sawh-vs-lsaw-comparison.html,مقایسه لوله اسپیرال SAWH و LSAW | پیشرو تجهیز فرتاک,1707,1200,0.894,3,0,بله,بله,نگهداری و ارتقا,محتوای اختصاصیِ قوی (1200 قطعهٔ یکتا) · هم‌راستا با حوزهٔ فروش/تامین · موضوعِ استانداردی/حیاتی برای پروژه
knowledge-center/kc-offshore-subsea-pipeline-cathodic-protection.html,https://pishtaj.ir/knowledge-center/kc-offshore-subsea-pipeline-cathodic-protection.html,حفاظت کاتدی خط لولهٔ زیردریایی Offshore | پیشرو تجهیز فرتاک,1681,1197,0.886,4,0,بله,خیر,نگهداری و ارتقا,محتوای اختصاصیِ قوی (1197 قطعهٔ یکتا) · هم‌راستا با حوزهٔ فروش/تامین
knowledge-center/kc-astm-a106-heat-treatment-requirements.html,https://pishtaj.ir/knowledge-center/kc-astm-a106-heat-treatment-requirements.html,عملیات حرارتی Normalizing لوله A106 | پیشرو تجهیز فرتاک,1697,1196,0.896,4,0,بله,بله,نگهداری و ارتقا,محتوای اختصاصیِ قوی (1196 قطعهٔ یکتا) · هم‌راستا با حوزهٔ فروش/تامین · موضوعِ استانداردی/حیاتی برای پروژه
knowledge-center/kc-fire-suppression-agent-selection-guide.html,https://pishtaj.ir/knowledge-center/kc-fire-suppression-agent-selection-guide.html,راهنمای انتخاب عامل اطفاء حریق صنعتی | پیشرو تجهیز فرتاک,1620,1196,0.893,3,0,خیر,خیر,نگهداری و ارتقا,محتوای اختصاصیِ قوی (1196 قطعهٔ یکتا)
knowledge-center/kc-pressure-gauge-glycerin-fill-guide.html,https://pishtaj.ir/knowledge-center/kc-pressure-gauge-glycerin-fill-guide.html,گیج فشار پرشده با گلیسیرین | پیشرو تجهیز فرتاک,1680,1195,0.893,3,0,خیر,خیر,نگهداری و ارتقا,محتوای اختصاصیِ قوی (1195 قطعهٔ یکتا)
knowledge-center/kc-thermal-powerplant-equipment.html,https://pishtaj.ir/knowledge-center/kc-thermal-powerplant-equipment.html,راهنمای کامل تجهیزات نیروگاه حرارتی؛ مشخصات و قیمت | پیشرو تجهیز فرتاک,1651,1195,0.882,4,0,بله,خیر,نگهداری و ارتقا,محتوای اختصاصیِ قوی (1195 قطعهٔ یکتا) · هم‌راستا با حوزهٔ فروش/تامین
knowledge-center/kc-api-617-surge-control-antisurge.html,https://pishtaj.ir/knowledge-center/kc-api-617-surge-control-antisurge.html,کنترل سرج کمپرسور API 617 | پیشرو تجهیز فرتاک,1669,1181,0.892,7,0,بله,بله,نگهداری و ارتقا,محتوای اختصاصیِ قوی (1181 قطعهٔ یکتا) · هم‌راستا با حوزهٔ فروش/تامین · موضوعِ استانداردی/حیاتی برای پروژه
knowledge-center/kc-pipeline-welding-npi-qualification.html,https://pishtaj.ir/knowledge-center/kc-pipeline-welding-npi-qualification.html,تایید صلاحیت جوشکار و روش جوشکاری خط لوله | پیشرو تجهیز فرتاک,1676,1180,0.885,5,0,بله,بله,نگهداری و ارتقا,محتوای اختصاصیِ قوی (1180 قطعهٔ یکتا) · هم‌راستا با حوزهٔ فروش/تامین · موضوعِ استانداردی/حیاتی برای پروژه
knowledge-center/industrial-procurement-documentation-guide.html,https://pishtaj.ir/knowledge-center/industrial-procurement-documentation-guide.html,راهنمای مدارک خرید تجهیزات صنعتی؛ MTC، COC، TPI و Data Book,1591,1178,0.994,4,0,بله,بله,نگهداری و ارتقا,محتوای اختصاصیِ قوی (1178 قطعهٔ یکتا) · هم‌راستا با حوزهٔ فروش/تامین · موضوعِ استانداردی/حیاتی برای پروژه
knowledge-center/kc-oil-refinery-equipment.html,https://pishtaj.ir/knowledge-center/kc-oil-refinery-equipment.html,راهنمای کامل تجهیزات پالایشگاه نفت؛ مشخصات و قیمت | پیشرو تجهیز فرتاک,1653,1177,0.888,7,0,بله,خیر,نگهداری و ارتقا,محتوای اختصاصیِ قوی (1177 قطعهٔ یکتا) · هم‌راستا با حوزهٔ فروش/تامین
knowledge-center/kc-technical-personnel-training.html,https://pishtaj.ir/knowledge-center/kc-technical-personnel-training.html,راهنمای کامل آموزش و توانمندسازی پرسنل فنی صنعتی,1660,1176,0.875,3,0,خیر,خیر,نگهداری و ارتقا,محتوای اختصاصیِ قوی (1176 قطعهٔ یکتا)
knowledge-center/kc-ups.html,https://pishtaj.ir/knowledge-center/kc-ups.html,راهنمای کامل سیستم UPS و باتری صنعتی؛ مشخصات و قیمت | پیشرو تجهیز فرتاک,1656,1176,0.869,2,0,بله,خیر,نگهداری و ارتقا,محتوای اختصاصیِ قوی (1176 قطعهٔ یکتا) · هم‌راستا با حوزهٔ فروش/تامین
knowledge-center/kc-ppe-selection-by-hazard-category.html,https://pishtaj.ir/knowledge-center/kc-ppe-selection-by-hazard-category.html,راهنمای انتخاب PPE بر اساس دستهٔ خطر | پیشرو تجهیز فرتاک,1680,1175,0.883,3,0,خیر,خیر,نگهداری و ارتقا,محتوای اختصاصیِ قوی (1175 قطعهٔ یکتا)
knowledge-center/kc-ansi-50-51-87-21.html,https://pishtaj.ir/knowledge-center/kc-ansi-50-51-87-21.html,راهنمای کامل رله‌های حفاظتی در تابلو برق؛ مشخصات و قیمت | پیشرو تجهیز فرتاک,1655,1173,0.861,8,0,بله,خیر,نگهداری و ارتقا,محتوای اختصاصیِ قوی (1173 قطعهٔ یکتا) · هم‌راستا با حوزهٔ فروش/تامین
knowledge-center/kc-304-vs-316-corrosion-resistance.html,https://pishtaj.ir/knowledge-center/kc-304-vs-316-corrosion-resistance.html,مقاومت به خوردگی 304 و 316 | پیشرو تجهیز فرتاک,1632,1172,0.891,5,0,خیر,خیر,نگهداری و ارتقا,محتوای اختصاصیِ قوی (1172 قطعهٔ یکتا)
knowledge-center/kc-api-5l-psl-charpy-impact-test.html,https://pishtaj.ir/knowledge-center/kc-api-5l-psl-charpy-impact-test.html,تست ضربه شارپی لوله API 5L PSL2 | پیشرو تجهیز فرتاک,1670,1169,0.891,2,0,بله,بله,نگهداری و ارتقا,محتوای اختصاصیِ قوی (1169 قطعهٔ یکتا) · هم‌راستا با حوزهٔ فروش/تامین · موضوعِ استانداردی/حیاتی برای پروژه
knowledge-center/kc-steam-boiler-system.html,https://pishtaj.ir/knowledge-center/kc-steam-boiler-system.html,راهنمای کامل تجهیزات سیستم بخار و بویلر صنعتی؛ مشخصات و قیمت | پیشرو تجهیز فرتاک,1635,1166,0.887,6,0,بله,خیر,نگهداری و ارتقا,محتوای اختصاصیِ قوی (1166 قطعهٔ یکتا) · هم‌راستا با حوزهٔ فروش/تامین
knowledge-center/kc-commissioning-punch-list-management.html,https://pishtaj.ir/knowledge-center/kc-commissioning-punch-list-management.html,مدیریت Punch List در Commissioning | پیشرو تجهیز فرتاک,1650,1162,0.883,4,0,خیر,خیر,نگهداری و ارتقا,محتوای اختصاصیِ قوی (1162 قطعهٔ یکتا)
knowledge-center/kc-gc-ph-o2-h2s.html,https://pishtaj.ir/knowledge-center/kc-gc-ph-o2-h2s.html,راهنمای کامل آنالایزرهای فرآیندی؛ مشخصات و قیمت | پیشرو تجهیز فرتاک,1633,1157,0.862,3,0,بله,بله,نگهداری و ارتقا,محتوای اختصاصیِ قوی (1157 قطعهٔ یکتا) · هم‌راستا با حوزهٔ فروش/تامین · موضوعِ استانداردی/حیاتی برای پروژه
knowledge-center/kc-shell-tube.html,https://pishtaj.ir/knowledge-center/kc-shell-tube.html,راهنمای کامل مبدل‌های حرارتی Shell &amp; Tube؛ مشخصات و قیمت | پیشرو تجهیز فرتاک,1607,1156,0.867,5,0,بله,خیر,نگهداری و ارتقا,محتوای اختصاصیِ قوی (1156 قطعهٔ یکتا) · هم‌راستا با حوزهٔ فروش/تامین
knowledge-center/kc-pressure-gauge.html,https://pishtaj.ir/knowledge-center/kc-pressure-gauge.html,راهنمای کامل گیج فشار (Pressure Gauge)؛ مشخصات و قیمت | پیشرو تجهیز فرتاک,1632,1155,0.866,4,0,بله,خیر,نگهداری و ارتقا,محتوای اختصاصیِ قوی (1155 قطعهٔ یکتا) · هم‌راستا با حوزهٔ فروش/تامین
knowledge-center/kc-reciprocating-pump.html,https://pishtaj.ir/knowledge-center/kc-reciprocating-pump.html,راهنمای کامل پمپ‌های رفت و برگشتی (Reciprocating Pump),1639,1155,0.866,4,0,بله,خیر,نگهداری و ارتقا,محتوای اختصاصیِ قوی (1155 قطعهٔ یکتا) · هم‌راستا با حوزهٔ فروش/تامین
knowledge-center/kc-petrochemical-complex-equipment.html,https://pishtaj.ir/knowledge-center/kc-petrochemical-complex-equipment.html,راهنمای کامل تجهیزات مجتمع پتروشیمی؛ مشخصات و قیمت | پیشرو تجهیز فرتاک,1616,1154,0.886,4,0,بله,خیر,نگهداری و ارتقا,محتوای اختصاصیِ قوی (1154 قطعهٔ یکتا) · هم‌راستا با حوزهٔ فروش/تامین
knowledge-center/kc-plc.html,https://pishtaj.ir/knowledge-center/kc-plc.html,راهنمای کامل تابلوهای PLC و اتوماسیون صنعتی؛ مشخصات و قیمت | پیشرو تجهیز فرتاک,1609,1153,0.866,3,0,بله,خیر,نگهداری و ارتقا,محتوای اختصاصیِ قوی (1153 قطعهٔ یکتا) · هم‌راستا با حوزهٔ فروش/تامین
knowledge-center/kc-ct-pt-accuracy-class-burden.html,https://pishtaj.ir/knowledge-center/kc-ct-pt-accuracy-class-burden.html,کلاس دقت و بار مجاز CT/PT | پیشرو تجهیز فرتاک,1677,1152,0.89,3,0,خیر,خیر,نگهداری و ارتقا,محتوای اختصاصیِ قوی (1152 قطعهٔ یکتا)
knowledge-center/kc-technical-certifications-supplier-qualification.html,https://pishtaj.ir/knowledge-center/kc-technical-certifications-supplier-qualification.html,راهنمای کامل گواهینامه‌های فنی و صلاحیت تامین‌کنندگان,1612,1152,0.873,4,0,بله,بله,نگهداری و ارتقا,محتوای اختصاصیِ قوی (1152 قطعهٔ یکتا) · هم‌راستا با حوزهٔ فروش/تامین · موضوعِ استانداردی/حیاتی برای پروژه
knowledge-center/kc-water-wastewater-treatment.html,https://pishtaj.ir/knowledge-center/kc-water-wastewater-treatment.html,راهنمای کامل سیستم تصفیه آب و پساب صنعتی؛ مشخصات و قیمت | پیشرو تجهیز فرتاک,1628,1150,0.885,2,0,بله,خیر,نگهداری و ارتقا,محتوای اختصاصیِ قوی (1150 قطعهٔ یکتا) · هم‌راستا با حوزهٔ فروش/تامین
knowledge-center/kc-cable-tray-cable-duct.html,https://pishtaj.ir/knowledge-center/kc-cable-tray-cable-duct.html,راهنمای کامل کانال‌های کابل و سینی کابل صنعتی؛ مشخصات و قیمت | پیشرو تجهیز فرتاک,1604,1149,0.877,2,0,بله,خیر,نگهداری و ارتقا,محتوای اختصاصیِ قوی (1149 قطعهٔ یکتا) · هم‌راستا با حوزهٔ فروش/تامین
knowledge-center/kc-industrial-power-cable-sizing.html,https://pishtaj.ir/knowledge-center/kc-industrial-power-cable-sizing.html,راهنمای کامل کابل‌های قدرت صنعتی؛ مشخصات و قیمت | پیشرو تجهیز فرتاک,1587,1149,0.877,4,0,بله,خیر,نگهداری و ارتقا,محتوای اختصاصیِ قوی (1149 قطعهٔ یکتا) · هم‌راستا با حوزهٔ فروش/تامین
knowledge-center/kc-cement-industry-equipment.html,https://pishtaj.ir/knowledge-center/kc-cement-industry-equipment.html,راهنمای کامل تجهیزات صنایع سیمان؛ مشخصات و قیمت | پیشرو تجهیز فرتاک,1604,1147,0.885,6,0,بله,خیر,نگهداری و ارتقا,محتوای اختصاصیِ قوی (1147 قطعهٔ یکتا) · هم‌راستا با حوزهٔ فروش/تامین
knowledge-center/kc-instrumentation-control-cables.html,https://pishtaj.ir/knowledge-center/kc-instrumentation-control-cables.html,راهنمای کامل کابل‌های ابزار دقیق و کنترل صنعتی,1614,1145,0.877,5,0,بله,خیر,نگهداری و ارتقا,محتوای اختصاصیِ قوی (1145 قطعهٔ یکتا) · هم‌راستا با حوزهٔ فروش/تامین
knowledge-center/kc-rtd-thermocouple-thermistor.html,https://pishtaj.ir/knowledge-center/kc-rtd-thermocouple-thermistor.html,راهنمای کامل سنسورهای دما؛ مشخصات و قیمت | پیشرو تجهیز فرتاک,1609,1145,0.865,3,0,بله,خیر,نگهداری و ارتقا,محتوای اختصاصیِ قوی (1145 قطعهٔ یکتا) · هم‌راستا با حوزهٔ فروش/تامین
knowledge-center/kc-purchase-order-terms-conditions-guide.html,https://pishtaj.ir/knowledge-center/kc-purchase-order-terms-conditions-guide.html,بندهای حقوقی سفارش خرید (PO) | پیشرو تجهیز فرتاک,1686,1144,0.881,2,0,بله,خیر,نگهداری و ارتقا,محتوای اختصاصیِ قوی (1144 قطعهٔ یکتا) · هم‌راستا با حوزهٔ فروش/تامین
knowledge-center/kc-chemical-injection.html,https://pishtaj.ir/knowledge-center/kc-chemical-injection.html,راهنمای کامل سیستم تزریق مواد شیمیایی (Chemical Injection),1641,1143,0.866,4,0,خیر,خیر,نگهداری و ارتقا,محتوای اختصاصیِ قوی (1143 قطعهٔ یکتا)
knowledge-center/kc-flare-burner-equipment.html,https://pishtaj.ir/knowledge-center/kc-flare-burner-equipment.html,راهنمای کامل تجهیزات فلر و مشعل صنعتی؛ مشخصات و قیمت | پیشرو تجهیز فرتاک,1598,1143,0.879,1,0,بله,خیر,نگهداری و ارتقا,محتوای اختصاصیِ قوی (1143 قطعهٔ یکتا) · هم‌راستا با حوزهٔ فروش/تامین
knowledge-center/kc-api-618.html,https://pishtaj.ir/knowledge-center/kc-api-618.html,راهنمای کامل کمپرسورهای رفت و برگشتی API 618؛ مشخصات و قیمت | پیشرو تجهیز فرتاک,1621,1141,0.858,5,0,بله,خیر,نگهداری و ارتقا,محتوای اختصاصیِ قوی (1141 قطعهٔ یکتا) · هم‌راستا با حوزهٔ فروش/تامین
knowledge-center/kc-gauge-absolute-differential.html,https://pishtaj.ir/knowledge-center/kc-gauge-absolute-differential.html,راهنمای کامل ترانسمیتر فشار؛ مشخصات و قیمت | پیشرو تجهیز فرتاک,1609,1141,0.865,2,0,بله,خیر,نگهداری و ارتقا,محتوای اختصاصیِ قوی (1141 قطعهٔ یکتا) · هم‌راستا با حوزهٔ فروش/تامین
knowledge-center/kc-air-cooled.html,https://pishtaj.ir/knowledge-center/kc-air-cooled.html,راهنمای کامل مبدل‌های حرارتی هوایی (Air Cooled),1615,1140,0.858,4,0,خیر,خیر,نگهداری و ارتقا,محتوای اختصاصیِ قوی (1140 قطعهٔ یکتا)
knowledge-center/kc-api-617.html,https://pishtaj.ir/knowledge-center/kc-api-617.html,راهنمای کامل کمپرسورهای سانتریفیوژ API 617؛ مشخصات و قیمت | پیشرو تجهیز فرتاک,1594,1139,0.858,7,0,بله,بله,نگهداری و ارتقا,محتوای اختصاصیِ قوی (1139 قطعهٔ یکتا) · هم‌راستا با حوزهٔ فروش/تامین · موضوعِ استانداردی/حیاتی برای پروژه
knowledge-center/kc-international-lc-payment-terms-guide.html,https://pishtaj.ir/knowledge-center/kc-international-lc-payment-terms-guide.html,راهنمای اعتبار اسنادی (LC) در خرید بین‌المللی | پیشرو تجهیز فرتاک,1612,1139,0.88,6,0,بله,خیر,نگهداری و ارتقا,محتوای اختصاصیِ قوی (1139 قطعهٔ یکتا) · هم‌راستا با حوزهٔ فروش/تامین
knowledge-center/kc-lightning-protection-arrester.html,https://pishtaj.ir/knowledge-center/kc-lightning-protection-arrester.html,راهنمای کامل برقگیر و سیستم حفاظت در برابر صاعقه صنعتی,1636,1137,0.884,4,0,خیر,خیر,نگهداری و ارتقا,محتوای اختصاصیِ قوی (1137 قطعهٔ یکتا)
knowledge-center/kc-steel-industry-equipment.html,https://pishtaj.ir/knowledge-center/kc-steel-industry-equipment.html,راهنمای کامل تجهیزات صنعت فولاد؛ مشخصات و قیمت | پیشرو تجهیز فرتاک,1610,1137,0.877,10,0,بله,خیر,نگهداری و ارتقا,محتوای اختصاصیِ قوی (1137 قطعهٔ یکتا) · هم‌راستا با حوزهٔ فروش/تامین
knowledge-center/kc-steel-plate-specifications.html,https://pishtaj.ir/knowledge-center/kc-steel-plate-specifications.html,راهنمای کامل مشخصات فنی ورق‌های فولادی صنعتی؛ مشخصات و قیمت | پیشرو تجهیز فرتاک,1602,1137,0.871,3,0,بله,خیر,نگهداری و ارتقا,محتوای اختصاصیِ قوی (1137 قطعهٔ یکتا) · هم‌راستا با حوزهٔ فروش/تامین
knowledge-center/kc-incoterms-fob-cif-risk-transfer-comparison.html,https://pishtaj.ir/knowledge-center/kc-incoterms-fob-cif-risk-transfer-comparison.html,مقایسهٔ انتقال ریسک در ترم‌های FOB و CIF | پیشرو تجهیز فرتاک,1645,1136,0.881,7,0,خیر,بله,نگهداری و ارتقا,محتوای اختصاصیِ قوی (1136 قطعهٔ یکتا) · موضوعِ استانداردی/حیاتی برای پروژه
knowledge-center/kc-led.html,https://pishtaj.ir/knowledge-center/kc-led.html,راهنمای کامل سیستم روشنایی صنعتی؛ مشخصات و قیمت | پیشرو تجهیز فرتاک,1610,1136,0.857,2,0,بله,خیر,نگهداری و ارتقا,محتوای اختصاصیِ قوی (1136 قطعهٔ یکتا) · هم‌راستا با حوزهٔ فروش/تامین
knowledge-center/kc-steel-beam-rebar-specifications.html,https://pishtaj.ir/knowledge-center/kc-steel-beam-rebar-specifications.html,راهنمای کامل مشخصات فنی تیرآهن و میلگرد صنعتی؛ مشخصات و قیمت | پیشرو تجهیز فرتاک,1614,1136,0.871,3,0,بله,خیر,نگهداری و ارتقا,محتوای اختصاصیِ قوی (1136 قطعهٔ یکتا) · هم‌راستا با حوزهٔ فروش/تامین
knowledge-center/kc-compressed-air-system.html,https://pishtaj.ir/knowledge-center/kc-compressed-air-system.html,راهنمای کامل سیستم هوای فشرده صنعتی؛ مشخصات و قیمت | پیشرو تجهیز فرتاک,1595,1134,0.869,7,0,بله,خیر,نگهداری و ارتقا,محتوای اختصاصیِ قوی (1134 قطعهٔ یکتا) · هم‌راستا با حوزهٔ فروش/تامین
knowledge-center/kc-ngl-lpg-lng.html,https://pishtaj.ir/knowledge-center/kc-ngl-lpg-lng.html,"راهنمای کامل تجهیزات خطوط گاز طبیعی (NGL, LPG, LNG)",1639,1131,0.864,4,0,خیر,خیر,نگهداری و ارتقا,محتوای اختصاصیِ قوی (1131 قطعهٔ یکتا)
knowledge-center/kc-supplier-qualification-assessment.html,https://pishtaj.ir/knowledge-center/kc-supplier-qualification-assessment.html,راهنمای کامل ارزیابی و تایید صلاحیت تامین‌کنندگان,1613,1131,0.871,3,0,بله,خیر,نگهداری و ارتقا,محتوای اختصاصیِ قوی (1131 قطعهٔ یکتا) · هم‌راستا با حوزهٔ فروش/تامین
knowledge-center/kc-oil-gas-export-terminal-equipment.html,https://pishtaj.ir/knowledge-center/kc-oil-gas-export-terminal-equipment.html,راهنمای کامل تجهیزات پایانه‌های صادراتی نفت و گاز,1624,1128,0.87,4,0,خیر,خیر,نگهداری و ارتقا,محتوای اختصاصیِ قوی (1128 قطعهٔ یکتا)
knowledge-center/kc-international-marketing-oil-gas.html,https://pishtaj.ir/knowledge-center/kc-international-marketing-oil-gas.html,راهنمای کامل بازاریابی بین‌المللی در صنایع نفت و گاز,1636,1127,0.87,5,0,خیر,خیر,نگهداری و ارتقا,محتوای اختصاصیِ قوی (1127 قطعهٔ یکتا)
knowledge-center/kc-energy-management-oil-gas.html,https://pishtaj.ir/knowledge-center/kc-energy-management-oil-gas.html,راهنمای کامل مدیریت انرژی در صنایع نفت و گاز؛ مشخصات و قیمت | پیشرو تجهیز فرتاک,1631,1124,0.87,4,0,بله,خیر,نگهداری و ارتقا,محتوای اختصاصیِ قوی (1124 قطعهٔ یکتا) · هم‌راستا با حوزهٔ فروش/تامین
knowledge-center/kc-control-room-equipment-standards.html,https://pishtaj.ir/knowledge-center/kc-control-room-equipment-standards.html,راهنمای کامل اتاق کنترل صنعتی؛ مشخصات و قیمت | پیشرو تجهیز فرتاک,1580,1117,0.869,3,0,بله,خیر,نگهداری و ارتقا,محتوای اختصاصیِ قوی (1117 قطعهٔ یکتا) · هم‌راستا با حوزهٔ فروش/تامین
knowledge-center/kc-industrial-laboratory-equipment.html,https://pishtaj.ir/knowledge-center/kc-industrial-laboratory-equipment.html,راهنمای کامل تجهیزات آزمایشگاهی صنعتی؛ مشخصات و قیمت | پیشرو تجهیز فرتاک,1571,1114,0.869,2,0,بله,خیر,نگهداری و ارتقا,محتوای اختصاصیِ قوی (1114 قطعهٔ یکتا) · هم‌راستا با حوزهٔ فروش/تامین
knowledge-center/kc-customs-clearance.html,https://pishtaj.ir/knowledge-center/kc-customs-clearance.html,راهنمای کامل ترخیص گمرکی کالاهای صنعتی؛ مشخصات و قیمت | پیشرو تجهیز فرتاک,1578,1107,0.874,3,0,بله,خیر,نگهداری و ارتقا,محتوای اختصاصیِ قوی (1107 قطعهٔ یکتا) · هم‌راستا با حوزهٔ فروش/تامین
knowledge-center/kc-international-supply-contracts.html,https://pishtaj.ir/knowledge-center/kc-international-supply-contracts.html,راهنمای کامل قراردادهای تامین بین‌المللی تجهیزات صنعتی,1583,1107,0.874,10,0,بله,خیر,نگهداری و ارتقا,محتوای اختصاصیِ قوی (1107 قطعهٔ یکتا) · هم‌راستا با حوزهٔ فروش/تامین
knowledge-center/kc-dcs.html,https://pishtaj.ir/knowledge-center/kc-dcs.html,راهنمای کامل سیستم DCS در صنایع فرایندی؛ مشخصات و قیمت | پیشرو تجهیز فرتاک,1589,1104,0.861,4,0,بله,خیر,نگهداری و ارتقا,محتوای اختصاصیِ قوی (1104 قطعهٔ یکتا) · هم‌راستا با حوزهٔ فروش/تامین
knowledge-center/kc-spiral-wound-kammprofile.html,https://pishtaj.ir/knowledge-center/kc-spiral-wound-kammprofile.html,راهنمای کامل گسکت Spiral Wound و Kammprofile؛ مشخصات و قیمت | پیشرو تجهیز فرتاک,1575,1100,0.853,4,0,بله,خیر,نگهداری و ارتقا,محتوای اختصاصیِ قوی (1100 قطعهٔ یکتا) · هم‌راستا با حوزهٔ فروش/تامین
knowledge-center/kc-lubrication-system.html,https://pishtaj.ir/knowledge-center/kc-lubrication-system.html,راهنمای کامل سیستم روغن‌کاری صنعتی (Lubrication System),1577,1098,0.853,6,0,خیر,خیر,نگهداری و ارتقا,محتوای اختصاصیِ قوی (1098 قطعهٔ یکتا)
knowledge-center/kc-fm200-co2-foam-water.html,https://pishtaj.ir/knowledge-center/kc-fm200-co2-foam-water.html,راهنمای کامل سیستم اطفاء حریق صنعتی؛ مشخصات و قیمت | پیشرو تجهیز فرتاک,1574,1097,0.86,4,0,بله,خیر,نگهداری و ارتقا,محتوای اختصاصیِ قوی (1097 قطعهٔ یکتا) · هم‌راستا با حوزهٔ فروش/تامین
knowledge-center/kc-esd-fire-gas.html,https://pishtaj.ir/knowledge-center/kc-esd-fire-gas.html,راهنمای کامل سیستم ESD و Fire &amp; Gas (F&amp;G),1581,1093,0.853,3,0,خیر,خیر,نگهداری و ارتقا,محتوای اختصاصیِ قوی (1093 قطعهٔ یکتا)
knowledge-center/kc-hvac.html,https://pishtaj.ir/knowledge-center/kc-hvac.html,راهنمای کامل سیستم تهویه صنعتی (HVAC) و فن‌های صنعتی,1596,1092,0.852,3,0,خیر,خیر,نگهداری و ارتقا,محتوای اختصاصیِ قوی (1092 قطعهٔ یکتا)
knowledge-center/kc-cctv.html,https://pishtaj.ir/knowledge-center/kc-cctv.html,راهنمای کامل سیستم دوربین مداربسته صنعتی (CCTV),1581,1088,0.852,3,0,خیر,خیر,نگهداری و ارتقا,محتوای اختصاصیِ قوی (1088 قطعهٔ یکتا)
knowledge-center/kc-ndt.html,https://pishtaj.ir/knowledge-center/kc-ndt.html,راهنمای کامل تست‌های غیرمخرب (NDT) در پایپینگ؛ مشخصات و قیمت | پیشرو تجهیز فرتاک,1580,1088,0.852,7,0,بله,بله,نگهداری و ارتقا,محتوای اختصاصیِ قوی (1088 قطعهٔ یکتا) · هم‌راستا با حوزهٔ فروش/تامین · موضوعِ استانداردی/حیاتی برای پروژه
knowledge-center/kc-gas-dehydration-teg.html,https://pishtaj.ir/knowledge-center/kc-gas-dehydration-teg.html,راهنمای کامل تجهیزات آب‌گیری گاز (Gas Dehydration - TEG),1578,1086,0.852,3,0,خیر,خیر,نگهداری و ارتقا,محتوای اختصاصیِ قوی (1086 قطعهٔ یکتا)
knowledge-center/kc-incoterms-2024.html,https://pishtaj.ir/knowledge-center/kc-incoterms-2024.html,راهنمای کامل اینکوترمز (Incoterms) 2024 در تامین تجهیزات صنعتی,1604,1086,0.852,5,0,بله,خیر,نگهداری و ارتقا,محتوای اختصاصیِ قوی (1086 قطعهٔ یکتا) · هم‌راستا با حوزهٔ فروش/تامین
knowledge-center/kc-commissioning.html,https://pishtaj.ir/knowledge-center/kc-commissioning.html,راهنمای کامل تجهیزات تست و راه‌اندازی پروژه‌های صنعتی,1581,1081,0.851,3,0,خیر,خیر,نگهداری و ارتقا,محتوای اختصاصیِ قوی (1081 قطعهٔ یکتا)
knowledge-center/kc-ppe.html,https://pishtaj.ir/knowledge-center/kc-ppe.html,راهنمای کامل تجهیزات حفاظت فردی (PPE) صنعتی؛ مشخصات و قیمت | پیشرو تجهیز فرتاک,1568,1078,0.851,3,0,بله,خیر,نگهداری و ارتقا,محتوای اختصاصیِ قوی (1078 قطعهٔ یکتا) · هم‌راستا با حوزهٔ فروش/تامین
knowledge-center/kc-intrusion-detection-access-control.html,https://pishtaj.ir/knowledge-center/kc-intrusion-detection-access-control.html,راهنمای کامل سیستم اعلام سرقت و کنترل دسترسی صنعتی,1568,1077,0.862,3,0,خیر,خیر,نگهداری و ارتقا,محتوای اختصاصیِ قوی (1077 قطعهٔ یکتا)
knowledge-center/kc-hse.html,https://pishtaj.ir/knowledge-center/kc-hse.html,راهنمای کامل سیستم مدیریت ایمنی (HSE) در صنایع فرایندی,1596,1074,0.85,4,0,خیر,خیر,نگهداری و ارتقا,محتوای اختصاصیِ قوی (1074 قطعهٔ یکتا)
knowledge-center/kc-purchase-order-management.html,https://pishtaj.ir/knowledge-center/kc-purchase-order-management.html,راهنمای کامل مدیریت سفارشات خرید (Purchase Order Management),1594,1074,0.85,3,0,بله,خیر,نگهداری و ارتقا,محتوای اختصاصیِ قوی (1074 قطعهٔ یکتا) · هم‌راستا با حوزهٔ فروش/تامین
knowledge-center/kc-project-management-equipment-supply.html,https://pishtaj.ir/knowledge-center/kc-project-management-equipment-supply.html,راهنمای کامل مدیریت پروژه در تامین تجهیزات صنعتی,1564,1071,0.862,7,0,بله,خیر,نگهداری و ارتقا,محتوای اختصاصیِ قوی (1071 قطعهٔ یکتا) · هم‌راستا با حوزهٔ فروش/تامین
knowledge-center/gate-valve-complete-guide.html,https://pishtaj.ir/knowledge-center/gate-valve-complete-guide.html,راهنمای جامع Gate Valve (شیر دروازه‌ای) | پیشرو تجهیز فرتاک,1763,246,0.177,8,0,بله,خیر,بازنویسی فوری,هم‌راستا با حوزهٔ فروش/تامین · موضوع مهم ولی محتوای قالبی (246 یکتا) — باید واقعاً نوشته شود
knowledge-center/ball-vs-gate-valve-comparison.html,https://pishtaj.ir/knowledge-center/ball-vs-gate-valve-comparison.html,مقایسه Ball Valve و Gate Valve | پیشرو تجهیز فرتاک,1733,245,0.176,8,0,بله,بله,بازنویسی فوری,هم‌راستا با حوزهٔ فروش/تامین · موضوعِ استانداردی/حیاتی برای پروژه · موضوع مهم ولی محتوای قالبی (245 یکتا) — باید واقعاً نوشته شود
knowledge-center/api-6d-ball-valve-standard.html,https://pishtaj.ir/knowledge-center/api-6d-ball-valve-standard.html,استاندارد API 6D | پیشرو تجهیز فرتاک,1710,244,0.178,4,0,بله,بله,بازنویسی فوری,هم‌راستا با حوزهٔ فروش/تامین · موضوعِ استانداردی/حیاتی برای پروژه · موضوع مهم ولی محتوای قالبی (244 یکتا) — باید واقعاً نوشته شود
knowledge-center/api-5l-pipe-guide.html,https://pishtaj.ir/knowledge-center/api-5l-pipe-guide.html,مشخصات فنی لوله API 5L | پیشرو تجهیز فرتاک,1715,243,0.176,12,0,بله,بله,بازنویسی فوری,هم‌راستا با حوزهٔ فروش/تامین · موضوعِ استانداردی/حیاتی برای پروژه · موضوع مهم ولی محتوای قالبی (243 یکتا) — باید واقعاً نوشته شود
knowledge-center/wn-vs-so-flange-comparison.html,https://pishtaj.ir/knowledge-center/wn-vs-so-flange-comparison.html,مقایسه فلنج گلودار (WN) و اسلیپ‌آن (SO) | پیشرو تجهیز فرتاک,1762,241,0.174,6,0,بله,بله,بازنویسی فوری,هم‌راستا با حوزهٔ فروش/تامین · موضوعِ استانداردی/حیاتی برای پروژه · موضوع مهم ولی محتوای قالبی (241 یکتا) — باید واقعاً نوشته شود
knowledge-center/oil-gas-industry-supply-guide.html,https://pishtaj.ir/knowledge-center/oil-gas-industry-supply-guide.html,راهنمای تامین تجهیزات صنایع نفت و گاز | پیشرو تجهیز فرتاک,1731,240,0.173,9,0,بله,خیر,بازنویسی فوری,هم‌راستا با حوزهٔ فروش/تامین · موضوع مهم ولی محتوای قالبی (240 یکتا) — باید واقعاً نوشته شود
knowledge-center/pipe-fittings-guide.html,https://pishtaj.ir/knowledge-center/pipe-fittings-guide.html,راهنمای اتصالات فیتینگ پایپینگ | پیشرو تجهیز فرتاک,1730,237,0.171,5,0,بله,خیر,بازنویسی فوری,هم‌راستا با حوزهٔ فروش/تامین · موضوع مهم ولی محتوای قالبی (237 یکتا) — باید واقعاً نوشته شود
knowledge-center/api-600-gate-valve-standard.html,https://pishtaj.ir/knowledge-center/api-600-gate-valve-standard.html,استاندارد API 600 | پیشرو تجهیز فرتاک,1709,233,0.17,7,0,بله,بله,بازنویسی فوری,هم‌راستا با حوزهٔ فروش/تامین · موضوعِ استانداردی/حیاتی برای پروژه · موضوع مهم ولی محتوای قالبی (233 یکتا) — باید واقعاً نوشته شود
knowledge-center/asme-b36-10-pipe-dimensions.html,https://pishtaj.ir/knowledge-center/asme-b36-10-pipe-dimensions.html,استاندارد ASME B36.10 | پیشرو تجهیز فرتاک,1685,229,0.167,3,0,بله,بله,بازنویسی فوری,هم‌راستا با حوزهٔ فروش/تامین · موضوعِ استانداردی/حیاتی برای پروژه · موضوع مهم ولی محتوای قالبی (229 یکتا) — باید واقعاً نوشته شود
knowledge-center/butterfly-valve-complete-guide.html,https://pishtaj.ir/knowledge-center/butterfly-valve-complete-guide.html,راهنمای جامع Butterfly Valve (شیر پروانه‌ای) | پیشرو تجهیز فرتاک,1727,227,0.165,4,0,بله,خیر,بازنویسی فوری,هم‌راستا با حوزهٔ فروش/تامین · موضوع مهم ولی محتوای قالبی (227 یکتا) — باید واقعاً نوشته شود
knowledge-center/globe-valve-complete-guide.html,https://pishtaj.ir/knowledge-center/globe-valve-complete-guide.html,راهنمای جامع Globe Valve (شیر کروی) | پیشرو تجهیز فرتاک,1716,224,0.164,8,0,بله,خیر,بازنویسی فوری,هم‌راستا با حوزهٔ فروش/تامین · موضوع مهم ولی محتوای قالبی (224 یکتا) — باید واقعاً نوشته شود
knowledge-center/hart-protocol-complete-guide.html,https://pishtaj.ir/knowledge-center/hart-protocol-complete-guide.html,راهنمای کامل پروتکل HART در ابزار دقیق صنعتی؛ مشخصات و قیمت | پیشرو تجهیز فرتاک,1705,215,0.158,2,0,بله,خیر,بازنویسی فوری,هم‌راستا با حوزهٔ فروش/تامین · موضوع مهم ولی محتوای قالبی (215 یکتا) — باید واقعاً نوشته شود
knowledge-center/gasket-types-guide.html,https://pishtaj.ir/knowledge-center/gasket-types-guide.html,راهنمای انواع گسکت صنعتی | پیشرو تجهیز فرتاک,1705,206,0.152,5,0,بله,خیر,بازنویسی فوری,هم‌راستا با حوزهٔ فروش/تامین · موضوع مهم ولی محتوای قالبی (206 یکتا) — باید واقعاً نوشته شود
knowledge-center/a106-pipe-procurement-guide.html,https://pishtaj.ir/knowledge-center/a106-pipe-procurement-guide.html,راهنمای خرید و قیمت لوله A106 Gr.B | پیشرو تجهیز فرتاک,1690,205,0.153,5,0,بله,خیر,بازنویسی فوری,هم‌راستا با حوزهٔ فروش/تامین · موضوع مهم ولی محتوای قالبی (205 یکتا) — باید واقعاً نوشته شود
knowledge-center/check-valve-complete-guide.html,https://pishtaj.ir/knowledge-center/check-valve-complete-guide.html,راهنمای جامع Check Valve (شیر یک‌طرفه) | پیشرو تجهیز فرتاک,1706,198,0.147,6,0,بله,خیر,بازنویسی فوری,هم‌راستا با حوزهٔ فروش/تامین · موضوع مهم ولی محتوای قالبی (198 یکتا) — باید واقعاً نوشته شود
knowledge-center/a106-api-5l.html,https://pishtaj.ir/knowledge-center/a106-api-5l.html,مقایسه لوله A106 و API 5L | پیشرو تجهیز فرتاک,1805,186,0.128,11,0,بله,بله,بازنویسی فوری,هم‌راستا با حوزهٔ فروش/تامین · موضوعِ استانداردی/حیاتی برای پروژه · موضوع مهم ولی محتوای قالبی (186 یکتا) — باید واقعاً نوشته شود
knowledge-center/api-5l-x65.html,https://pishtaj.ir/knowledge-center/api-5l-x65.html,لوله API 5L X65 | پیشرو تجهیز فرتاک,1796,182,0.125,4,0,بله,بله,بازنویسی فوری,هم‌راستا با حوزهٔ فروش/تامین · موضوعِ استانداردی/حیاتی برای پروژه · موضوع مهم ولی محتوای قالبی (182 یکتا) — باید واقعاً نوشته شود
knowledge-center/dual-plate-check-valve.html,https://pishtaj.ir/knowledge-center/dual-plate-check-valve.html,راهنمای شیرهای Dual Plate Check Valve | پیشرو تجهیز فرتاک,1805,180,0.124,3,0,بله,خیر,بازنویسی فوری,هم‌راستا با حوزهٔ فروش/تامین · موضوع مهم ولی محتوای قالبی (180 یکتا) — باید واقعاً نوشته شود
knowledge-center/globe-angle-valve.html,https://pishtaj.ir/knowledge-center/globe-angle-valve.html,مقایسه شیر Globe و Angle Valve | پیشرو تجهیز فرتاک,1807,180,0.124,4,0,بله,خیر,بازنویسی فوری,هم‌راستا با حوزهٔ فروش/تامین · موضوع مهم ولی محتوای قالبی (180 یکتا) — باید واقعاً نوشته شود
knowledge-center/tilting-disc-check-valve.html,https://pishtaj.ir/knowledge-center/tilting-disc-check-valve.html,راهنمای شیر Tilting Disc Check Valve | پیشرو تجهیز فرتاک,1801,176,0.122,2,0,بله,خیر,بازنویسی فوری,هم‌راستا با حوزهٔ فروش/تامین · موضوع مهم ولی محتوای قالبی (176 یکتا) — باید واقعاً نوشته شود
knowledge-center/ndt-inspection-industrial-guide.html,https://pishtaj.ir/knowledge-center/ndt-inspection-industrial-guide.html,راهنمای تست‌های NDT در بازرسی صنعتی | پیشرو تجهیز فرتاک,1662,175,0.132,5,0,خیر,بله,بازنویسی فوری,موضوعِ استانداردی/حیاتی برای پروژه · موضوع مهم ولی محتوای قالبی (175 یکتا) — باید واقعاً نوشته شود
knowledge-center/electric-actuator.html,https://pishtaj.ir/knowledge-center/electric-actuator.html,محرک الکتریکی (Electric Actuator) شیرآلات | پیشرو تجهیز فرتاک,1796,173,0.12,2,0,بله,خیر,بازنویسی فوری,هم‌راستا با حوزهٔ فروش/تامین · موضوع مهم ولی محتوای قالبی (173 یکتا) — باید واقعاً نوشته شود
knowledge-center/temperature-transmitter-guide.html,https://pishtaj.ir/knowledge-center/temperature-transmitter-guide.html,راهنمای ترانسمیتر دما | پیشرو تجهیز فرتاک,1652,170,0.129,5,0,بله,خیر,بازنویسی فوری,هم‌راستا با حوزهٔ فروش/تامین · موضوع مهم ولی محتوای قالبی (170 یکتا) — باید واقعاً نوشته شود
knowledge-center/knife-gate-valve.html,https://pishtaj.ir/knowledge-center/knife-gate-valve.html,Knife Gate Valve | پیشرو تجهیز فرتاک,1769,156,0.11,1,0,بله,خیر,بازنویسی فوری,هم‌راستا با حوزهٔ فروش/تامین · موضوع مهم ولی محتوای قالبی (156 یکتا) — باید واقعاً نوشته شود
knowledge-center/ball-valve-api-6d.html,https://pishtaj.ir/knowledge-center/ball-valve-api-6d.html,Ball Valve API 6D | پیشرو تجهیز فرتاک,1777,155,0.109,3,0,بله,بله,بازنویسی فوری,هم‌راستا با حوزهٔ فروش/تامین · موضوعِ استانداردی/حیاتی برای پروژه · موضوع مهم ولی محتوای قالبی (155 یکتا) — باید واقعاً نوشته شود
knowledge-center/astm-a106-a53.html,https://pishtaj.ir/knowledge-center/astm-a106-a53.html,مقایسه ASTM A106 و A53 | پیشرو تجهیز فرتاک,1769,153,0.107,3,0,خیر,بله,بازنویسی فوری,موضوعِ استانداردی/حیاتی برای پروژه · موضوع مهم ولی محتوای قالبی (153 یکتا) — باید واقعاً نوشته شود
knowledge-center/globe-gate-valve.html,https://pishtaj.ir/knowledge-center/globe-gate-valve.html,مقایسه Globe و Gate Valve | پیشرو تجهیز فرتاک,1780,153,0.108,6,0,بله,خیر,بازنویسی فوری,هم‌راستا با حوزهٔ فروش/تامین · موضوع مهم ولی محتوای قالبی (153 یکتا) — باید واقعاً نوشته شود
knowledge-center/butterfly-valve-api-609-concentric-offset.html,https://pishtaj.ir/knowledge-center/butterfly-valve-api-609-concentric-offset.html,Butterfly Valve API 609 | پیشرو تجهیز فرتاک,1769,151,0.106,2,0,بله,خیر,بازنویسی فوری,هم‌راستا با حوزهٔ فروش/تامین · موضوع مهم ولی محتوای قالبی (151 یکتا) — باید واقعاً نوشته شود
knowledge-center/nace-mr0175.html,https://pishtaj.ir/knowledge-center/nace-mr0175.html,استاندارد NACE MR0175 در لوله و فلنج | پیشرو تجهیز فرتاک,1772,146,0.103,3,0,بله,بله,بازنویسی فوری,هم‌راستا با حوزهٔ فروش/تامین · موضوعِ استانداردی/حیاتی برای پروژه · موضوع مهم ولی محتوای قالبی (146 یکتا) — باید واقعاً نوشته شود
knowledge-center/api-5l-x70.html,https://pishtaj.ir/knowledge-center/api-5l-x70.html,لوله API 5L X70 | پیشرو تجهیز فرتاک,1742,139,0.099,3,0,بله,بله,بازنویسی فوری,هم‌راستا با حوزهٔ فروش/تامین · موضوعِ استانداردی/حیاتی برای پروژه · موضوع مهم ولی محتوای قالبی (139 یکتا) — باید واقعاً نوشته شود
knowledge-center/high-temperature.html,https://pishtaj.ir/knowledge-center/high-temperature.html,انتخاب شیر برای دمای بالا (High Temperature) | پیشرو تجهیز فرتاک,1755,139,0.099,2,0,بله,خیر,بازنویسی فوری,هم‌راستا با حوزهٔ فروش/تامین · موضوع مهم ولی محتوای قالبی (139 یکتا) — باید واقعاً نوشته شود
knowledge-center/api-5l-psl2-psl1.html,https://pishtaj.ir/knowledge-center/api-5l-psl2-psl1.html,لوله API 5L PSL2 | پیشرو تجهیز فرتاک,1765,138,0.098,5,0,بله,بله,بازنویسی فوری,هم‌راستا با حوزهٔ فروش/تامین · موضوعِ استانداردی/حیاتی برای پروژه · موضوع مهم ولی محتوای قالبی (138 یکتا) — باید واقعاً نوشته شود
knowledge-center/psv-prv-api-520-api-526.html,https://pishtaj.ir/knowledge-center/psv-prv-api-520-api-526.html,شیر اطمینان PSV/PRV | پیشرو تجهیز فرتاک,1752,137,0.097,4,0,بله,خیر,بازنویسی فوری,هم‌راستا با حوزهٔ فروش/تامین · موضوع مهم ولی محتوای قالبی (137 یکتا) — باید واقعاً نوشته شود
knowledge-center/rosemount-3051.html,https://pishtaj.ir/knowledge-center/rosemount-3051.html,ترانسمیتر فشار Rosemount 3051؛ مشخصات فنی و نصب | پیشرو تجهیز فرتاک,1768,137,0.097,4,0,بله,خیر,بازنویسی فوری,هم‌راستا با حوزهٔ فروش/تامین · موضوع مهم ولی محتوای قالبی (137 یکتا) — باید واقعاً نوشته شود
knowledge-center/yokogawa-eja.html,https://pishtaj.ir/knowledge-center/yokogawa-eja.html,ترانسمیتر فشار Yokogawa EJA | پیشرو تجهیز فرتاک,1758,136,0.096,1,0,بله,خیر,بازنویسی فوری,هم‌راستا با حوزهٔ فروش/تامین · موضوع مهم ولی محتوای قالبی (136 یکتا) — باید واقعاً نوشته شود
knowledge-center/api-600.html,https://pishtaj.ir/knowledge-center/api-600.html,راهنمای شیر دروازه‌ای API 600 | پیشرو تجهیز فرتاک,1741,133,0.094,3,0,بله,خیر,بازنویسی فوری,هم‌راستا با حوزهٔ فروش/تامین · موضوع مهم ولی محتوای قالبی (133 یکتا) — باید واقعاً نوشته شود
knowledge-center/class-i-class-vi.html,https://pishtaj.ir/knowledge-center/class-i-class-vi.html,مقایسه نرخ نشتی شیرآلات | پیشرو تجهیز فرتاک,1754,131,0.093,2,0,بله,خیر,بازنویسی فوری,هم‌راستا با حوزهٔ فروش/تامین · موضوع مهم ولی محتوای قالبی (131 یکتا) — باید واقعاً نوشته شود
knowledge-center/api-5l-x52.html,https://pishtaj.ir/knowledge-center/api-5l-x52.html,API 5L X52 مشخصات کامل خطوط انتقال | پیشرو تجهیز فرتاک,1662,130,0.097,5,0,خیر,بله,بازنویسی فوری,موضوعِ استانداردی/حیاتی برای پروژه · موضوع مهم ولی محتوای قالبی (130 یکتا) — باید واقعاً نوشته شود
knowledge-center/check-valve-swing-lift-dual-plate.html,https://pishtaj.ir/knowledge-center/check-valve-swing-lift-dual-plate.html,مقایسه شیر Check Valve | پیشرو تجهیز فرتاک,1753,130,0.093,5,0,بله,خیر,بازنویسی فوری,هم‌راستا با حوزهٔ فروش/تامین · موضوع مهم ولی محتوای قالبی (130 یکتا) — باید واقعاً نوشته شود
knowledge-center/nozzle-check-valve.html,https://pishtaj.ir/knowledge-center/nozzle-check-valve.html,شیر Nozzle Check Valve | پیشرو تجهیز فرتاک,1752,129,0.092,7,0,بله,خیر,بازنویسی فوری,هم‌راستا با حوزهٔ فروش/تامین · موضوع مهم ولی محتوای قالبی (129 یکتا) — باید واقعاً نوشته شود
knowledge-center/rosemount-644.html,https://pishtaj.ir/knowledge-center/rosemount-644.html,ترانسمیتر دما Rosemount 644 | پیشرو تجهیز فرتاک,1757,128,0.091,2,0,بله,خیر,بازنویسی فوری,هم‌راستا با حوزهٔ فروش/تامین · موضوع مهم ولی محتوای قالبی (128 یکتا) — باید واقعاً نوشته شود
knowledge-center/astm-a209.html,https://pishtaj.ir/knowledge-center/astm-a209.html,راهنمای لوله ASTM A209 | پیشرو تجهیز فرتاک,1738,127,0.091,10,0,بله,بله,بازنویسی فوری,هم‌راستا با حوزهٔ فروش/تامین · موضوعِ استانداردی/حیاتی برای پروژه · موضوع مهم ولی محتوای قالبی (127 یکتا) — باید واقعاً نوشته شود
knowledge-center/gearbox-handwheel-worm-gear.html,https://pishtaj.ir/knowledge-center/gearbox-handwheel-worm-gear.html,راهنمای Gearbox شیرآلات | پیشرو تجهیز فرتاک,1746,127,0.091,2,0,بله,خیر,بازنویسی فوری,هم‌راستا با حوزهٔ فروش/تامین · موضوع مهم ولی محتوای قالبی (127 یکتا) — باید واقعاً نوشته شود
knowledge-center/astm-a213.html,https://pishtaj.ir/knowledge-center/astm-a213.html,لوله ASTM A213 | پیشرو تجهیز فرتاک,1738,126,0.09,10,0,بله,بله,بازنویسی فوری,هم‌راستا با حوزهٔ فروش/تامین · موضوعِ استانداردی/حیاتی برای پروژه · موضوع مهم ولی محتوای قالبی (126 یکتا) — باید واقعاً نوشته شود
knowledge-center/plug-valve-lubricated-non-lubricated.html,https://pishtaj.ir/knowledge-center/plug-valve-lubricated-non-lubricated.html,راهنمای Plug Valve | پیشرو تجهیز فرتاک,1740,126,0.09,3,0,بله,خیر,بازنویسی فوری,هم‌راستا با حوزهٔ فروش/تامین · موضوع مهم ولی محتوای قالبی (126 یکتا) — باید واقعاً نوشته شود
knowledge-center/stainless-steel.html,https://pishtaj.ir/knowledge-center/stainless-steel.html,شیر Stainless Steel | پیشرو تجهیز فرتاک,1752,125,0.089,6,0,بله,خیر,بازنویسی فوری,هم‌راستا با حوزهٔ فروش/تامین · موضوع مهم ولی محتوای قالبی (125 یکتا) — باید واقعاً نوشته شود
knowledge-center/en-10204-certificate-guide.html,https://pishtaj.ir/knowledge-center/en-10204-certificate-guide.html,راهنمای کامل EN 10204؛ مشخصات و قیمت | پیشرو تجهیز فرتاک,1608,124,0.097,5,0,بله,خیر,بازنویسی فوری,هم‌راستا با حوزهٔ فروش/تامین · موضوع مهم ولی محتوای قالبی (124 یکتا) — باید واقعاً نوشته شود
knowledge-center/shell-seat-closure.html,https://pishtaj.ir/knowledge-center/shell-seat-closure.html,تست شیرآلات | پیشرو تجهیز فرتاک,1745,123,0.088,2,0,بله,خیر,بازنویسی فوری,هم‌راستا با حوزهٔ فروش/تامین · موضوع مهم ولی محتوای قالبی (123 یکتا) — باید واقعاً نوشته شود
knowledge-center/astm-a312.html,https://pishtaj.ir/knowledge-center/astm-a312.html,راهنمای لوله ASTM A312 | پیشرو تجهیز فرتاک,1737,122,0.087,9,0,بله,بله,بازنویسی فوری,هم‌راستا با حوزهٔ فروش/تامین · موضوعِ استانداردی/حیاتی برای پروژه · موضوع مهم ولی محتوای قالبی (122 یکتا) — باید واقعاً نوشته شود
knowledge-center/astm-jis.html,https://pishtaj.ir/knowledge-center/astm-jis.html,مقایسه استاندارد ASTM و JIS در پایپینگ | پیشرو تجهیز فرتاک,1743,122,0.087,4,0,خیر,بله,بازنویسی فوری,موضوعِ استانداردی/حیاتی برای پروژه · موضوع مهم ولی محتوای قالبی (122 یکتا) — باید واقعاً نوشته شود
knowledge-center/angle-valve.html,https://pishtaj.ir/knowledge-center/angle-valve.html,راهنمای شیر زاویه‌ای (Angle Valve) | پیشرو تجهیز فرتاک,1740,121,0.087,16,0,بله,خیر,بازنویسی فوری,هم‌راستا با حوزهٔ فروش/تامین · موضوع مهم ولی محتوای قالبی (121 یکتا) — باید واقعاً نوشته شود
knowledge-center/article-002.html,https://pishtaj.ir/knowledge-center/article-002.html,مقایسه لوله کربن استیل و استینلس استیل | پیشرو تجهیز فرتاک,1739,121,0.087,24,0,بله,خیر,بازنویسی فوری,هم‌راستا با حوزهٔ فروش/تامین · موضوع مهم ولی محتوای قالبی (121 یکتا) — باید واقعاً نوشته شود
knowledge-center/cryogenic-valve-lng.html,https://pishtaj.ir/knowledge-center/cryogenic-valve-lng.html,شیر برودتی (Cryogenic Valve) | پیشرو تجهیز فرتاک,1737,121,0.087,2,0,بله,خیر,بازنویسی فوری,هم‌راستا با حوزهٔ فروش/تامین · موضوع مهم ولی محتوای قالبی (121 یکتا) — باید واقعاً نوشته شود
knowledge-center/astm-a182-f304-f316.html,https://pishtaj.ir/knowledge-center/astm-a182-f304-f316.html,ASTM A182 F304/F316 | پیشرو تجهیز فرتاک,1728,120,0.086,1,0,خیر,بله,بازنویسی فوری,موضوعِ استانداردی/حیاتی برای پروژه · موضوع مهم ولی محتوای قالبی (120 یکتا) — باید واقعاً نوشته شود
knowledge-center/ghz-80.html,https://pishtaj.ir/knowledge-center/ghz-80.html,ترانسمیتر سطح راداری GHz 80 | پیشرو تجهیز فرتاک,1747,120,0.086,2,0,بله,خیر,بازنویسی فوری,هم‌راستا با حوزهٔ فروش/تامین · موضوع مهم ولی محتوای قالبی (120 یکتا) — باید واقعاً نوشته شود
knowledge-center/lv-iec-61439.html,https://pishtaj.ir/knowledge-center/lv-iec-61439.html,تابلو LV | پیشرو تجهیز فرتاک,1754,120,0.086,2,0,خیر,بله,بازنویسی فوری,موضوعِ استانداردی/حیاتی برای پروژه · موضوع مهم ولی محتوای قالبی (120 یکتا) — باید واقعاً نوشته شود
knowledge-center/pilot-operated-valve.html,https://pishtaj.ir/knowledge-center/pilot-operated-valve.html,شیر پایلوت (Pilot Operated Valve) | پیشرو تجهیز فرتاک,1736,120,0.086,1,0,بله,خیر,بازنویسی فوری,هم‌راستا با حوزهٔ فروش/تامین · موضوع مهم ولی محتوای قالبی (120 یکتا) — باید واقعاً نوشته شود
knowledge-center/ut.html,https://pishtaj.ir/knowledge-center/ut.html,راهنمای تست UT لوله (فراصوت) | پیشرو تجهیز فرتاک,1736,120,0.086,2,0,بله,خیر,بازنویسی فوری,هم‌راستا با حوزهٔ فروش/تامین · موضوع مهم ولی محتوای قالبی (120 یکتا) — باید واقعاً نوشته شود
knowledge-center/article-001.html,https://pishtaj.ir/knowledge-center/article-001.html,تست هیدرواستاتیک لوله | پیشرو تجهیز فرتاک,1737,119,0.086,24,0,بله,خیر,بازنویسی فوری,هم‌راستا با حوزهٔ فروش/تامین · موضوع مهم ولی محتوای قالبی (119 یکتا) — باید واقعاً نوشته شود
knowledge-center/article-003.html,https://pishtaj.ir/knowledge-center/article-003.html,راهنمای انتخاب شیر بر اساس کلاس فشار | پیشرو تجهیز فرتاک,1733,118,0.084,24,0,بله,خیر,بازنویسی فوری,هم‌راستا با حوزهٔ فروش/تامین · موضوع مهم ولی محتوای قالبی (118 یکتا) — باید واقعاً نوشته شود
knowledge-center/astm-a105.html,https://pishtaj.ir/knowledge-center/astm-a105.html,ASTM A105 | پیشرو تجهیز فرتاک,1733,118,0.084,10,0,خیر,بله,بازنویسی فوری,موضوعِ استانداردی/حیاتی برای پروژه · موضوع مهم ولی محتوای قالبی (118 یکتا) — باید واقعاً نوشته شود
knowledge-center/astm-a234-wpb.html,https://pishtaj.ir/knowledge-center/astm-a234-wpb.html,ASTM A234 WPB | پیشرو تجهیز فرتاک,1733,118,0.084,2,0,خیر,بله,بازنویسی فوری,موضوعِ استانداردی/حیاتی برای پروژه · موضوع مهم ولی محتوای قالبی (118 یکتا) — باید واقعاً نوشته شود
knowledge-center/astm-a403-wp304-wp316.html,https://pishtaj.ir/knowledge-center/astm-a403-wp304-wp316.html,ASTM A403 WP304/WP316 | پیشرو تجهیز فرتاک,1735,118,0.084,1,0,خیر,بله,بازنویسی فوری,موضوعِ استانداردی/حیاتی برای پروژه · موضوع مهم ولی محتوای قالبی (118 یکتا) — باید واقعاً نوشته شود
knowledge-center/diaphragm-valve.html,https://pishtaj.ir/knowledge-center/diaphragm-valve.html,Diaphragm Valve | پیشرو تجهیز فرتاک,1729,118,0.085,15,0,بله,خیر,بازنویسی فوری,هم‌راستا با حوزهٔ فروش/تامین · موضوع مهم ولی محتوای قالبی (118 یکتا) — باید واقعاً نوشته شود
knowledge-center/mv-iec-62271.html,https://pishtaj.ir/knowledge-center/mv-iec-62271.html,تابلو MV | پیشرو تجهیز فرتاک,1750,118,0.084,4,0,خیر,بله,بازنویسی فوری,موضوعِ استانداردی/حیاتی برای پروژه · موضوع مهم ولی محتوای قالبی (118 یکتا) — باید واقعاً نوشته شود
knowledge-center/asme-b16-5.html,https://pishtaj.ir/knowledge-center/asme-b16-5.html,ASME B16.5 | پیشرو تجهیز فرتاک,1754,117,0.084,5,0,خیر,بله,بازنویسی فوری,موضوعِ استانداردی/حیاتی برای پروژه · موضوع مهم ولی محتوای قالبی (117 یکتا) — باید واقعاً نوشته شود
knowledge-center/asme-b31-3.html,https://pishtaj.ir/knowledge-center/asme-b31-3.html,ASME B31.3 | پیشرو تجهیز فرتاک,1723,117,0.084,3,0,خیر,بله,بازنویسی فوری,موضوعِ استانداردی/حیاتی برای پروژه · موضوع مهم ولی محتوای قالبی (117 یکتا) — باید واقعاً نوشته شود
knowledge-center/astm-a105-astm-a350-lf2.html,https://pishtaj.ir/knowledge-center/astm-a105-astm-a350-lf2.html,مقایسه ASTM A105 و ASTM A350 LF2 | پیشرو تجهیز فرتاک,1738,117,0.084,3,0,خیر,بله,بازنویسی فوری,موضوعِ استانداردی/حیاتی برای پروژه · موضوع مهم ولی محتوای قالبی (117 یکتا) — باید واقعاً نوشته شود
knowledge-center/pinch-valve.html,https://pishtaj.ir/knowledge-center/pinch-valve.html,Pinch Valve | پیشرو تجهیز فرتاک,1728,117,0.084,9,0,بله,خیر,بازنویسی فوری,هم‌راستا با حوزهٔ فروش/تامین · موضوع مهم ولی محتوای قالبی (117 یکتا) — باید واقعاً نوشته شود
knowledge-center/article-027.html,https://pishtaj.ir/knowledge-center/article-027.html,مقایسه شیر فولادی و چدنی | پیشرو تجهیز فرتاک,1737,116,0.083,1,0,بله,خیر,بازنویسی فوری,هم‌راستا با حوزهٔ فروش/تامین · موضوع مهم ولی محتوای قالبی (116 یکتا) — باید واقعاً نوشته شود
knowledge-center/cerabar.html,https://pishtaj.ir/knowledge-center/cerabar.html,ترانسمیتر فشار اندرس هاسر Cerabar | پیشرو تجهیز فرتاک,1744,116,0.083,1,0,بله,خیر,بازنویسی فوری,هم‌راستا با حوزهٔ فروش/تامین · موضوع مهم ولی محتوای قالبی (116 یکتا) — باید واقعاً نوشته شود
knowledge-center/din-ansi.html,https://pishtaj.ir/knowledge-center/din-ansi.html,مقایسه استاندارد DIN و ANSI در پایپینگ | پیشرو تجهیز فرتاک,1740,116,0.083,2,0,خیر,بله,بازنویسی فوری,موضوعِ استانداردی/حیاتی برای پروژه · موضوع مهم ولی محتوای قالبی (116 یکتا) — باید واقعاً نوشته شود
knowledge-center/dpt.html,https://pishtaj.ir/knowledge-center/dpt.html,ترانسمیتر اختلاف فشار DPT | پیشرو تجهیز فرتاک,1750,116,0.083,3,0,بله,خیر,بازنویسی فوری,هم‌راستا با حوزهٔ فروش/تامین · موضوع مهم ولی محتوای قالبی (116 یکتا) — باید واقعاً نوشته شود
knowledge-center/article-014.html,https://pishtaj.ir/knowledge-center/article-014.html,تامین تجهیزات خطوط لوله انتقال | پیشرو تجهیز فرتاک,1727,115,0.083,1,0,بله,خیر,بازنویسی فوری,هم‌راستا با حوزهٔ فروش/تامین · موضوع مهم ولی محتوای قالبی (115 یکتا) — باید واقعاً نوشته شود
knowledge-center/vendor-qualification.html,https://pishtaj.ir/knowledge-center/vendor-qualification.html,راهنمای تأیید صلاحیت تامین‌کننده (Vendor Qualification),1741,115,0.082,4,0,بله,خیر,بازنویسی فوری,هم‌راستا با حوزهٔ فروش/تامین · موضوع مهم ولی محتوای قالبی (115 یکتا) — باید واقعاً نوشته شود
knowledge-center/article-031.html,https://pishtaj.ir/knowledge-center/article-031.html,مقایسه برندهای شیرآلات اروپایی و آسیایی | پیشرو تجهیز فرتاک,1738,114,0.082,1,0,بله,خیر,بازنویسی فوری,هم‌راستا با حوزهٔ فروش/تامین · موضوع مهم ولی محتوای قالبی (114 یکتا) — باید واقعاً نوشته شود
knowledge-center/asme-b16-34.html,https://pishtaj.ir/knowledge-center/asme-b16-34.html,استاندارد ASME B16.34 | پیشرو تجهیز فرتاک,1718,114,0.082,3,0,خیر,بله,بازنویسی فوری,موضوعِ استانداردی/حیاتی برای پروژه · موضوع مهم ولی محتوای قالبی (114 یکتا) — باید واقعاً نوشته شود
knowledge-center/article-023.html,https://pishtaj.ir/knowledge-center/article-023.html,انتخاب شیر برای خطوط گاز | پیشرو تجهیز فرتاک,1732,113,0.081,1,0,بله,خیر,بازنویسی فوری,هم‌راستا با حوزهٔ فروش/تامین · موضوع مهم ولی محتوای قالبی (113 یکتا) — باید واقعاً نوشته شود
knowledge-center/asme-b16-9.html,https://pishtaj.ir/knowledge-center/asme-b16-9.html,ASME B16.9 | پیشرو تجهیز فرتاک,1750,113,0.081,5,0,خیر,بله,بازنویسی فوری,موضوعِ استانداردی/حیاتی برای پروژه · موضوع مهم ولی محتوای قالبی (113 یکتا) — باید واقعاً نوشته شود
knowledge-center/article-021.html,https://pishtaj.ir/knowledge-center/article-021.html,انتخاب شیر برای سرویس بخار | پیشرو تجهیز فرتاک,1733,111,0.08,1,0,بله,خیر,بازنویسی فوری,هم‌راستا با حوزهٔ فروش/تامین · موضوع مهم ولی محتوای قالبی (111 یکتا) — باید واقعاً نوشته شود
knowledge-center/a333-gr-6.html,https://pishtaj.ir/knowledge-center/a333-gr-6.html,راهنمای کامل لوله A333 Gr.6 برای دمای پایین؛ مشخصات و قیمت | پیشرو تجهیز فرتاک,1735,109,0.079,3,0,بله,خیر,بازنویسی فوری,هم‌راستا با حوزهٔ فروش/تامین · موضوع مهم ولی محتوای قالبی (109 یکتا) — باید واقعاً نوشته شود
knowledge-center/api-610.html,https://pishtaj.ir/knowledge-center/api-610.html,API 610 | پیشرو تجهیز فرتاک,1738,108,0.078,3,0,خیر,بله,بازنویسی فوری,موضوعِ استانداردی/حیاتی برای پروژه · موضوع مهم ولی محتوای قالبی (108 یکتا) — باید واقعاً نوشته شود
knowledge-center/article-041.html,https://pishtaj.ir/knowledge-center/article-041.html,ترانسمیتر سطح التراسونیک | پیشرو تجهیز فرتاک,1729,106,0.077,1,0,بله,خیر,بازنویسی فوری,هم‌راستا با حوزهٔ فروش/تامین · موضوع مهم ولی محتوای قالبی (106 یکتا) — باید واقعاً نوشته شود
knowledge-center/ndt-rt.html,https://pishtaj.ir/knowledge-center/ndt-rt.html,بازرسی NDT با تست رادیوگرافی (RT) | پیشرو تجهیز فرتاک,1731,106,0.077,4,0,خیر,بله,بازنویسی فوری,موضوعِ استانداردی/حیاتی برای پروژه · موضوع مهم ولی محتوای قالبی (106 یکتا) — باید واقعاً نوشته شود
knowledge-center/a53-gr-b.html,https://pishtaj.ir/knowledge-center/a53-gr-b.html,راهنمای خرید لوله A53 Gr.B | پیشرو تجهیز فرتاک,1726,105,0.076,4,0,بله,خیر,بازنویسی فوری,هم‌راستا با حوزهٔ فروش/تامین · موضوع مهم ولی محتوای قالبی (105 یکتا) — باید واقعاً نوشته شود
knowledge-center/api-617.html,https://pishtaj.ir/knowledge-center/api-617.html,API 617 | پیشرو تجهیز فرتاک,1711,105,0.076,1,0,خیر,بله,بازنویسی فوری,موضوعِ استانداردی/حیاتی برای پروژه · موضوع مهم ولی محتوای قالبی (105 یکتا) — باید واقعاً نوشته شود
knowledge-center/ndt-ut.html,https://pishtaj.ir/knowledge-center/ndt-ut.html,بازرسی NDT با تست فراصوت (UT) | پیشرو تجهیز فرتاک,1733,105,0.076,4,0,خیر,بله,بازنویسی فوری,موضوعِ استانداردی/حیاتی برای پروژه · موضوع مهم ولی محتوای قالبی (105 یکتا) — باید واقعاً نوشته شود
knowledge-center/article-007.html,https://pishtaj.ir/knowledge-center/article-007.html,کالیبراسیون ترانسمیتر دما | پیشرو تجهیز فرتاک,1728,104,0.075,7,0,بله,خیر,بازنویسی فوری,هم‌راستا با حوزهٔ فروش/تامین · موضوع مهم ولی محتوای قالبی (104 یکتا) — باید واقعاً نوشته شود
knowledge-center/article-052.html,https://pishtaj.ir/knowledge-center/article-052.html,مقایسه برندهای ترانسمیتر صنعتی | پیشرو تجهیز فرتاک,1726,104,0.075,1,0,بله,خیر,بازنویسی فوری,هم‌راستا با حوزهٔ فروش/تامین · موضوع مهم ولی محتوای قالبی (104 یکتا) — باید واقعاً نوشته شود
knowledge-center/astm-a53-gr-b.html,https://pishtaj.ir/knowledge-center/astm-a53-gr-b.html,مشخصات لوله ASTM A53 Gr.B | پیشرو تجهیز فرتاک,1720,104,0.075,10,0,بله,بله,بازنویسی فوری,هم‌راستا با حوزهٔ فروش/تامین · موضوعِ استانداردی/حیاتی برای پروژه · موضوع مهم ولی محتوای قالبی (104 یکتا) — باید واقعاً نوشته شود
knowledge-center/article-006.html,https://pishtaj.ir/knowledge-center/article-006.html,ترانسمیتر سطح هیدرواستاتیک | پیشرو تجهیز فرتاک,1724,103,0.075,24,0,بله,خیر,بازنویسی فوری,هم‌راستا با حوزهٔ فروش/تامین · موضوع مهم ولی محتوای قالبی (103 یکتا) — باید واقعاً نوشته شود
knowledge-center/erw.html,https://pishtaj.ir/knowledge-center/erw.html,مقایسه لوله جوشی ERW و لوله اسپیرال | پیشرو تجهیز فرتاک,1714,100,0.073,3,0,بله,بله,بازنویسی فوری,هم‌راستا با حوزهٔ فروش/تامین · موضوعِ استانداردی/حیاتی برای پروژه · موضوع مهم ولی محتوای قالبی (100 یکتا) — باید واقعاً نوشته شود
knowledge-center/article-012.html,https://pishtaj.ir/knowledge-center/article-012.html,تامین تجهیزات صنعت فولاد | پیشرو تجهیز فرتاک,1719,99,0.072,1,0,بله,خیر,بازنویسی فوری,هم‌راستا با حوزهٔ فروش/تامین · موضوع مهم ولی محتوای قالبی (99 یکتا) — باید واقعاً نوشته شود
knowledge-center/article-013.html,https://pishtaj.ir/knowledge-center/article-013.html,تامین تجهیزات نیروگاه سیکل ترکیبی | پیشرو تجهیز فرتاک,1719,98,0.071,1,0,بله,خیر,بازنویسی فوری,هم‌راستا با حوزهٔ فروش/تامین · موضوع مهم ولی محتوای قالبی (98 یکتا) — باید واقعاً نوشته شود
knowledge-center/article-017.html,https://pishtaj.ir/knowledge-center/article-017.html,تامین تجهیزات صنعت سیمان | پیشرو تجهیز فرتاک,1719,98,0.071,1,0,بله,خیر,بازنویسی فوری,هم‌راستا با حوزهٔ فروش/تامین · موضوع مهم ولی محتوای قالبی (98 یکتا) — باید واقعاً نوشته شود
knowledge-center/asme-b31-1.html,https://pishtaj.ir/knowledge-center/asme-b31-1.html,ASME B31.1 | پیشرو تجهیز فرتاک,1710,97,0.071,3,0,خیر,بله,بازنویسی فوری,موضوعِ استانداردی/حیاتی برای پروژه · موضوع مهم ولی محتوای قالبی (97 یکتا) — باید واقعاً نوشته شود
knowledge-center/article-009.html,https://pishtaj.ir/knowledge-center/article-009.html,قرارداد تامین صنعتی | پیشرو تجهیز فرتاک,1716,95,0.069,1,0,بله,خیر,بازنویسی فوری,هم‌راستا با حوزهٔ فروش/تامین · موضوع مهم ولی محتوای قالبی (95 یکتا) — باید واقعاً نوشته شود
knowledge-center/schedule-sch-40-80-160.html,https://pishtaj.ir/knowledge-center/schedule-sch-40-80-160.html,راهنمای ضخامت دیواره لوله (Schedule) | پیشرو تجهیز فرتاک,1697,92,0.068,3,0,بله,خیر,بازنویسی فوری,هم‌راستا با حوزهٔ فروش/تامین · موضوع مهم ولی محتوای قالبی (92 یکتا) — باید واقعاً نوشته شود
knowledge-center/a106-gr-b-a333-gr-6.html,https://pishtaj.ir/knowledge-center/a106-gr-b-a333-gr-6.html,مقایسه لوله A106 Gr.B و A333 Gr.6 | پیشرو تجهیز فرتاک,1705,89,0.065,5,0,بله,خیر,بازنویسی فوری,هم‌راستا با حوزهٔ فروش/تامین · موضوع مهم ولی محتوای قالبی (89 یکتا) — باید واقعاً نوشته شود
knowledge-center/api-5l-x52-x60-x65.html,https://pishtaj.ir/knowledge-center/api-5l-x52-x60-x65.html,مقایسه لوله API 5L X52 و X60 و X65 | پیشرو تجهیز فرتاک,1696,87,0.064,5,0,بله,بله,بازنویسی فوری,هم‌راستا با حوزهٔ فروش/تامین · موضوعِ استانداردی/حیاتی برای پروژه · موضوع مهم ولی محتوای قالبی (87 یکتا) — باید واقعاً نوشته شود
knowledge-center/asme-b36-19.html,https://pishtaj.ir/knowledge-center/asme-b36-19.html,راهنمای ابعاد لوله طبق ASME B36.19 | پیشرو تجهیز فرتاک,1695,87,0.064,5,0,بله,بله,بازنویسی فوری,هم‌راستا با حوزهٔ فروش/تامین · موضوعِ استانداردی/حیاتی برای پروژه · موضوع مهم ولی محتوای قالبی (87 یکتا) — باید واقعاً نوشته شود
knowledge-center/ss304-ss316.html,https://pishtaj.ir/knowledge-center/ss304-ss316.html,لوله استینلس استیل SS304 و SS316 | پیشرو تجهیز فرتاک,1707,87,0.064,4,0,بله,خیر,بازنویسی فوری,هم‌راستا با حوزهٔ فروش/تامین · موضوع مهم ولی محتوای قالبی (87 یکتا) — باید واقعاً نوشته شود
knowledge-center/iso-9001.html,https://pishtaj.ir/knowledge-center/iso-9001.html,ISO 9001 برای تامین‌کنندگان صنعتی | پیشرو تجهیز فرتاک,1615,86,0.067,1,0,بله,بله,بازنویسی فوری,هم‌راستا با حوزهٔ فروش/تامین · موضوعِ استانداردی/حیاتی برای پروژه · موضوع مهم ولی محتوای قالبی (86 یکتا) — باید واقعاً نوشته شود
knowledge-center/astm-a335-p11-p22-p91.html,https://pishtaj.ir/knowledge-center/astm-a335-p11-p22-p91.html,"لوله آلیاژی ASTM A335 P11, P22, P91 | پیشرو تجهیز فرتاک",1696,85,0.062,4,0,بله,بله,بازنویسی فوری,هم‌راستا با حوزهٔ فروش/تامین · موضوعِ استانداردی/حیاتی برای پروژه · موضوع مهم ولی محتوای قالبی (85 یکتا) — باید واقعاً نوشته شود
knowledge-center/o2-co2-h2s.html,https://pishtaj.ir/knowledge-center/o2-co2-h2s.html,آنالایزر گاز صنعتی | پیشرو تجهیز فرتاک,1708,85,0.062,3,0,خیر,بله,بازنویسی فوری,موضوعِ استانداردی/حیاتی برای پروژه · موضوع مهم ولی محتوای قالبی (85 یکتا) — باید واقعاً نوشته شود
knowledge-center/asme-b16-11-socket-weld-threaded.html,https://pishtaj.ir/knowledge-center/asme-b16-11-socket-weld-threaded.html,ASME B16.11 | پیشرو تجهیز فرتاک,1692,82,0.061,3,0,خیر,بله,بازنویسی فوری,موضوعِ استانداردی/حیاتی برای پروژه · موضوع مهم ولی محتوای قالبی (82 یکتا) — باید واقعاً نوشته شود
knowledge-center/socket-weld-threaded.html,https://pishtaj.ir/knowledge-center/socket-weld-threaded.html,مقایسه فلنج Socket Weld و Threaded | پیشرو تجهیز فرتاک,1699,82,0.061,4,0,بله,خیر,بازنویسی فوری,هم‌راستا با حوزهٔ فروش/تامین · موضوع مهم ولی محتوای قالبی (82 یکتا) — باید واقعاً نوشته شود
knowledge-center/fire-test-api-607.html,https://pishtaj.ir/knowledge-center/fire-test-api-607.html,راهنمای تست آتش (Fire Test) شیرآلات | پیشرو تجهیز فرتاک,1700,81,0.059,4,0,بله,خیر,بازنویسی فوری,هم‌راستا با حوزهٔ فروش/تامین · موضوع مهم ولی محتوای قالبی (81 یکتا) — باید واقعاً نوشته شود
knowledge-center/pressure-gauge-asme-b40-100.html,https://pishtaj.ir/knowledge-center/pressure-gauge-asme-b40-100.html,گیج فشار (Pressure Gauge) | پیشرو تجهیز فرتاک,1692,81,0.06,3,0,خیر,بله,بازنویسی فوری,موضوعِ استانداردی/حیاتی برای پروژه · موضوع مهم ولی محتوای قالبی (81 یکتا) — باید واقعاً نوشته شود
knowledge-center/control-valve-iec-60534.html,https://pishtaj.ir/knowledge-center/control-valve-iec-60534.html,شیر کنترل (Control Valve) | پیشرو تجهیز فرتاک,1687,80,0.059,6,0,بله,بله,بازنویسی فوری,هم‌راستا با حوزهٔ فروش/تامین · موضوعِ استانداردی/حیاتی برای پروژه · موضوع مهم ولی محتوای قالبی (80 یکتا) — باید واقعاً نوشته شود
knowledge-center/astm-a179.html,https://pishtaj.ir/knowledge-center/astm-a179.html,راهنمای لوله ASTM A179 | پیشرو تجهیز فرتاک,1697,78,0.058,12,0,بله,بله,بازنویسی فوری,هم‌راستا با حوزهٔ فروش/تامین · موضوعِ استانداردی/حیاتی برای پروژه · موضوع مهم ولی محتوای قالبی (78 یکتا) — باید واقعاً نوشته شود
knowledge-center/astm-a335-p91.html,https://pishtaj.ir/knowledge-center/astm-a335-p91.html,لوله ASTM A335 P91 | پیشرو تجهیز فرتاک,1691,78,0.058,2,0,بله,بله,بازنویسی فوری,هم‌راستا با حوزهٔ فروش/تامین · موضوعِ استانداردی/حیاتی برای پروژه · موضوع مهم ولی محتوای قالبی (78 یکتا) — باید واقعاً نوشته شود
knowledge-center/plc-siemens-s7-1500.html,https://pishtaj.ir/knowledge-center/plc-siemens-s7-1500.html,کنترلر PLC Siemens S7-1500 | پیشرو تجهیز فرتاک,1686,78,0.058,3,0,بله,خیر,بازنویسی فوری,هم‌راستا با حوزهٔ فروش/تامین · موضوع مهم ولی محتوای قالبی (78 یکتا) — باید واقعاً نوشته شود
knowledge-center/seat-ptfe-peek-nylon.html,https://pishtaj.ir/knowledge-center/seat-ptfe-peek-nylon.html,مواد نشیمنگاه (Seat) در شیرآلات | پیشرو تجهیز فرتاک,1691,73,0.054,4,0,بله,خیر,بازنویسی فوری,هم‌راستا با حوزهٔ فروش/تامین · موضوع مهم ولی محتوای قالبی (73 یکتا) — باید واقعاً نوشته شود
knowledge-center/sil-iec-61508-iec-61511.html,https://pishtaj.ir/knowledge-center/sil-iec-61508-iec-61511.html,SIL در ابزار دقیق | پیشرو تجهیز فرتاک,1688,69,0.051,4,0,خیر,بله,بازنویسی فوری,موضوعِ استانداردی/حیاتی برای پروژه · موضوع مهم ولی محتوای قالبی (69 یکتا) — باید واقعاً نوشته شود
knowledge-center/kc-steel-continuous-casting-mold-cooling.html,https://pishtaj.ir/knowledge-center/kc-steel-continuous-casting-mold-cooling.html,خنک‌کاری قالب ریخته‌گری مداوم فولاد | پیشرو تجهیز فرتاک,1670,1265,0.891,2,0,خیر,خیر,ادغام,محتوای اختصاصیِ قوی (1265 قطعهٔ یکتا) · محتوای متوسط (1265) — ادغام در صفحهٔ قوی‌ترِ هم‌موضوع
knowledge-center/kc-protective-relay-coordination-curve.html,https://pishtaj.ir/knowledge-center/kc-protective-relay-coordination-curve.html,منحنی هماهنگی رله‌های حفاظتی (Coordination) | پیشرو تجهیز فرتاک,1675,1231,0.896,2,0,خیر,خیر,ادغام,محتوای اختصاصیِ قوی (1231 قطعهٔ یکتا) · محتوای متوسط (1231) — ادغام در صفحهٔ قوی‌ترِ هم‌موضوع
knowledge-center/kc-refinery-distillation-column-tray-design.html,https://pishtaj.ir/knowledge-center/kc-refinery-distillation-column-tray-design.html,طراحی سینی برج تقطیر پالایشگاه | پیشرو تجهیز فرتاک,1679,1229,0.889,2,0,خیر,خیر,ادغام,محتوای اختصاصیِ قوی (1229 قطعهٔ یکتا) · محتوای متوسط (1229) — ادغام در صفحهٔ قوی‌ترِ هم‌موضوع
knowledge-center/kc-dcs-redundancy-architecture-guide.html,https://pishtaj.ir/knowledge-center/kc-dcs-redundancy-architecture-guide.html,معماری افزونگی (Redundancy) سیستم DCS | پیشرو تجهیز فرتاک,1673,1214,0.895,2,0,خیر,خیر,ادغام,محتوای اختصاصیِ قوی (1214 قطعهٔ یکتا) · محتوای متوسط (1214) — ادغام در صفحهٔ قوی‌ترِ هم‌موضوع
knowledge-center/kc-wastewater-sludge-treatment-methods.html,https://pishtaj.ir/knowledge-center/kc-wastewater-sludge-treatment-methods.html,روش‌های تصفیهٔ لجن پساب صنعتی | پیشرو تجهیز فرتاک,1682,1207,0.887,2,0,خیر,خیر,ادغام,محتوای اختصاصیِ قوی (1207 قطعهٔ یکتا) · محتوای متوسط (1207) — ادغام در صفحهٔ قوی‌ترِ هم‌موضوع
knowledge-center/kc-level-measurement-6-methods.html,https://pishtaj.ir/knowledge-center/kc-level-measurement-6-methods.html,راهنمای کامل اندازه‌گیری سطح در صنایع نفت و گاز,1646,1153,0.886,2,0,خیر,خیر,ادغام,محتوای اختصاصیِ قوی (1153 قطعهٔ یکتا) · محتوای متوسط (1153) — ادغام در صفحهٔ قوی‌ترِ هم‌موضوع
knowledge-center/kc-crude-oil-products-storage-system.html,https://pishtaj.ir/knowledge-center/kc-crude-oil-products-storage-system.html,راهنمای کامل سیستم ذخیره‌سازی نفت خام و فرآورده‌های نفتی,1630,1148,0.872,1,0,خیر,خیر,ادغام,محتوای اختصاصیِ قوی (1148 قطعهٔ یکتا) · محتوای متوسط (1148) — ادغام در صفحهٔ قوی‌ترِ هم‌موضوع
knowledge-center/kc-bms.html,https://pishtaj.ir/knowledge-center/kc-bms.html,راهنمای کامل سیستم اتوماسیون ساختمان (BMS) صنعتی,1610,1140,0.858,2,0,خیر,خیر,ادغام,محتوای اختصاصیِ قوی (1140 قطعهٔ یکتا) · محتوای متوسط (1140) — ادغام در صفحهٔ قوی‌ترِ هم‌موضوع
knowledge-center/kc-ct-pt.html,https://pishtaj.ir/knowledge-center/kc-ct-pt.html,راهنمای کامل ترانسفورماتورهای جریان (CT) و ولتاژ (PT),1640,1139,0.858,2,0,خیر,خیر,ادغام,محتوای اختصاصیِ قوی (1139 قطعهٔ یکتا) · محتوای متوسط (1139) — ادغام در صفحهٔ قوی‌ترِ هم‌موضوع
knowledge-center/kc-load-cell.html,https://pishtaj.ir/knowledge-center/kc-load-cell.html,راهنمای کامل لودسل (Load Cell) و سیستم توزین صنعتی,1647,1136,0.857,2,0,خیر,خیر,ادغام,محتوای اختصاصیِ قوی (1136 قطعهٔ یکتا) · محتوای متوسط (1136) — ادغام در صفحهٔ قوی‌ترِ هم‌موضوع
knowledge-center/kc-offshore.html,https://pishtaj.ir/knowledge-center/kc-offshore.html,راهنمای کامل تجهیزات صنایع نفت و گاز فراساحل (Offshore),1641,1134,0.864,2,0,خیر,خیر,ادغام,محتوای اختصاصیِ قوی (1134 قطعهٔ یکتا) · محتوای متوسط (1134) — ادغام در صفحهٔ قوی‌ترِ هم‌موضوع
knowledge-center/kc-fire-alarm-detection-system.html,https://pishtaj.ir/knowledge-center/kc-fire-alarm-detection-system.html,راهنمای کامل سیستم آتش‌نشان و اعلام حریق صنعتی,1607,1131,0.871,1,0,خیر,خیر,ادغام,محتوای اختصاصیِ قوی (1131 قطعهٔ یکتا) · محتوای متوسط (1131) — ادغام در صفحهٔ قوی‌ترِ هم‌موضوع
knowledge-center/kc-industrial-equipment-export.html,https://pishtaj.ir/knowledge-center/kc-industrial-equipment-export.html,راهنمای کامل صادرات تجهیزات صنعتی به بازارهای بین‌المللی,1607,1114,0.869,2,0,خیر,خیر,ادغام,محتوای اختصاصیِ قوی (1114 قطعهٔ یکتا) · محتوای متوسط (1114) — ادغام در صفحهٔ قوی‌ترِ هم‌موضوع
knowledge-center/kc-earthing.html,https://pishtaj.ir/knowledge-center/kc-earthing.html,راهنمای کامل سیستم اتصال به زمین (Earthing) پست‌های برق,1595,1097,0.86,2,0,خیر,خیر,ادغام,محتوای اختصاصیِ قوی (1097 قطعهٔ یکتا) · محتوای متوسط (1097) — ادغام در صفحهٔ قوی‌ترِ هم‌موضوع
knowledge-center/kc-cooling-water.html,https://pishtaj.ir/knowledge-center/kc-cooling-water.html,راهنمای کامل سیستم آب خنک‌کننده صنعتی (Cooling Water),1584,1096,0.86,2,0,خیر,خیر,ادغام,محتوای اختصاصیِ قوی (1096 قطعهٔ یکتا) · محتوای متوسط (1096) — ادغام در صفحهٔ قوی‌ترِ هم‌موضوع
knowledge-center/kc-sulfur-recovery.html,https://pishtaj.ir/knowledge-center/kc-sulfur-recovery.html,راهنمای کامل تجهیزات واحد بازیافت گوگرد (Sulfur Recovery),1587,1095,0.86,2,0,خیر,خیر,ادغام,محتوای اختصاصیِ قوی (1095 قطعهٔ یکتا) · محتوای متوسط (1095) — ادغام در صفحهٔ قوی‌ترِ هم‌موضوع
knowledge-center/kc-ngl-recovery.html,https://pishtaj.ir/knowledge-center/kc-ngl-recovery.html,راهنمای کامل تجهیزات خطوط انتقال گاز (NGL Recovery),1584,1094,0.86,2,0,خیر,خیر,ادغام,محتوای اختصاصیِ قوی (1094 قطعهٔ یکتا) · محتوای متوسط (1094) — ادغام در صفحهٔ قوی‌ترِ هم‌موضوع
knowledge-center/kc-nitrogen-air-natural-gas.html,https://pishtaj.ir/knowledge-center/kc-nitrogen-air-natural-gas.html,"راهنمای کامل سیستم گازرسانی صنعتی (Nitrogen, Air, Natural Gas)",1595,1094,0.86,2,0,خیر,خیر,ادغام,محتوای اختصاصیِ قوی (1094 قطعهٔ یکتا) · محتوای متوسط (1094) — ادغام در صفحهٔ قوی‌ترِ هم‌موضوع
knowledge-center/kc-sulfur-recovery-unit-sru.html,https://pishtaj.ir/knowledge-center/kc-sulfur-recovery-unit-sru.html,راهنمای کامل تجهیزات گوگردزدا (Sulfur Recovery Unit - SRU),1577,1093,0.86,2,0,خیر,خیر,ادغام,محتوای اختصاصیِ قوی (1093 قطعهٔ یکتا) · محتوای متوسط (1093) — ادغام در صفحهٔ قوی‌ترِ هم‌موضوع
knowledge-center/kc-desalter.html,https://pishtaj.ir/knowledge-center/kc-desalter.html,راهنمای کامل تجهیزات نمک‌زدایی نفت خام (Desalter),1572,1092,0.86,2,0,خیر,خیر,ادغام,محتوای اختصاصیِ قوی (1092 قطعهٔ یکتا) · محتوای متوسط (1092) — ادغام در صفحهٔ قوی‌ترِ هم‌موضوع
knowledge-center/kc-fcc-unit.html,https://pishtaj.ir/knowledge-center/kc-fcc-unit.html,راهنمای کامل تجهیزات کراکینگ کاتالیستی (FCC Unit),1568,1086,0.859,2,0,خیر,خیر,ادغام,محتوای اختصاصیِ قوی (1086 قطعهٔ یکتا) · محتوای متوسط (1086) — ادغام در صفحهٔ قوی‌ترِ هم‌موضوع
knowledge-center/kc-pm.html,https://pishtaj.ir/knowledge-center/kc-pm.html,راهنمای کامل نگهداری و تعمیرات (PM) تجهیزات صنعتی,1579,1080,0.851,2,0,خیر,خیر,ادغام,محتوای اختصاصیِ قوی (1080 قطعهٔ یکتا) · محتوای متوسط (1080) — ادغام در صفحهٔ قوی‌ترِ هم‌موضوع
knowledge-center/control-valve-cv-calculation-guide.html,https://pishtaj.ir/knowledge-center/control-valve-cv-calculation-guide.html,محاسبه Cv کنترل ولو چیست؟ راهنمای سایزینگ Control Valve,1160,849,0.927,15,0,بله,خیر,ادغام,هم‌راستا با حوزهٔ فروش/تامین · محتوای متوسط (849) — ادغام در صفحهٔ قوی‌ترِ هم‌موضوع
knowledge-center/control-valve-cavitation-guide.html,https://pishtaj.ir/knowledge-center/control-valve-cavitation-guide.html,کاویتاسیون در کنترل ولو چیست؟ روش تشخیص و جلوگیری,1147,826,0.925,14,0,بله,خیر,ادغام,هم‌راستا با حوزهٔ فروش/تامین · محتوای متوسط (826) — ادغام در صفحهٔ قوی‌ترِ هم‌موضوع
knowledge-center/nde-inspection-pipe-flange.html,https://pishtaj.ir/knowledge-center/nde-inspection-pipe-flange.html,راهنمای بازرسی NDE لوله و فلنج صنعتی | پیشرو تجهیز فرتاک,1832,678,0.475,3,0,بله,بله,ادغام,هم‌راستا با حوزهٔ فروش/تامین · موضوعِ استانداردی/حیاتی برای پروژه · محتوای متوسط (678) — ادغام در صفحهٔ قوی‌ترِ هم‌موضوع
knowledge-center/api-602-small-gate-valve.html,https://pishtaj.ir/knowledge-center/api-602-small-gate-valve.html,استاندارد API 602 | پیشرو تجهیز فرتاک,1823,669,0.468,4,0,بله,بله,ادغام,هم‌راستا با حوزهٔ فروش/تامین · موضوعِ استانداردی/حیاتی برای پروژه · محتوای متوسط (669) — ادغام در صفحهٔ قوی‌ترِ هم‌موضوع
knowledge-center/pressure-transmitter-calibration-guide.html,https://pishtaj.ir/knowledge-center/pressure-transmitter-calibration-guide.html,راهنمای کالیبراسیون ترانسمیتر فشار صنعتی | پیشرو تجهیز فرتاک,1827,665,0.467,6,0,بله,خیر,ادغام,هم‌راستا با حوزهٔ فروش/تامین · محتوای متوسط (665) — ادغام در صفحهٔ قوی‌ترِ هم‌موضوع
knowledge-center/flange-bolting-guide.html,https://pishtaj.ir/knowledge-center/flange-bolting-guide.html,راهنمای پیچ و مهره در اتصالات فلنجی صنعتی | پیشرو تجهیز فرتاک,1839,662,0.466,9,0,بله,خیر,ادغام,هم‌راستا با حوزهٔ فروش/تامین · محتوای متوسط (662) — ادغام در صفحهٔ قوی‌ترِ هم‌موضوع
knowledge-center/vfd-variable-frequency-drive-guide.html,https://pishtaj.ir/knowledge-center/vfd-variable-frequency-drive-guide.html,راهنمای درایو فرکانس متغیر VFD صنعتی | پیشرو تجهیز فرتاک,1823,659,0.464,4,0,خیر,خیر,ادغام,محتوای متوسط (659) — ادغام در صفحهٔ قوی‌ترِ هم‌موضوع
knowledge-center/rosemount-vs-yokogawa-comparison.html,https://pishtaj.ir/knowledge-center/rosemount-vs-yokogawa-comparison.html,مقایسه ترانسمیتر Rosemount و Yokogawa صنعتی | پیشرو تجهیز فرتاک,1824,653,0.459,6,0,بله,بله,ادغام,هم‌راستا با حوزهٔ فروش/تامین · موضوعِ استانداردی/حیاتی برای پروژه · محتوای متوسط (653) — ادغام در صفحهٔ قوی‌ترِ هم‌موضوع
knowledge-center/valve-body-material-selection.html,https://pishtaj.ir/knowledge-center/valve-body-material-selection.html,راهنمای انتخاب متریال بدنه شیرآلات صنعتی | پیشرو تجهیز فرتاک,1804,653,0.463,5,0,بله,خیر,ادغام,هم‌راستا با حوزهٔ فروش/تامین · محتوای متوسط (653) — ادغام در صفحهٔ قوی‌ترِ هم‌موضوع
knowledge-center/sour-service-equipment-guide.html,https://pishtaj.ir/knowledge-center/sour-service-equipment-guide.html,راهنمای تجهیزات سرویس اسیدی (Sour Service) | پیشرو تجهیز فرتاک,1814,649,0.458,2,0,خیر,بله,ادغام,موضوعِ استانداردی/حیاتی برای پروژه · محتوای متوسط (649) — ادغام در صفحهٔ قوی‌ترِ هم‌موضوع
knowledge-center/contactor-bimetal-guide.html,https://pishtaj.ir/knowledge-center/contactor-bimetal-guide.html,راهنمای کنتاکتور و بی متال در برق صنعتی | پیشرو تجهیز فرتاک,1816,647,0.46,3,0,خیر,خیر,ادغام,محتوای متوسط (647) — ادغام در صفحهٔ قوی‌ترِ هم‌موضوع
knowledge-center/control-valve-complete-guide.html,https://pishtaj.ir/knowledge-center/control-valve-complete-guide.html,راهنمای کامل شیر کنترل (Control Valve) صنعتی؛ مشخصات و قیمت | پیشرو تجهیز فرتاک,1814,647,0.459,12,0,بله,خیر,ادغام,هم‌راستا با حوزهٔ فروش/تامین · محتوای متوسط (647) — ادغام در صفحهٔ قوی‌ترِ هم‌موضوع
knowledge-center/electrical-brands-comparison.html,https://pishtaj.ir/knowledge-center/electrical-brands-comparison.html,مقایسه برندهای تجهیزات برق صنعتی | پیشرو تجهیز فرتاک,1805,647,0.461,2,0,خیر,بله,ادغام,موضوعِ استانداردی/حیاتی برای پروژه · محتوای متوسط (647) — ادغام در صفحهٔ قوی‌ترِ هم‌موضوع
knowledge-center/safety-relief-valve-guide.html,https://pishtaj.ir/knowledge-center/safety-relief-valve-guide.html,راهنمای شیر اطمینان و ایمنی (PSV/PRV) صنعتی | پیشرو تجهیز فرتاک,1815,647,0.459,4,0,بله,خیر,ادغام,هم‌راستا با حوزهٔ فروش/تامین · محتوای متوسط (647) — ادغام در صفحهٔ قوی‌ترِ هم‌موضوع
knowledge-center/radar-level-transmitter-guide.html,https://pishtaj.ir/knowledge-center/radar-level-transmitter-guide.html,راهنمای ترانسمیتر سطح راداری صنعتی | پیشرو تجهیز فرتاک,1797,642,0.457,4,0,بله,خیر,ادغام,هم‌راستا با حوزهٔ فروش/تامین · محتوای متوسط (642) — ادغام در صفحهٔ قوی‌ترِ هم‌موضوع
knowledge-center/valve-brands-comparison-guide.html,https://pishtaj.ir/knowledge-center/valve-brands-comparison-guide.html,راهنمای مقایسه برندهای شیرآلات صنعتی | پیشرو تجهیز فرتاک,1787,642,0.459,3,0,بله,بله,ادغام,هم‌راستا با حوزهٔ فروش/تامین · موضوعِ استانداردی/حیاتی برای پروژه · محتوای متوسط (642) — ادغام در صفحهٔ قوی‌ترِ هم‌موضوع
knowledge-center/plug-valve-guide.html,https://pishtaj.ir/knowledge-center/plug-valve-guide.html,راهنمای شیر پلاگ (Plug Valve) صنعتی | پیشرو تجهیز فرتاک,1787,640,0.458,5,0,بله,خیر,ادغام,هم‌راستا با حوزهٔ فروش/تامین · محتوای متوسط (640) — ادغام در صفحهٔ قوی‌ترِ هم‌موضوع
knowledge-center/valve-actuator-types-guide.html,https://pishtaj.ir/knowledge-center/valve-actuator-types-guide.html,راهنمای انواع محرک (Actuator) در شیرآلات صنعتی,1803,640,0.456,5,0,بله,خیر,ادغام,هم‌راستا با حوزهٔ فروش/تامین · محتوای متوسط (640) — ادغام در صفحهٔ قوی‌ترِ هم‌موضوع
knowledge-center/valve-testing-guide.html,https://pishtaj.ir/knowledge-center/valve-testing-guide.html,راهنمای تست شیرآلات صنعتی | پیشرو تجهیز فرتاک,1787,639,0.457,2,0,بله,خیر,ادغام,هم‌راستا با حوزهٔ فروش/تامین · محتوای متوسط (639) — ادغام در صفحهٔ قوی‌ترِ هم‌موضوع
knowledge-center/high-pressure-equipment-guide.html,https://pishtaj.ir/knowledge-center/high-pressure-equipment-guide.html,راهنمای تجهیزات فشار قوی و فوق‌العاده صنعتی | پیشرو تجهیز فرتاک,1796,637,0.457,3,0,خیر,خیر,ادغام,محتوای متوسط (637) — ادغام در صفحهٔ قوی‌ترِ هم‌موضوع
knowledge-center/pinch-valve-guide.html,https://pishtaj.ir/knowledge-center/pinch-valve-guide.html,راهنمای شیر پینچ (Pinch Valve) صنعتی | پیشرو تجهیز فرتاک,1785,637,0.457,11,0,بله,خیر,ادغام,هم‌راستا با حوزهٔ فروش/تامین · محتوای متوسط (637) — ادغام در صفحهٔ قوی‌ترِ هم‌موضوع
knowledge-center/power-distribution-transformer-guide.html,https://pishtaj.ir/knowledge-center/power-distribution-transformer-guide.html,راهنمای ترانسفورماتور قدرت و توزیع صنعتی | پیشرو تجهیز فرتاک,1799,637,0.455,2,0,خیر,خیر,ادغام,محتوای متوسط (637) — ادغام در صفحهٔ قوی‌ترِ هم‌موضوع
knowledge-center/valve-sealing-guide.html,https://pishtaj.ir/knowledge-center/valve-sealing-guide.html,راهنمای آب‌بندی (Sealing) در شیرآلات صنعتی | پیشرو تجهیز فرتاک,1785,637,0.457,2,0,بله,خیر,ادغام,هم‌راستا با حوزهٔ فروش/تامین · محتوای متوسط (637) — ادغام در صفحهٔ قوی‌ترِ هم‌موضوع
knowledge-center/astm-a105-vs-a234.html,https://pishtaj.ir/knowledge-center/astm-a105-vs-a234.html,مقایسه ASTM A105 و ASTM A234 در پایپینگ | پیشرو تجهیز فرتاک,1786,634,0.452,4,0,خیر,بله,ادغام,موضوعِ استانداردی/حیاتی برای پروژه · محتوای متوسط (634) — ادغام در صفحهٔ قوی‌ترِ هم‌موضوع
knowledge-center/cement-industry-supply-guide.html,https://pishtaj.ir/knowledge-center/cement-industry-supply-guide.html,راهنمای تامین تجهیزات صنایع سیمان | پیشرو تجهیز فرتاک,1779,631,0.455,8,0,بله,خیر,ادغام,هم‌راستا با حوزهٔ فروش/تامین · محتوای متوسط (631) — ادغام در صفحهٔ قوی‌ترِ هم‌موضوع
knowledge-center/power-plant-industry-supply-guide.html,https://pishtaj.ir/knowledge-center/power-plant-industry-supply-guide.html,راهنمای تامین تجهیزات نیروگاهی صنعتی | پیشرو تجهیز فرتاک,1779,631,0.455,4,0,بله,خیر,ادغام,هم‌راستا با حوزهٔ فروش/تامین · محتوای متوسط (631) — ادغام در صفحهٔ قوی‌ترِ هم‌موضوع
knowledge-center/petrochemical-industry-supply-guide.html,https://pishtaj.ir/knowledge-center/petrochemical-industry-supply-guide.html,راهنمای تامین تجهیزات صنایع پتروشیمی | پیشرو تجهیز فرتاک,1778,629,0.454,9,0,بله,خیر,ادغام,هم‌راستا با حوزهٔ فروش/تامین · محتوای متوسط (629) — ادغام در صفحهٔ قوی‌ترِ هم‌موضوع
knowledge-center/steam-system-equipment-guide.html,https://pishtaj.ir/knowledge-center/steam-system-equipment-guide.html,راهنمای تجهیزات سیستم بخار صنعتی | پیشرو تجهیز فرتاک,1783,627,0.451,8,0,خیر,خیر,ادغام,محتوای متوسط (627) — ادغام در صفحهٔ قوی‌ترِ هم‌موضوع
knowledge-center/corrosion-resistant-equipment-guide.html,https://pishtaj.ir/knowledge-center/corrosion-resistant-equipment-guide.html,راهنمای تجهیزات مقاوم به خوردگی صنعتی | پیشرو تجهیز فرتاک,1788,625,0.448,1,0,خیر,خیر,ادغام,محتوای متوسط (625) — ادغام در صفحهٔ قوی‌ترِ هم‌موضوع
knowledge-center/industrial-customs-clearance-guide.html,https://pishtaj.ir/knowledge-center/industrial-customs-clearance-guide.html,راهنمای ترخیص گمرکی کالاهای صنعتی | پیشرو تجهیز فرتاک,1780,621,0.447,4,0,خیر,خیر,ادغام,محتوای متوسط (621) — ادغام در صفحهٔ قوی‌ترِ هم‌موضوع
knowledge-center/steel-industry-supply-guide.html,https://pishtaj.ir/knowledge-center/steel-industry-supply-guide.html,راهنمای تامین تجهیزات صنایع فولاد | پیشرو تجهیز فرتاک,1780,621,0.447,9,0,بله,خیر,ادغام,هم‌راستا با حوزهٔ فروش/تامین · محتوای متوسط (621) — ادغام در صفحهٔ قوی‌ترِ هم‌موضوع
knowledge-center/incoterms-industrial-trade-guide.html,https://pishtaj.ir/knowledge-center/incoterms-industrial-trade-guide.html,راهنمای Incoterms 2024 در تجارت بین‌المللی صنعتی,1778,620,0.446,3,0,خیر,خیر,ادغام,محتوای متوسط (620) — ادغام در صفحهٔ قوی‌ترِ هم‌موضوع
knowledge-center/international-supply-contract-guide.html,https://pishtaj.ir/knowledge-center/international-supply-contract-guide.html,راهنمای قراردادهای تامین بین‌المللی صنعتی | پیشرو تجهیز فرتاک,1776,620,0.447,3,0,بله,خیر,ادغام,هم‌راستا با حوزهٔ فروش/تامین · محتوای متوسط (620) — ادغام در صفحهٔ قوی‌ترِ هم‌موضوع
knowledge-center/quality-assurance-supply-guide.html,https://pishtaj.ir/knowledge-center/quality-assurance-supply-guide.html,راهنمای تضمین کیفیت در تامین تجهیزات صنعتی | پیشرو تجهیز فرتاک,1780,619,0.446,3,0,بله,خیر,ادغام,هم‌راستا با حوزهٔ فروش/تامین · محتوای متوسط (619) — ادغام در صفحهٔ قوی‌ترِ هم‌موضوع
knowledge-center/nace-mr0175-sour-service-guide.html,https://pishtaj.ir/knowledge-center/nace-mr0175-sour-service-guide.html,راهنمای استاندارد NACE MR0175 | پیشرو تجهیز فرتاک,1776,612,0.443,9,0,خیر,بله,ادغام,موضوعِ استانداردی/حیاتی برای پروژه · محتوای متوسط (612) — ادغام در صفحهٔ قوی‌ترِ هم‌موضوع
knowledge-center/asme-b31-3-process-piping-guide.html,https://pishtaj.ir/knowledge-center/asme-b31-3-process-piping-guide.html,راهنمای استاندارد ASME B31.3 | پیشرو تجهیز فرتاک,1746,605,0.445,5,0,خیر,بله,ادغام,موضوعِ استانداردی/حیاتی برای پروژه · محتوای متوسط (605) — ادغام در صفحهٔ قوی‌ترِ هم‌موضوع
knowledge-center/soft-starter-guide.html,https://pishtaj.ir/knowledge-center/soft-starter-guide.html,راهنمای سافت استارتر در کنترل موتورهای صنعتی | پیشرو تجهیز فرتاک,1773,604,0.439,3,0,خیر,خیر,ادغام,محتوای متوسط (604) — ادغام در صفحهٔ قوی‌ترِ هم‌موضوع
knowledge-center/stainless-steel-pipe-guide.html,https://pishtaj.ir/knowledge-center/stainless-steel-pipe-guide.html,راهنمای لوله استینلس استیل (Stainless Steel Pipe),1754,604,0.444,9,0,بله,خیر,ادغام,هم‌راستا با حوزهٔ فروش/تامین · محتوای متوسط (604) — ادغام در صفحهٔ قوی‌ترِ هم‌موضوع
knowledge-center/hydrostatic-test-pipe-guide.html,https://pishtaj.ir/knowledge-center/hydrostatic-test-pipe-guide.html,راهنمای تست هیدرواستاتیک لوله | پیشرو تجهیز فرتاک,1743,603,0.444,3,0,بله,خیر,ادغام,هم‌راستا با حوزهٔ فروش/تامین · محتوای متوسط (603) — ادغام در صفحهٔ قوی‌ترِ هم‌موضوع
knowledge-center/gas-analyzer-industry-guide.html,https://pishtaj.ir/knowledge-center/gas-analyzer-industry-guide.html,راهنمای آنالایزر گاز صنعتی | پیشرو تجهیز فرتاک,1741,599,0.44,6,0,بله,خیر,ادغام,هم‌راستا با حوزهٔ فروش/تامین · محتوای متوسط (599) — ادغام در صفحهٔ قوی‌ترِ هم‌موضوع
knowledge-center/hart-calibration-training.html,https://pishtaj.ir/knowledge-center/hart-calibration-training.html,آموزش کالیبراسیون HART در ابزار دقیق صنعتی | پیشرو تجهیز فرتاک,1752,599,0.44,6,0,خیر,خیر,ادغام,محتوای متوسط (599) — ادغام در صفحهٔ قوی‌ترِ هم‌موضوع
knowledge-center/pressure-gauge-complete-guide.html,https://pishtaj.ir/knowledge-center/pressure-gauge-complete-guide.html,راهنمای کامل گیج فشار صنعتی؛ مشخصات و قیمت | پیشرو تجهیز فرتاک,1754,599,0.44,5,0,بله,خیر,ادغام,هم‌راستا با حوزهٔ فروش/تامین · محتوای متوسط (599) — ادغام در صفحهٔ قوی‌ترِ هم‌موضوع
knowledge-center/rtd-vs-thermocouple-comparison.html,https://pishtaj.ir/knowledge-center/rtd-vs-thermocouple-comparison.html,مقایسه سنسور دما RTD و Thermocouple صنعتی | پیشرو تجهیز فرتاک,1752,599,0.44,4,0,خیر,بله,ادغام,موضوعِ استانداردی/حیاتی برای پروژه · محتوای متوسط (599) — ادغام در صفحهٔ قوی‌ترِ هم‌موضوع
knowledge-center/diaphragm-seal-guide.html,https://pishtaj.ir/knowledge-center/diaphragm-seal-guide.html,راهنمای سیل جداکننده (Diaphragm Seal) در ابزار دقیق,1758,597,0.439,3,0,خیر,خیر,ادغام,محتوای متوسط (597) — ادغام در صفحهٔ قوی‌ترِ هم‌موضوع
knowledge-center/plc-types-industrial-guide.html,https://pishtaj.ir/knowledge-center/plc-types-industrial-guide.html,راهنمای انواع PLC صنعتی | پیشرو تجهیز فرتاک,1751,597,0.439,4,0,خیر,خیر,ادغام,محتوای متوسط (597) — ادغام در صفحهٔ قوی‌ترِ هم‌موضوع
knowledge-center/hydrostatic-level-transmitter.html,https://pishtaj.ir/knowledge-center/hydrostatic-level-transmitter.html,راهنمای ترانسمیتر سطح هیدرواستاتیک صنعتی | پیشرو تجهیز فرتاک,1742,596,0.439,4,0,بله,خیر,ادغام,هم‌راستا با حوزهٔ فروش/تامین · محتوای متوسط (596) — ادغام در صفحهٔ قوی‌ترِ هم‌موضوع
knowledge-center/instrument-calibration-standards.html,https://pishtaj.ir/knowledge-center/instrument-calibration-standards.html,راهنمای استانداردهای کالیبراسیون ابزار دقیق | پیشرو تجهیز فرتاک,1742,596,0.439,3,0,خیر,بله,ادغام,موضوعِ استانداردی/حیاتی برای پروژه · محتوای متوسط (596) — ادغام در صفحهٔ قوی‌ترِ هم‌موضوع
knowledge-center/ups-industrial-guide.html,https://pishtaj.ir/knowledge-center/ups-industrial-guide.html,راهنمای UPS صنعتی | پیشرو تجهیز فرتاک,1746,595,0.438,3,0,خیر,خیر,ادغام,محتوای متوسط (595) — ادغام در صفحهٔ قوی‌ترِ هم‌موضوع
knowledge-center/valve-seat-material-guide.html,https://pishtaj.ir/knowledge-center/valve-seat-material-guide.html,راهنمای مواد نشیمنگاه (Seat) در شیرآلات صنعتی | پیشرو تجهیز فرتاک,1747,595,0.438,6,0,بله,خیر,ادغام,هم‌راستا با حوزهٔ فروش/تامین · محتوای متوسط (595) — ادغام در صفحهٔ قوی‌ترِ هم‌موضوع
knowledge-center/industrial-cable-selection-guide.html,https://pishtaj.ir/knowledge-center/industrial-cable-selection-guide.html,راهنمای انتخاب کابل صنعتی (Power Cable) | پیشرو تجهیز فرتاک,1745,594,0.438,7,0,بله,خیر,ادغام,هم‌راستا با حوزهٔ فروش/تامین · محتوای متوسط (594) — ادغام در صفحهٔ قوی‌ترِ هم‌موضوع
knowledge-center/protective-relay-guide.html,https://pishtaj.ir/knowledge-center/protective-relay-guide.html,راهنمای رله‌های حفاظتی در تابلو برق صنعتی | پیشرو تجهیز فرتاک,1750,594,0.438,4,0,خیر,خیر,ادغام,محتوای متوسط (594) — ادغام در صفحهٔ قوی‌ترِ هم‌موضوع
knowledge-center/industrial-grounding-guide.html,https://pishtaj.ir/knowledge-center/industrial-grounding-guide.html,راهنمای سیستم اتصال زمین (Grounding) صنعتی | پیشرو تجهیز فرتاک,1735,584,0.434,5,0,خیر,خیر,ادغام,محتوای متوسط (584) — ادغام در صفحهٔ قوی‌ترِ هم‌موضوع
knowledge-center/scada-rtu-system-guide.html,https://pishtaj.ir/knowledge-center/scada-rtu-system-guide.html,راهنمای سیستم SCADA و RTU در اتوماسیون صنعتی | پیشرو تجهیز فرتاک,1755,584,0.43,4,0,خیر,خیر,ادغام,محتوای متوسط (584) — ادغام در صفحهٔ قوی‌ترِ هم‌موضوع
knowledge-center/sil-certification-instrument-guide.html,https://pishtaj.ir/knowledge-center/sil-certification-instrument-guide.html,راهنمای گواهی SIL در ابزار دقیق صنعتی | پیشرو تجهیز فرتاک,1750,584,0.43,4,0,خیر,بله,ادغام,موضوعِ استانداردی/حیاتی برای پروژه · محتوای متوسط (584) — ادغام در صفحهٔ قوی‌ترِ هم‌موضوع
knowledge-center/thermowell-guide.html,https://pishtaj.ir/knowledge-center/thermowell-guide.html,راهنمای ترموول (Thermowell) در ابزار دقیق | پیشرو تجهیز فرتاک,1745,583,0.43,2,0,خیر,خیر,ادغام,محتوای متوسط (583) — ادغام در صفحهٔ قوی‌ترِ هم‌موضوع
knowledge-center/a53-pipe-specifications.html,https://pishtaj.ir/knowledge-center/a53-pipe-specifications.html,مشخصات فنی لوله ASTM A53 Gr.B | پیشرو تجهیز فرتاک,1675,576,0.435,3,0,بله,بله,ادغام,هم‌راستا با حوزهٔ فروش/تامین · موضوعِ استانداردی/حیاتی برای پروژه · محتوای متوسط (576) — ادغام در صفحهٔ قوی‌ترِ هم‌موضوع
knowledge-center/pmi-testing-guide.html,https://pishtaj.ir/knowledge-center/pmi-testing-guide.html,راهنمای تست PMI در بازرسی تجهیزات صنعتی | پیشرو تجهیز فرتاک,1740,575,0.427,3,0,خیر,بله,ادغام,موضوعِ استانداردی/حیاتی برای پروژه · محتوای متوسط (575) — ادغام در صفحهٔ قوی‌ترِ هم‌موضوع
knowledge-center/third-party-inspection-guide.html,https://pishtaj.ir/knowledge-center/third-party-inspection-guide.html,راهنمای بازرسی شخص ثالث (TPI) در صنعت | پیشرو تجهیز فرتاک,1740,575,0.427,7,0,خیر,بله,ادغام,موضوعِ استانداردی/حیاتی برای پروژه · محتوای متوسط (575) — ادغام در صفحهٔ قوی‌ترِ هم‌موضوع
knowledge-center/atex-iecex-hazardous-area-guide.html,https://pishtaj.ir/knowledge-center/atex-iecex-hazardous-area-guide.html,راهنمای استاندارد ATEX و IECEx برای مناطق خطرناک,1745,574,0.426,6,0,خیر,بله,ادغام,موضوعِ استانداردی/حیاتی برای پروژه · محتوای متوسط (574) — ادغام در صفحهٔ قوی‌ترِ هم‌موضوع
knowledge-center/shutdown-turnaround-industrial-guide.html,https://pishtaj.ir/knowledge-center/shutdown-turnaround-industrial-guide.html,راهنمای تجهیزات Shutdown و اورهال صنعتی | پیشرو تجهیز فرتاک,1735,574,0.426,6,0,خیر,خیر,ادغام,محتوای متوسط (574) — ادغام در صفحهٔ قوی‌ترِ هم‌موضوع
knowledge-center/ip-rating-industrial-equipment-guide.html,https://pishtaj.ir/knowledge-center/ip-rating-industrial-equipment-guide.html,راهنمای استاندارد IP در تجهیزات صنعتی | پیشرو تجهیز فرتاک,1735,573,0.426,2,0,خیر,بله,ادغام,موضوعِ استانداردی/حیاتی برای پروژه · محتوای متوسط (573) — ادغام در صفحهٔ قوی‌ترِ هم‌موضوع
knowledge-center/flange-types-complete-guide.html,https://pishtaj.ir/knowledge-center/flange-types-complete-guide.html,انواع فلنج صنعتی: WN، SO، Blind و SW | پیشرو تجهیز فرتاک,1688,557,0.423,8,0,بله,خیر,ادغام,هم‌راستا با حوزهٔ فروش/تامین · محتوای متوسط (557) — ادغام در صفحهٔ قوی‌ترِ هم‌موضوع
knowledge-center/nioc-npc-vendor-list-guide.html,https://pishtaj.ir/knowledge-center/nioc-npc-vendor-list-guide.html,راهنمای وندورلیست NIOC و NPC در پروژه‌های نفتی,1643,520,0.403,4,0,خیر,خیر,ادغام,محتوای متوسط (520) — ادغام در صفحهٔ قوی‌ترِ هم‌موضوع
knowledge-center/seamless-pipe-complete-guide.html,https://pishtaj.ir/knowledge-center/seamless-pipe-complete-guide.html,راهنمای جامع لوله مانیسمان (بدون درز) | پیشرو تجهیز فرتاک,1816,312,0.215,4,0,بله,خیر,ادغام,هم‌راستا با حوزهٔ فروش/تامین · محتوای متوسط (312) — ادغام در صفحهٔ قوی‌ترِ هم‌موضوع
knowledge-center/flange-material-selection-guide.html,https://pishtaj.ir/knowledge-center/flange-material-selection-guide.html,راهنمای جنس و متریال فلنج صنعتی بر اساس کلاس فشار و سیال,1802,297,0.207,3,0,بله,خیر,ادغام,هم‌راستا با حوزهٔ فروش/تامین · محتوای متوسط (297) — ادغام در صفحهٔ قوی‌ترِ هم‌موضوع
knowledge-center/differential-pressure-transmitter-guide.html,https://pishtaj.ir/knowledge-center/differential-pressure-transmitter-guide.html,راهنمای ترانسمیتر اختلاف فشار (DPT) | پیشرو تجهیز فرتاک,1779,271,0.191,5,0,بله,خیر,ادغام,هم‌راستا با حوزهٔ فروش/تامین · محتوای متوسط (271) — ادغام در صفحهٔ قوی‌ترِ هم‌موضوع
knowledge-center/seamless-vs-erw-pipe-difference.html,https://pishtaj.ir/knowledge-center/seamless-vs-erw-pipe-difference.html,تفاوت لوله مانیسمان و لوله درزدار (ERW) | پیشرو تجهیز فرتاک,1753,255,0.183,6,0,بله,خیر,ادغام,هم‌راستا با حوزهٔ فروش/تامین · محتوای متوسط (255) — ادغام در صفحهٔ قوی‌ترِ هم‌موضوع
knowledge-center/flowmeter-types-guide.html,https://pishtaj.ir/knowledge-center/flowmeter-types-guide.html,راهنمای فلومتر صنعتی | پیشرو تجهیز فرتاک,1752,249,0.178,8,0,خیر,خیر,خروج از ایندکس,بدون تقاضا، بدون ارزش تجاریِ مستقیم، محتوای یکتا فقط 249
knowledge-center/acb-circuit-breaker-guide.html,https://pishtaj.ir/knowledge-center/acb-circuit-breaker-guide.html,راهنمای کلید هوایی ACB (Air Circuit Breaker) | پیشرو تجهیز فرتاک,1727,219,0.161,4,0,خیر,خیر,خروج از ایندکس,بدون تقاضا، بدون ارزش تجاریِ مستقیم، محتوای یکتا فقط 219
knowledge-center/level-measurement-guide.html,https://pishtaj.ir/knowledge-center/level-measurement-guide.html,راهنمای سطح سنج (Level Measurement) | پیشرو تجهیز فرتاک,1695,204,0.151,3,0,خیر,خیر,خروج از ایندکس,بدون تقاضا، بدون ارزش تجاریِ مستقیم، محتوای یکتا فقط 204
knowledge-center/mccb-circuit-breaker-guide.html,https://pishtaj.ir/knowledge-center/mccb-circuit-breaker-guide.html,راهنمای کلید کامپکت MCCB | پیشرو تجهیز فرتاک,1699,203,0.151,3,0,خیر,خیر,خروج از ایندکس,بدون تقاضا، بدون ارزش تجاریِ مستقیم، محتوای یکتا فقط 203
knowledge-center/mcc-panel-guide.html,https://pishtaj.ir/knowledge-center/mcc-panel-guide.html,راهنمای تابلو برق MCC | پیشرو تجهیز فرتاک,1663,186,0.14,1,0,خیر,خیر,خروج از ایندکس,بدون تقاضا، بدون ارزش تجاریِ مستقیم، محتوای یکتا فقط 186
knowledge-center/magmeter.html,https://pishtaj.ir/knowledge-center/magmeter.html,فلومتر مغناطیسی (Magmeter) | پیشرو تجهیز فرتاک,1819,184,0.127,3,0,خیر,خیر,خروج از ایندکس,بدون تقاضا، بدون ارزش تجاریِ مستقیم، محتوای یکتا فقط 184
knowledge-center/vortex-flowmeter.html,https://pishtaj.ir/knowledge-center/vortex-flowmeter.html,فلومتر ورتکس (Vortex Flowmeter) | پیشرو تجهیز فرتاک,1802,166,0.115,2,0,خیر,خیر,خروج از ایندکس,بدون تقاضا، بدون ارزش تجاریِ مستقیم، محتوای یکتا فقط 166
knowledge-center/vfd.html,https://pishtaj.ir/knowledge-center/vfd.html,درایو فرکانس متغیر VFD | پیشرو تجهیز فرتاک,1767,145,0.102,3,0,خیر,خیر,خروج از ایندکس,بدون تقاضا، بدون ارزش تجاریِ مستقیم، محتوای یکتا فقط 145
knowledge-center/vcb.html,https://pishtaj.ir/knowledge-center/vcb.html,کلید وکیوم (VCB) | پیشرو تجهیز فرتاک,1774,142,0.101,3,0,خیر,خیر,خروج از ایندکس,بدون تقاضا، بدون ارزش تجاریِ مستقیم، محتوای یکتا فقط 142
knowledge-center/soft-starter.html,https://pishtaj.ir/knowledge-center/soft-starter.html,سافت استارتر (Soft Starter) | پیشرو تجهیز فرتاک,1769,138,0.098,1,0,خیر,خیر,خروج از ایندکس,بدون تقاضا، بدون ارزش تجاریِ مستقیم، محتوای یکتا فقط 138
knowledge-center/phase-control-relay.html,https://pishtaj.ir/knowledge-center/phase-control-relay.html,رله کنترل فاز (Phase Control Relay) | پیشرو تجهیز فرتاک,1760,131,0.094,1,0,خیر,خیر,خروج از ایندکس,بدون تقاضا، بدون ارزش تجاریِ مستقیم، محتوای یکتا فقط 131
knowledge-center/ansi-ieee-c37.html,https://pishtaj.ir/knowledge-center/ansi-ieee-c37.html,رله حفاظتی | پیشرو تجهیز فرتاک,1728,128,0.092,2,0,خیر,خیر,خروج از ایندکس,بدون تقاضا، بدون ارزش تجاریِ مستقیم، محتوای یکتا فقط 128
knowledge-center/thermal-mass-flowmeter.html,https://pishtaj.ir/knowledge-center/thermal-mass-flowmeter.html,فلومتر حرارتی (Thermal Mass Flowmeter) | پیشرو تجهیز فرتاک,1752,127,0.091,4,0,خیر,خیر,خروج از ایندکس,بدون تقاضا، بدون ارزش تجاریِ مستقیم، محتوای یکتا فقط 127
knowledge-center/dcs-distributed-control-system.html,https://pishtaj.ir/knowledge-center/dcs-distributed-control-system.html,راهنمای سیستم DCS (Distributed Control System),1744,126,0.09,2,0,خیر,خیر,خروج از ایندکس,بدون تقاضا، بدون ارزش تجاریِ مستقیم، محتوای یکتا فقط 126
knowledge-center/pneumatic-actuator-rack-pinion.html,https://pishtaj.ir/knowledge-center/pneumatic-actuator-rack-pinion.html,محرک پنوماتیک (Pneumatic Actuator) | پیشرو تجهیز فرتاک,1748,124,0.089,3,0,خیر,خیر,خروج از ایندکس,بدون تقاضا، بدون ارزش تجاریِ مستقیم، محتوای یکتا فقط 124
knowledge-center/plc-allen-bradley-controllogix.html,https://pishtaj.ir/knowledge-center/plc-allen-bradley-controllogix.html,کنترلر PLC Allen Bradley ControlLogix | پیشرو تجهیز فرتاک,1731,122,0.088,1,0,خیر,خیر,خروج از ایندکس,بدون تقاضا، بدون ارزش تجاریِ مستقیم، محتوای یکتا فقط 122
knowledge-center/scada.html,https://pishtaj.ir/knowledge-center/scada.html,سیستم SCADA در صنعت نفت و گاز | پیشرو تجهیز فرتاک,1751,121,0.086,1,0,خیر,خیر,خروج از ایندکس,بدون تقاضا، بدون ارزش تجاریِ مستقیم، محتوای یکتا فقط 121
knowledge-center/distribution-transformer.html,https://pishtaj.ir/knowledge-center/distribution-transformer.html,ترانسفورماتور توزیع (Distribution Transformer),1741,120,0.086,3,0,خیر,خیر,خروج از ایندکس,بدون تقاضا، بدون ارزش تجاریِ مستقیم، محتوای یکتا فقط 120
knowledge-center/surge-arrester.html,https://pishtaj.ir/knowledge-center/surge-arrester.html,رله برقگیر (Surge Arrester) | پیشرو تجهیز فرتاک,1746,120,0.086,2,0,خیر,خیر,خروج از ایندکس,بدون تقاضا، بدون ارزش تجاریِ مستقیم، محتوای یکتا فقط 120
knowledge-center/float-vibrating-capacitance.html,https://pishtaj.ir/knowledge-center/float-vibrating-capacitance.html,سوئیچ سطح | پیشرو تجهیز فرتاک,1728,111,0.08,1,0,خیر,خیر,خروج از ایندکس,بدون تقاضا، بدون ارزش تجاریِ مستقیم، محتوای یکتا فقط 111
knowledge-center/profibus-profinet.html,https://pishtaj.ir/knowledge-center/profibus-profinet.html,راهنمای شبکه Profibus و Profinet | پیشرو تجهیز فرتاک,1735,111,0.08,1,0,خیر,خیر,خروج از ایندکس,بدون تقاضا، بدون ارزش تجاریِ مستقیم، محتوای یکتا فقط 111
knowledge-center/mfc-mass-flow-controller.html,https://pishtaj.ir/knowledge-center/mfc-mass-flow-controller.html,راهنمای MFC (Mass Flow Controller) | پیشرو تجهیز فرتاک,1723,110,0.08,2,0,خیر,خیر,خروج از ایندکس,بدون تقاضا، بدون ارزش تجاریِ مستقیم، محتوای یکتا فقط 110
knowledge-center/article-059.html,https://pishtaj.ir/knowledge-center/article-059.html,کنتاکتور و بی متال | پیشرو تجهیز فرتاک,1735,109,0.079,1,0,خیر,خیر,خروج از ایندکس,بدون تقاضا، بدون ارزش تجاریِ مستقیم، محتوای یکتا فقط 109
knowledge-center/transit-time-doppler.html,https://pishtaj.ir/knowledge-center/transit-time-doppler.html,فلومتر اولتراسونیک | پیشرو تجهیز فرتاک,1728,108,0.078,1,0,خیر,خیر,خروج از ایندکس,بدون تقاضا، بدون ارزش تجاریِ مستقیم، محتوای یکتا فقط 108
knowledge-center/pmi-positive-material-identification.html,https://pishtaj.ir/knowledge-center/pmi-positive-material-identification.html,راهنمای PMI (Positive Material Identification),1738,107,0.077,1,0,خیر,خیر,خروج از ایندکس,بدون تقاضا، بدون ارزش تجاریِ مستقیم، محتوای یکتا فقط 107
knowledge-center/article-008.html,https://pishtaj.ir/knowledge-center/article-008.html,ترانسفورماتور قدرت | پیشرو تجهیز فرتاک,1728,106,0.077,1,0,خیر,خیر,خروج از ایندکس,بدون تقاضا، بدون ارزش تجاریِ مستقیم، محتوای یکتا فقط 106
knowledge-center/hplc-gc.html,https://pishtaj.ir/knowledge-center/hplc-gc.html,راهنمای تجهیزات HPLC و GC در آزمایشگاه | پیشرو تجهیز فرتاک,1736,106,0.076,2,0,خیر,خیر,خروج از ایندکس,بدون تقاضا، بدون ارزش تجاریِ مستقیم، محتوای یکتا فقط 106
knowledge-center/sf6.html,https://pishtaj.ir/knowledge-center/sf6.html,کلید SF6 | پیشرو تجهیز فرتاک,1730,105,0.076,2,0,خیر,خیر,خروج از ایندکس,بدون تقاضا، بدون ارزش تجاریِ مستقیم، محتوای یکتا فقط 105
knowledge-center/incoterms-2024.html,https://pishtaj.ir/knowledge-center/incoterms-2024.html,Incoterms 2024 | پیشرو تجهیز فرتاک,1721,104,0.075,3,0,خیر,خیر,خروج از ایندکس,بدون تقاضا، بدون ارزش تجاریِ مستقیم، محتوای یکتا فقط 104
knowledge-center/article-005.html,https://pishtaj.ir/knowledge-center/article-005.html,فلومتر کوریولیس | پیشرو تجهیز فرتاک,1728,103,0.075,24,0,خیر,خیر,خروج از ایندکس,بدون تقاضا، بدون ارزش تجاریِ مستقیم، محتوای یکتا فقط 103
knowledge-center/article-016.html,https://pishtaj.ir/knowledge-center/article-016.html,تجهیزات سیستم بخار | پیشرو تجهیز فرتاک,1721,99,0.072,1,0,خیر,خیر,خروج از ایندکس,بدون تقاضا، بدون ارزش تجاریِ مستقیم، محتوای یکتا فقط 99
knowledge-center/shutdown.html,https://pishtaj.ir/knowledge-center/shutdown.html,تجهیزات Shutdown و اورهال صنعتی | پیشرو تجهیز فرتاک,1722,99,0.072,3,0,خیر,خیر,خروج از ایندکس,بدون تقاضا، بدون ارزش تجاریِ مستقیم، محتوای یکتا فقط 99
knowledge-center/article-015.html,https://pishtaj.ir/knowledge-center/article-015.html,تجهیزات پالایشگاه نفت | پیشرو تجهیز فرتاک,1714,98,0.071,1,0,خیر,خیر,خروج از ایندکس,بدون تقاضا، بدون ارزش تجاریِ مستقیم، محتوای یکتا فقط 98
knowledge-center/en-10204.html,https://pishtaj.ir/knowledge-center/en-10204.html,EN 10204 | پیشرو تجهیز فرتاک,1713,97,0.071,1,0,خیر,خیر,خروج از ایندکس,بدون تقاضا، بدون ارزش تجاریِ مستقیم، محتوای یکتا فقط 97
knowledge-center/article-010.html,https://pishtaj.ir/knowledge-center/article-010.html,راهنمای گمرک و ترخیص کالاهای صنعتی | پیشرو تجهیز فرتاک,1722,96,0.07,1,0,خیر,خیر,خروج از ایندکس,بدون تقاضا، بدون ارزش تجاریِ مستقیم، محتوای یکتا فقط 96
knowledge-center/ups-nicd-li-ion.html,https://pishtaj.ir/knowledge-center/ups-nicd-li-ion.html,UPS باتری NiCd و Li-ion | پیشرو تجهیز فرتاک,1697,82,0.061,3,0,خیر,خیر,خروج از ایندکس,بدون تقاضا، بدون ارزش تجاریِ مستقیم، محتوای یکتا فقط 82
knowledge-center/ups-online-line-interactive.html,https://pishtaj.ir/knowledge-center/ups-online-line-interactive.html,UPS صنعتی | پیشرو تجهیز فرتاک,1687,74,0.055,3,0,خیر,خیر,خروج از ایندکس,بدون تقاضا، بدون ارزش تجاریِ مستقیم، محتوای یکتا فقط 74
knowledge-center/turbidity-meter.html,https://pishtaj.ir/knowledge-center/turbidity-meter.html,راهنمای Turbidity Meter (کدورت سنج) | پیشرو تجهیز فرتاک,1684,71,0.053,3,0,خیر,خیر,خروج از ایندکس,بدون تقاضا، بدون ارزش تجاریِ مستقیم، محتوای یکتا فقط 71
knowledge-center/conductivity-meter.html,https://pishtaj.ir/knowledge-center/conductivity-meter.html,راهنمای هدایت سنج (Conductivity Meter) | پیشرو تجهیز فرتاک,1681,69,0.051,4,0,خیر,خیر,خروج از ایندکس,بدون تقاضا، بدون ارزش تجاریِ مستقیم، محتوای یکتا فقط 69
knowledge-center/guided-wave-non-contact.html,https://pishtaj.ir/knowledge-center/guided-wave-non-contact.html,سطح‌سنج راداری | پیشرو تجهیز فرتاک,1691,69,0.051,4,0,خیر,خیر,خروج از ایندکس,بدون تقاضا، بدون ارزش تجاریِ مستقیم، محتوای یکتا فقط 69
knowledge-center/modbus-tcp-rtu.html,https://pishtaj.ir/knowledge-center/modbus-tcp-rtu.html,راهنمای شبکه Modbus TCP/RTU | پیشرو تجهیز فرتاک,1688,66,0.049,4,0,خیر,خیر,خروج از ایندکس,بدون تقاضا، بدون ارزش تجاریِ مستقیم، محتوای یکتا فقط 66
knowledge-center/fire-gas-system-fgs.html,https://pishtaj.ir/knowledge-center/fire-gas-system-fgs.html,راهنمای Fire & Gas System (FGS) | پیشرو تجهیز فرتاک,1683,60,0.045,7,0,خیر,خیر,خروج از ایندکس,بدون تقاضا، بدون ارزش تجاریِ مستقیم، محتوای یکتا فقط 60
knowledge-center/esd-emergency-shutdown.html,https://pishtaj.ir/knowledge-center/esd-emergency-shutdown.html,راهنمای سیستم ESD (Emergency Shutdown) | پیشرو تجهیز فرتاک,1684,59,0.044,6,0,خیر,خیر,خروج از ایندکس,بدون تقاضا، بدون ارزش تجاریِ مستقیم، محتوای یکتا فقط 59
knowledge-center/thermowell.html,https://pishtaj.ir/knowledge-center/thermowell.html,Thermowell (ترموول) | پیشرو تجهیز فرتاک,1683,59,0.044,2,0,خیر,خیر,خروج از ایندکس,بدون تقاضا، بدون ارزش تجاریِ مستقیم، محتوای یکتا فقط 59
knowledge-center/ph.html,https://pishtaj.ir/knowledge-center/ph.html,راهنمای pH متر صنعتی | پیشرو تجهیز فرتاک,1680,55,0.041,2,0,خیر,خیر,خروج از ایندکس,بدون تقاضا، بدون ارزش تجاریِ مستقیم، محتوای یکتا فقط 55
