file,url,folder,title,title_len,desc,desc_len,canonical,robots,h1,h1_count,h2_count,words,images,img_no_alt,internal_links,schema,hreflang,lang,sitemap,size_kb,issues
about/certificates/index.html,https://pishtaj.ir/about/certificates/index.html,about,گواهینامه‌های ISO و مدیریت کیفیت | پیشرو تجهیز فرتاک,52,گواهینامه‌های معتبر ISO 9001:2015، ISO 10002:2018، ISO 10004:2018 و ISO/TS 29001 (صادره GQS آلمان)، HSE-MS و PMP شرکت پیشرو تجهیز فرتاک,135,https://pishtaj.ir/about/certificates/,"index, follow",گواهینامه‌های بین‌المللی,1,2,457,8,0,27,BreadcrumbList|AboutPage,fa-IR|x-default,fa,sitemap-core.xml,19.9,
about/company-profile/index.html,https://pishtaj.ir/about/company-profile/index.html,about,پروفایل رسمی شرکت پیشرو تجهیز فرتاک | شناسه، تماس و اعتبار صنعتی,64,پروفایل رسمی شرکت پیشرو تجهیز فرتاک برای کارفرمایان: شناسه ملی و اطلاعات تماس، حوزه‌های تامین تجهیزات صنعتی، مدارک و تعهدات، فرایند همکاری و مسیر اعتبارسنجی برند.,162,https://pishtaj.ir/about/company-profile/,"index, follow, max-image-preview:large, max-snippet:-1",پروفایل رسمی شرکت پیشرو تجهیز فرتاک,1,7,769,1,0,26,BreadcrumbList|Organization|ProfilePage,fa-IR|x-default,fa,sitemap-core.xml,23.0,
about/index.html,https://pishtaj.ir/about/index.html,about,درباره ما و ساختار سازمانی | پیشرو تجهیز فرتاک,46,معرفی شرکت پیشرو تجهیز فرتاک؛ تامین‌کننده تخصصی تجهیزات پایپینگ، شیرآلات، برق صنعتی و ابزار دقیق برای پروژه‌های ملی نفت، گاز و پتروشیمی.,136,https://pishtaj.ir/about/,,درباره پیشرو تجهیز فرتاک,1,4,626,7,0,30,BreadcrumbList|AboutPage|Organization,en|fa-IR|x-default,fa,sitemap-core.xml,29.4,
about/logo-philosophy/index.html,https://pishtaj.ir/about/logo-philosophy/index.html,about,فلسفه طراحی لوگوی شرکت پیشرو تجهیز فرتاک | پیشرو تجهیز فرتاک,60,معرفی مفهوم شعله، چرخ‌دنده و نوشتار PTF به‌عنوان نماد انرژی، مهندسی، دقت فنی و حرکت رو به جلو در برند پیشرو تجهیز فرتاک.,120,https://pishtaj.ir/about/logo-philosophy/,"index, follow, max-image-preview:large",فلسفه طراحی لوگوی شرکت پیشرو تجهیز فرتاک,1,1,483,3,0,26,AboutPage|BreadcrumbList,fa-IR|x-default,fa,sitemap-core.xml,19.1,
about/management-message/index.html,https://pishtaj.ir/about/management-message/index.html,about,پیام مدیریت | پیشرو تجهیز فرتاک,31,پیام هیأت مدیره پیشرو تجهیز فرتاک درباره چشم‌انداز، اصول راهبردی، و تعهد ما به کارفرمایان صنایع نفت، گاز، پتروشیمی، فولاد و نیروگاهی,132,https://pishtaj.ir/about/management-message/,"index, follow, max-image-preview:large, max-snippet:-1",پیام هیأت مدیره — زنجیره تامین پروژه‌ای، سرمایه راهبردی صنایع مادر,1,1,610,3,0,36,AboutPage|BreadcrumbList,fa-IR|x-default,fa,sitemap-core.xml,23.3,
about/organizational-chart/index.html,https://pishtaj.ir/about/organizational-chart/index.html,about,چارت سازمانی | پیشرو تجهیز فرتاک,32,ساختار چابک تامین پروژه‌ای پیشرو تجهیز فرتاک — تخصص‌محور، سریع و قابل دسترس,75,https://pishtaj.ir/about/organizational-chart/,"index, follow, max-image-preview:large, max-snippet:-1",چارت سازمانی پیشرو تجهیز فرتاک — ساختار چابک تخصص‌محور,1,1,687,2,0,36,AboutPage|BreadcrumbList,fa-IR|x-default,fa,sitemap-core.xml,23.5,
about/why-ptf/index.html,https://pishtaj.ir/about/why-ptf/index.html,about,چرا پیشرو تجهیز فرتاک؟ | سابقه، اعتبار و مسیر رشد شرکت,54,تایم‌لاین تاریخچه و نقاط عطف شرکت پیشرو تجهیز فرتاک؛ از آغاز فعالیت تیم بازرگانی تا اخذ گواهینامه‌های بین‌المللی ISO و توسعه سبد تامین ۴۳ برند جهانی.,149,https://pishtaj.ir/about/why-ptf/,"index, follow, max-image-preview:large",چرا پیمانکاران به پیشرو تجهیز فرتاک اعتماد می‌کنند؟,1,1,391,2,0,29,AboutPage|BreadcrumbList,fa-IR|x-default,fa,sitemap-core.xml,17.5,
assistant/index.html,https://pishtaj.ir/assistant/index.html,assistant,دستیار هوشمند انتخاب متریال و شیرآلات صنعتی | AI Assistant,58,مشاوره آنلاین هوشمند انتخاب متریال و شیرآلات صنعتی بر اساس سیال، فشار و دما — دستیار تخصصی مهندسی مواد و پایپینگ.,113,https://pishtaj.ir/assistant/,"index, follow",مشاور هوشمند انتخاب متریال و تجهیزات صنعتی,1,1,416,2,0,27,Organization|LocalBusiness|BreadcrumbList|FAQPage,fa-IR|x-default,fa,sitemap-misc.xml,29.9,
blog/a106-vs-a333-pipes.html,https://pishtaj.ir/blog/a106-vs-a333-pipes.html,blog,مقایسه کامل لوله A106 در مقابل A333 | راهنمای تخصصی پایپینگ,59,مقایسه فنی و جامع لوله‌های A106 (کربن استیل) و A333 (دمای پایین) — تفاوت در ترکیب شیمیایی، خواص مکانیکی، استانداردها و کاربردها.,128,https://pishtaj.ir/blog/a106-vs-a333-pipes.html,"index, follow",تفاوت لوله مانیسمان ASTM A106 Gr.B با ASTM A333 Gr.6,1,4,1171,2,0,30,Organization|LocalBusiness|BreadcrumbList,fa-IR|x-default,fa,sitemap-blog.xml,29.5,
blog/ball-valve-selection-guide.html,https://pishtaj.ir/blog/ball-valve-selection-guide.html,blog,راهنمای انتخاب شیر توپی (Ball Valve) | پیشرو تجهیز فرتاک,56,راهنمای تخصصی انتخاب Ball Valve صنعتی: تفاوت فلوتینگ، ترانیون و فول‌بور، استاندارد API 6D و ISO 17292، انتخاب متریال.,117,https://pishtaj.ir/blog/ball-valve-selection-guide.html,"index, follow",راهنمای انتخاب شیر توپی (Ball Valve) — انواع فلوتینگ، ترانیون و فول‌بور,1,3,1302,2,0,32,BreadcrumbList|Article,fa-IR|x-default,fa,sitemap-blog.xml,28.4,
blog/boiler-steam-equipment/index.html,https://pishtaj.ir/blog/boiler-steam-equipment/index.html,blog,راهنمای بویلر و تجهیزات بخار صنعتی | پیشرو تجهیز فرتاک,54,معرفی اقلام مهم سیستم بخار شامل بویلر، مشعل، تله بخار، شیرآلات بخار و نکات خرید برای پروژه‌های صنعتی و نیروگاهی.,112,https://pishtaj.ir/blog/boiler-steam-equipment/,"index, follow, max-image-preview:large",تامین بویلر و تجهیزات بخار صنعتی,1,2,1310,2,0,35,BreadcrumbList|Article,fa-IR|x-default,fa,sitemap-blog.xml,29.7,
blog/compressors-air-systems/index.html,https://pishtaj.ir/blog/compressors-air-systems/index.html,blog,نکات تامین کمپرسور صنعتی و تجهیزات هوای فشرده | پیشرو تجهیز فرتاک,65,راهنمای اطلاعات لازم برای استعلام کمپرسور اسکرو، رفت و برگشتی، درایر و فیلتر.,77,https://pishtaj.ir/blog/compressors-air-systems/,"index, follow, max-image-preview:large",نکات تامین کمپرسور صنعتی و تجهیزات هوای فشرده,1,2,1010,2,0,37,BreadcrumbList|Article,fa-IR|x-default,fa,sitemap-blog.xml,28.2,
blog/electrical-equipment-epc/index.html,https://pishtaj.ir/blog/electrical-equipment-epc/index.html,blog,تامین تجهیزات برق صنعتی برای پروژه‌های EPC | پیشرو تجهیز فرتاک,62,نکات مهم در خرید تجهیزات برق، اتوماسیون، حفاظت، کابل و متعلقات پروژه‌ای.,72,https://pishtaj.ir/blog/electrical-equipment-epc/,"index, follow, max-image-preview:large",تامین تجهیزات برق صنعتی برای پروژه‌های EPC,1,2,952,2,0,37,BreadcrumbList|Article,fa-IR|x-default,fa,sitemap-blog.xml,26.1,
blog/electrical-switchgear-guide.html,https://pishtaj.ir/blog/electrical-switchgear-guide.html,blog,راهنمای تجهیزات برق صنعتی و سوئیچگیر | پیشرو تجهیز فرتاک,56,مقاله تخصصی تجهیزات برق صنعتی: تابلوهای LV/MV، کلید هوایی ACB، کامپکت MCCB، رله حفاظتی و PLC مطابق IEC 61439.,109,https://pishtaj.ir/blog/electrical-switchgear-guide.html,"index, follow",راهنمای تجهیزات برق صنعتی و سوئیچگیر — تابلوهای توزیع، حفاظت و اتوماسیون,1,3,1337,2,0,34,BreadcrumbList|Article,fa-IR|x-default,fa,sitemap-blog.xml,30.1,
blog/flange-types-guide.html,https://pishtaj.ir/blog/flange-types-guide.html,blog,راهنمای جامع انواع فلنج صنعتی | پیشرو تجهیز فرتاک,49,راهنمای کامل خرید فلنج صنعتی: انواع فلنج گلودار (WN)، اسلیپ‌آن (SO)، کور (Blind)، Socket Weld مطابق ASME B16.5.,111,https://pishtaj.ir/blog/flange-types-guide.html,"index, follow",راهنمای جامع انواع فلنج صنعتی — تفاوت فلنج گلودار (WN)، اسلیپ‌آن (SO)، کور (Blind) و Socket Weld,1,6,1428,2,0,35,BreadcrumbList|Article,fa-IR|x-default,fa,sitemap-blog.xml,30.9,
blog/flanges-fittings-gaskets/index.html,https://pishtaj.ir/blog/flanges-fittings-gaskets/index.html,blog,نکات مهم خرید فلنج، فیتینگ و گسکت صنعتی | پیشرو تجهیز فرتاک,59,راهنمای آماده‌سازی مشخصات فلنج، فیتینگ و گسکت برای استعلام دقیق، انتخاب استاندارد و کاهش خطای خرید پروژه‌ای.,108,https://pishtaj.ir/blog/flanges-fittings-gaskets/,"index, follow, max-image-preview:large",نکات مهم خرید فلنج، فیتینگ و گسکت صنعتی,1,2,922,2,0,36,BreadcrumbList|Article,fa-IR|x-default,fa,sitemap-blog.xml,25.2,
blog/gas-detection.html,https://pishtaj.ir/blog/gas-detection.html,blog,راهنمای جامع سیستم‌های تشخیص گاز صنعتی (Gas Detection),54,"مقاله کامل سنسورهای تشخیص گاز قابل اشتعال (LEL) و سمی (H2S, CO, O2). استاندارد SIL, NFPA 72 و API RP 505 برای طراحی سیستم اعلام گاز.",132,https://pishtaj.ir/blog/gas-detection.html,"index, follow",راهنمای جامع سیستم‌های تشخیص گاز صنعتی (Gas Detection) — انواع سنسورها و استانداردهای ایمنی,1,6,1555,2,0,32,Article|BreadcrumbList,fa-IR|x-default,fa,sitemap-blog.xml,31.0,
blog/index.html,https://pishtaj.ir/blog/index.html,blog,وبلاگ و مرکز مقالات تخصصی تجهیزات صنعتی | پیشرو تجهیز فرتاک,59,جامع‌ترین مرجع مقالات تخصصی تجهیزات صنعتی ایران — بیش از ۱۸۰ مقاله در زمینه پایپینگ، شیرآلات، ابزار دقیق، برق صنعتی، استانداردها و راهنماهای خرید,145,https://pishtaj.ir/blog/,"index, follow",📖 وبلاگ و مقالات تخصصی تجهیزات صنعتی,1,2,385,3,0,37,BreadcrumbList|Blog|Organization,fa-IR|x-default,fa,sitemap-blog.xml,26.1,
blog/industrial-valves-complete-guide.html,https://pishtaj.ir/blog/industrial-valves-complete-guide.html,blog,راهنمای کامل شیرآلات صنعتی (Industrial Valves),46,"مقاله جامع انواع شیرآلات صنعتی: Gate Valve, Globe Valve, Ball Valve, Check Valve. استانداردهای API 600، API 602، API 6D.",120,https://pishtaj.ir/blog/industrial-valves-complete-guide.html,"index, follow",راهنمای کامل شیرآلات صنعتی (Industrial Valves) — انواع، کاربردها و استانداردها,1,3,1347,2,0,34,BreadcrumbList|Article,fa-IR|x-default,fa,sitemap-blog.xml,28.9,
blog/industrial-valves-selection/index.html,https://pishtaj.ir/blog/industrial-valves-selection/index.html,blog,راهنمای انتخاب ولو صنعتی برای سرویس‌های فرایندی,47,آشنایی با Ball Valve، Gate Valve، Globe Valve و Check Valve و معیارهای انتخاب آن‌ها.,84,https://pishtaj.ir/blog/industrial-valves-selection/,"index, follow, max-image-preview:large",راهنمای انتخاب ولو صنعتی برای سرویس‌های فرایندی,1,2,957,2,0,36,BreadcrumbList|Article,fa-IR|x-default,fa,sitemap-blog.xml,25.5,
blog/instrumentation-checklist/index.html,https://pishtaj.ir/blog/instrumentation-checklist/index.html,blog,چک‌لیست خرید تجهیزات ابزار دقیق | پیشرو تجهیز فرتاک,51,اطلاعات لازم برای استعلام ترانسمیتر، سنسور، گیج، فلو، لول و تجهیزات کنترلی.,75,https://pishtaj.ir/blog/instrumentation-checklist/,"index, follow, max-image-preview:large",چک‌لیست خرید تجهیزات ابزار دقیق,1,2,884,2,0,37,BreadcrumbList|Article,fa-IR|x-default,fa,sitemap-blog.xml,25.4,
blog/mtc-tpi-inspection-guide.html,https://pishtaj.ir/blog/mtc-tpi-inspection-guide.html,blog,راهنمای گواهی MTC و بازرسی TPI | پیشرو تجهیز فرتاک,50,مقاله کامل آموزشی گواهی MTC (EN 10204 3.1/3.2)، بازرسی TPI، تست‌های NDT و هیدرواستاتیک در تامین تجهیزات نفت و گاز.,114,https://pishtaj.ir/blog/mtc-tpi-inspection-guide.html,"index, follow",راهنمای گواهی MTC، بازرسی TPI و مستندات فنی در تامین تجهیزات صنعتی,1,4,1264,2,0,31,BreadcrumbList|Article,fa-IR|x-default,fa,sitemap-blog.xml,28.1,
blog/petrochemical-supply-chain/index.html,https://pishtaj.ir/blog/petrochemical-supply-chain/index.html,blog,مدیریت زنجیره تامین تجهیزات پتروشیمی | پیشرو تجهیز فرتاک,56,چگونه تامین‌کننده چابک می‌تواند ریسک خرید تجهیزات پروژه‌های پتروشیمی را کاهش دهد.,81,https://pishtaj.ir/blog/petrochemical-supply-chain/,"index, follow, max-image-preview:large",مدیریت زنجیره تامین تجهیزات پتروشیمی,1,2,892,2,0,36,BreadcrumbList|Article,fa-IR|x-default,fa,sitemap-blog.xml,25.8,
blog/piping-equipment-procurement/index.html,https://pishtaj.ir/blog/piping-equipment-procurement/index.html,blog,راهنمای تامین تجهیزات پایپینگ در پروژه‌های نفت و گاز,52,نکات کلیدی در تامین لوله، فلنج، فیتینگ، ولو و گسکت برای پروژه‌های صنعتی.,72,https://pishtaj.ir/blog/piping-equipment-procurement/,"index, follow, max-image-preview:large",راهنمای تامین تجهیزات پایپینگ در پروژه‌های نفت و گاز,1,2,939,2,0,38,BreadcrumbList|Article,fa-IR|x-default,fa,sitemap-blog.xml,25.6,
blog/pressure-transmitter-guide.html,https://pishtaj.ir/blog/pressure-transmitter-guide.html,blog,راهنمای جامع ترانسمیتر فشار (Pressure Transmitter),50,مقاله کامل آموزشی انواع ترانسمیتر فشار صنعتی: گیج، اختلاف فشار (DPT)، مطلق. راهنمای انتخاب، کالیبراسیون، پروتکل HART و استانداردهای ATEX و SIL.,143,https://pishtaj.ir/blog/pressure-transmitter-guide.html,"index, follow",راهنمای جامع ترانسمیتر فشار (Pressure Transmitter) — انواع، انتخاب و استانداردها,1,4,1581,2,0,36,BreadcrumbList|Article,fa-IR|x-default,fa,sitemap-blog.xml,33.5,
blog/pressure-vessels-asme.html,https://pishtaj.ir/blog/pressure-vessels-asme.html,blog,راهنمای جامع مخازن تحت فشار (Pressure Vessels),46,مقاله کامل طراحی و ساخت مخازن تحت فشار بر اساس استاندارد ASME Section VIII Division 1. مواد ساخت، تست‌ها، بازرسی و گواهی U-Stamp.,129,https://pishtaj.ir/blog/pressure-vessels-asme.html,"index, follow",راهنمای جامع مخازن تحت فشار (Pressure Vessels) — طراحی، ساخت و استانداردهای ASME,1,8,1628,2,0,34,Article|BreadcrumbList,fa-IR|x-default,fa,sitemap-blog.xml,32.8,
blog/pumps-procurement-guide/index.html,https://pishtaj.ir/blog/pumps-procurement-guide/index.html,blog,زنجیره تامین پمپ صنعتی و قطعات یدکی | پیشرو تجهیز فرتاک,55,راهنمای زنجیره تامین پمپ صنعتی و قطعات یدکی؛ معیارهای فنی استعلام پمپ سانتریفیوژ، دوزینگ پمپ و پمپ‌های فرایندی.,111,https://pishtaj.ir/blog/pumps-procurement-guide/,"index, follow, max-image-preview:large",زنجیره تامین پمپ صنعتی و قطعات یدکی,1,2,880,2,0,36,BreadcrumbList|Article,fa-IR|x-default,fa,sitemap-blog.xml,25.2,
blog/rfq-industrial-equipment/index.html,https://pishtaj.ir/blog/rfq-industrial-equipment/index.html,blog,راهنمای ارسال RFQ تجهیزات صنعتی | پیشرو تجهیز فرتاک,51,چک‌لیست اطلاعات لازم برای ارسال درخواست استعلام تجهیزات صنعتی، پایپینگ، برق و ابزار دقیق.,89,https://pishtaj.ir/blog/rfq-industrial-equipment/,"index, follow, max-image-preview:large",راهنمای ارسال RFQ تجهیزات صنعتی,1,2,827,2,0,33,BreadcrumbList|Article,fa-IR|x-default,fa,sitemap-blog.xml,24.4,
blog/rfq-procurement-guide.html,https://pishtaj.ir/blog/rfq-procurement-guide.html,blog,راهنمای کامل استعلام بهاء (RFQ) در صنایع نفت، گاز و پتروشیمی,60,آموزش کامل فرآیند RFQ در پروژه‌های صنعتی: وندورلیست، MTO، گواهی MTC، بازرسی TPI و نکات طلایی.,93,https://pishtaj.ir/blog/rfq-procurement-guide.html,"index, follow",راهنمای کامل استعلام بهاء (RFQ) در صنایع نفت، گاز و پتروشیمی — فرآیند، نکات کلیدی و مستندات,1,4,1334,2,0,32,BreadcrumbList|Article,fa-IR|x-default,fa,sitemap-blog.xml,28.7,
blog/seamless-pipe-guide.html,https://pishtaj.ir/blog/seamless-pipe-guide.html,blog,راهنمای کامل لوله مانیسمان (بدون درز) | پیشرو تجهیز فرتاک,57,مقاله جامع لوله مانیسمان بدون درز: استانداردهای A106، A333، API 5L، فرآیند تولید، مشخصات فنی و کاربردها.,104,https://pishtaj.ir/blog/seamless-pipe-guide.html,"index, follow",راهنمای کامل لوله مانیسمان (بدون درز) — استانداردها، مشخصات فنی و کاربردهای صنعتی,1,4,1312,2,0,35,BreadcrumbList|Article,fa-IR|x-default,fa,sitemap-blog.xml,30.1,
brands/abb-industrial.html,https://pishtaj.ir/brands/abb-industrial.html,brands,تامین و سورسینگ ABB صنعتی | پیشرو تجهیز فرتاک,45,راهنمای سورسینگ تجهیزات ABB صنعتی؛ Switchgear، Circuit Breaker، Drive، Motor، Instrumentation و Automation بدون ادعای نمایندگی رسمی.,132,https://pishtaj.ir/brands/abb-industrial.html,"index, follow",تامین و سورسینگ ABB صنعتی,1,17,1886,1,0,18,BreadcrumbList|WebPage,fa-IR|x-default,fa,sitemap-misc.xml,21.9,
brands/atlas-copco-compressed-air.html,https://pishtaj.ir/brands/atlas-copco-compressed-air.html,brands,تامین و سورسینگ اطلس کوپکو Atlas Copco | پیشرو تجهیز فرتاک,58,راهنمای سورسینگ تجهیزات Atlas Copco شامل کمپرسور اسکرو، Dryer، Filter و Instrument Air Package؛ بدون ادعای نمایندگی رسمی؛ بررسی قیمت و تامین از شبکه جهانی.,155,https://pishtaj.ir/brands/atlas-copco-compressed-air.html,"index, follow",تامین و سورسینگ اطلس کوپکو Atlas Copco,1,11,1831,1,0,12,WebPage|BreadcrumbList,fa-IR|x-default,fa,sitemap-misc.xml,21.5,
brands/eaton-crouse-hinds.html,https://pishtaj.ir/brands/eaton-crouse-hinds.html,brands,تامین تجهیزات Eaton Crouse-Hinds | پیشرو تجهیز فرتاک,52,راهنمای سورسینگ تجهیزات Eaton و Crouse-Hinds شامل Breaker، UPS، گلند، Ex Lighting، Enclosure و تجهیزات Hazardous Area؛ بدون ادعای نمایندگی رسمی.,144,https://pishtaj.ir/brands/eaton-crouse-hinds.html,"index, follow",تامین و سورسینگ ایتون / کراوس-هایندز Eaton Crouse-Hinds,1,18,1901,1,0,17,WebPage|BreadcrumbList,fa-IR|x-default,fa,sitemap-misc.xml,21.4,
brands/emerson-rosemount.html,https://pishtaj.ir/brands/emerson-rosemount.html,brands,نمایندگی روزمونت؛ سورسینگ و اصالت‌سنجی | پیشرو تجهیز فرتاک,58,راهنمای سورسینگ و تامین تجهیزات روزمونت / امرسون — ترانسمیتر فشار 3051، دما، سطح و فلومتر DP؛ بررسی نمایندگی، اصالت مدارک و کنترل Model Code.,141,https://pishtaj.ir/brands/emerson-rosemount.html,"index, follow",نمایندگی روزمونت در ایران؛ سورسینگ و تامین روزمونت/امرسون,1,11,1884,1,0,13,BreadcrumbList|WebPage|FAQPage,fa-IR|x-default,fa,sitemap-misc.xml,23.6,
brands/endress-hauser.html,https://pishtaj.ir/brands/endress-hauser.html,brands,تامین و سورسینگ اندرس هاوزر Endress+Hauser | پیشرو تجهیز فرتاک,62,راهنمای سورسینگ تجهیزات Endress+Hauser برای فشار، دبی، سطح، دما و آنالیز مایعات؛ بدون ادعای نمایندگی رسمی؛ بررسی قیمت و تامین از شبکه جهانی.,140,https://pishtaj.ir/brands/endress-hauser.html,"index, follow",تامین و سورسینگ اندرس هاوزر Endress+Hauser,1,12,1893,1,0,13,BreadcrumbList|WebPage,fa-IR|x-default,fa,sitemap-misc.xml,21.9,
brands/fisher-samson-control-valves.html,https://pishtaj.ir/brands/fisher-samson-control-valves.html,brands,تامین و سورسینگ کنترل ولو Fisher و SAMSON | پیشرو تجهیز فرتاک,61,راهنمای سورسینگ کنترل ولو، اکچویتور و پوزیشنر Fisher و SAMSON برای سرویس‌های فرایندی بدون ادعای نمایندگی رسمی؛ بررسی قیمت و تامین از شبکه جهانی.,144,https://pishtaj.ir/brands/fisher-samson-control-valves.html,"index, follow",تامین و سورسینگ کنترل ولو Fisher و SAMSON,1,12,1971,1,0,12,WebPage|BreadcrumbList,fa-IR|x-default,fa,sitemap-misc.xml,21.3,
brands/flexitallic-gaskets.html,https://pishtaj.ir/brands/flexitallic-gaskets.html,brands,تامین و سورسینگ فلکسیتالیک Flexitallic | پیشرو تجهیز فرتاک,58,راهنمای سورسینگ گسکت‌های Flexitallic مانند Spiral Wound، Flexpro Kammprofile، RTJ و Thermiculite بدون ادعای نمایندگی رسمی؛ بررسی قیمت و تامین از شبکه جهانی.,156,https://pishtaj.ir/brands/flexitallic-gaskets.html,"index, follow",تامین و سورسینگ فلکسیتالیک Flexitallic,1,11,1794,1,0,10,WebPage|BreadcrumbList,fa-IR|x-default,fa,sitemap-misc.xml,21.7,
brands/galperti-flanges.html,https://pishtaj.ir/brands/galperti-flanges.html,brands,تامین و سورسینگ گالپرتی Galperti | پیشرو تجهیز فرتاک,52,راهنمای سورسینگ فلنج و فورج Galperti شامل ASME B16.5، B16.47، Orifice Flange و API/NORSOK بدون ادعای نمایندگی رسمی؛ بررسی قیمت و تامین از شبکه جهانی.,149,https://pishtaj.ir/brands/galperti-flanges.html,"index, follow",تامین و سورسینگ گالپرتی Galperti,1,11,1762,1,0,10,WebPage|BreadcrumbList,fa-IR|x-default,fa,sitemap-misc.xml,21.3,
brands/grundfos-pumps.html,https://pishtaj.ir/brands/grundfos-pumps.html,brands,تامین و سورسینگ گراندفوس Grundfos | پیشرو تجهیز فرتاک,53,راهنمای سورسینگ پمپ‌های Grundfos مانند CR/CRE، بوستر، دوزینگ و پمپ‌های صنعتی آب؛ بدون ادعای نمایندگی رسمی؛ بررسی قیمت و تامین از شبکه جهانی.,140,https://pishtaj.ir/brands/grundfos-pumps.html,"index, follow",تامین و سورسینگ گراندفوس Grundfos,1,20,1899,1,0,17,WebPage|BreadcrumbList,fa-IR|x-default,fa,sitemap-misc.xml,21.6,
brands/index.html,https://pishtaj.ir/brands/index.html,brands,جستجوی برندهای قابل سورسینگ تجهیزات صنعتی | پیشرو تجهیز فرتاک,61,هاب قابل جستجو برای برندهای قابل سورسینگ تجهیزات صنعتی؛ بدون ادعای نمایندگی رسمی و با تمرکز بر Part Number، وندورلیست و مدارک قابل ردیابی.,138,https://pishtaj.ir/brands/,"index, follow",برندهای قابل سورسینگ تجهیزات صنعتی,1,0,567,1,0,24,CollectionPage|ItemList|BreadcrumbList,fa-IR|x-default,fa,sitemap-misc.xml,21.9,
brands/kitz-valves.html,https://pishtaj.ir/brands/kitz-valves.html,brands,تامین و سورسینگ شیرآلات KITZ | پیشرو تجهیز فرتاک,48,راهنمای سورسینگ شیرآلات KITZ شامل Ball، Gate، Globe، Check و Butterfly Valve برای سرویس‌های صنعتی، بدون ادعای نمایندگی رسمی؛ بررسی قیمت و تامین از شبکه جهانی.,158,https://pishtaj.ir/brands/kitz-valves.html,"index, follow",تامین و سورسینگ شیرآلات KITZ,1,16,1822,1,0,18,BreadcrumbList|WebPage,fa-IR|x-default,fa,sitemap-misc.xml,21.7,
brands/krohne-instrumentation.html,https://pishtaj.ir/brands/krohne-instrumentation.html,brands,تامین و سورسینگ کرونه KROHNE | پیشرو تجهیز فرتاک,48,راهنمای سورسینگ تجهیزات KROHNE شامل فلومتر، Level، DP Flow و ابزار دقیق فرایندی بدون ادعای نمایندگی رسمی؛ بررسی قیمت و تامین از شبکه جهانی.,139,https://pishtaj.ir/brands/krohne-instrumentation.html,"index, follow",تامین و سورسینگ کرونه KROHNE,1,11,1840,1,0,13,WebPage|BreadcrumbList,fa-IR|x-default,fa,sitemap-misc.xml,21.6,
brands/omron-automation.html,https://pishtaj.ir/brands/omron-automation.html,brands,تامین و سورسینگ امرون Omron Automation | پیشرو تجهیز فرتاک,58,راهنمای سورسینگ تجهیزات Omron شامل PLC، سنسور، رله، پاور، Temperature Controller، Safety و HMI؛ بدون ادعای نمایندگی رسمی؛ بررسی قیمت و تامین از شبکه جهانی.,155,https://pishtaj.ir/brands/omron-automation.html,"index, follow",تامین و سورسینگ امرون Omron Automation,1,12,1928,1,0,12,WebPage|BreadcrumbList,fa-IR|x-default,fa,sitemap-misc.xml,21.4,
brands/phoenix-contact.html,https://pishtaj.ir/brands/phoenix-contact.html,brands,تامین و سورسینگ فونیکس کنتاکت Phoenix Contact | پیشرو تجهیز فرتاک,65,راهنمای سورسینگ تجهیزات Phoenix Contact شامل ترمینال، پاور، رله، Surge Protection، PLCnext، Ethernet Switch و کابل/کانکتور صنعتی؛ بدون ادعای نمایندگی رسمی.,155,https://pishtaj.ir/brands/phoenix-contact.html,"index, follow",تامین و سورسینگ فونیکس کنتاکت Phoenix Contact,1,12,1884,1,0,13,WebPage|BreadcrumbList,fa-IR|x-default,fa,sitemap-misc.xml,21.5,
brands/schneider-electric.html,https://pishtaj.ir/brands/schneider-electric.html,brands,تامین و سورسینگ اشنایدر الکتریک Schneider Electric | پیشرو تجهیز,64,راهنمای سورسینگ تجهیزات Schneider Electric شامل Modicon PLC، Altivar Drive، TeSys، MCCB/ACB و تابلو LV؛ بدون ادعای نمایندگی رسمی؛ بررسی قیمت و تامین از شبکه جهانی.,163,https://pishtaj.ir/brands/schneider-electric.html,"index, follow",تامین و سورسینگ اشنایدر الکتریک Schneider Electric,1,11,1901,1,0,13,BreadcrumbList|WebPage,fa-IR|x-default,fa,sitemap-misc.xml,21.3,
brands/siemens-industrial.html,https://pishtaj.ir/brands/siemens-industrial.html,brands,تامین و سورسینگ زیمنس صنعتی | پیشرو تجهیز فرتاک,47,راهنمای سورسینگ تجهیزات Siemens صنعتی مانند SIMATIC PLC، HMI، SINAMICS Drive، Switchgear، MCC و تجهیزات کنترل بدون ادعای نمایندگی رسمی.,135,https://pishtaj.ir/brands/siemens-industrial.html,"index, follow",تامین و سورسینگ زیمنس صنعتی,1,16,1823,1,0,12,BreadcrumbList|WebPage,fa-IR|x-default,fa,sitemap-misc.xml,22.4,
brands/spirax-sarco-steam.html,https://pishtaj.ir/brands/spirax-sarco-steam.html,brands,تامین و سورسینگ اسپیرکس سارکو Spirax Sarco | پیشرو تجهیز فرتاک,62,راهنمای سورسینگ تجهیزات Spirax Sarco شامل Steam Trap، PRV، Condensate Recovery، Pressure Powered Pump و Steam System؛ بدون ادعای نمایندگی رسمی.,143,https://pishtaj.ir/brands/spirax-sarco-steam.html,"index, follow",تامین و سورسینگ اسپیرکس سارکو Spirax Sarco,1,11,1855,1,0,13,WebPage|BreadcrumbList,fa-IR|x-default,fa,sitemap-misc.xml,21.2,
brands/tenaris-pipes.html,https://pishtaj.ir/brands/tenaris-pipes.html,brands,تامین و سورسینگ تناریس Tenaris | پیشرو تجهیز فرتاک,50,راهنمای سورسینگ لوله‌های Tenaris شامل OCTG، Line Pipe، Seamless Pipe و لوله‌های نیروگاهی/آلیاژی بدون ادعای نمایندگی رسمی؛ بررسی قیمت و تامین از شبکه جهانی.,155,https://pishtaj.ir/brands/tenaris-pipes.html,"index, follow",تامین و سورسینگ تناریس Tenaris,1,11,1850,1,0,11,WebPage|BreadcrumbList,fa-IR|x-default,fa,sitemap-misc.xml,21.5,
brands/vallourec-pipes.html,https://pishtaj.ir/brands/vallourec-pipes.html,brands,تامین و سورسینگ والورک Vallourec | پیشرو تجهیز فرتاک,52,راهنمای سورسینگ لوله‌های Vallourec برای Line Pipe، Mechanical Tubing، Alloy Pipe و سرویس‌های نفت، گاز و نیروگاه بدون ادعای نمایندگی رسمی.,137,https://pishtaj.ir/brands/vallourec-pipes.html,"index, follow",تامین و سورسینگ والورک Vallourec,1,16,1792,1,0,17,WebPage|BreadcrumbList,fa-IR|x-default,fa,sitemap-misc.xml,20.8,
brands/wika-instrumentation.html,https://pishtaj.ir/brands/wika-instrumentation.html,brands,تامین و سورسینگ ویکا WIKA | پیشرو تجهیز فرتاک,45,راهنمای سورسینگ تجهیزات WIKA شامل گیج فشار، ترانسمیتر، ترموول، سنسور دما و دیافراگم سیل؛ بدون ادعای نمایندگی رسمی؛ بررسی قیمت و تامین از شبکه جهانی.,148,https://pishtaj.ir/brands/wika-instrumentation.html,"index, follow",تامین و سورسینگ ویکا WIKA,1,11,1887,1,0,13,BreadcrumbList|WebPage,fa-IR|x-default,fa,sitemap-misc.xml,21.9,
brands/yokogawa-industrial.html,https://pishtaj.ir/brands/yokogawa-industrial.html,brands,تامین و سورسینگ یوکوگاوا Yokogawa | پیشرو تجهیز فرتاک,53,راهنمای سورسینگ تجهیزات Yokogawa شامل ترانسمیترهای EJA/EJX، فلومتر، آنالایزر و DCS؛ بدون ادعای نمایندگی رسمی؛ بررسی قیمت و تامین از شبکه جهانی.,143,https://pishtaj.ir/brands/yokogawa-industrial.html,"index, follow",تامین و سورسینگ یوکوگاوا Yokogawa,1,18,1900,1,0,19,BreadcrumbList|WebPage,fa-IR|x-default,fa,sitemap-misc.xml,22.1,
careers/index.html,https://pishtaj.ir/careers/index.html,careers,استخدام و فرصت‌های شغلی | پیشرو تجهیز فرتاک,43,فرصت‌های شغلی شرکت پیشرو تجهیز فرتاک — ارسال رزومه PDF برای آگهی‌های منتشرشده.,78,https://pishtaj.ir/careers/,"index, follow",فرصت‌های شغلی پیشرو تجهیز فرتاک,1,1,378,1,0,16,BreadcrumbList|FAQPage,fa-IR,fa,sitemap-misc.xml,13.3,
catalog/index.html,https://pishtaj.ir/catalog/index.html,catalog,مرکز دانلود کاتالوگ و مستندات فنی | پیشرو تجهیز فرتاک,53,دانلود کاتالوگ و مستندات فنی تجهیزات صنعتی شامل پایپینگ، شیرآلات، ابزار دقیق، برق صنعتی و چک‌لیست بازرسی برای پروژه‌های نفت، گاز و پتروشیمی.,140,https://pishtaj.ir/catalog/,"index, follow",مرکز دانلود کاتالوگ جامع، دیتاشیت و هندبوک‌های مهندسی,1,0,358,2,0,26,Organization|LocalBusiness|BreadcrumbList,fa-IR|x-default,fa,sitemap-misc.xml,26.0,
comparisons/a106-vs-a333-pipe.html,https://pishtaj.ir/comparisons/a106-vs-a333-pipe.html,comparisons,مقایسه لوله ASTM A106 و A333 | تفاوت کاربرد، تست ضربه و دما,59,مقایسه فنی لوله کربن استیل ASTM A106 Gr.B و A333 Gr.6؛ تفاوت در تست ضربه Charpy، محدوده دما، الزام NACE و انتخاب در سرویس دمای پایین.,133,https://pishtaj.ir/comparisons/a106-vs-a333-pipe.html,"index, follow, max-image-preview:large, max-snippet:-1, max-video-preview:-1",مقایسه لوله ASTM A106 و A333 | تفاوت کاربرد، تست ضربه و دما,1,12,1698,1,0,26,Article|BreadcrumbList|FAQPage,fa-IR|x-default,fa,sitemap-misc.xml,30.5,
comparisons/ball-vs-butterfly-valve.html,https://pishtaj.ir/comparisons/ball-vs-butterfly-valve.html,comparisons,مقایسه شیر توپی (Ball) و پروانه‌ای (Butterfly),46,تفاوت Ball Valve و Butterfly Valve؛ مقایسه افت فشار، وزن، آب‌بندی، سایز، قیمت و انتخاب در خطوط فرایندی و سرویس‌های بزرگ.,120,https://pishtaj.ir/comparisons/ball-vs-butterfly-valve.html,"index, follow, max-image-preview:large, max-snippet:-1, max-video-preview:-1",مقایسه شیر توپی (Ball) و پروانه‌ای (Butterfly) | سایز، وزن و کاربرد,1,12,1524,1,0,26,Article|BreadcrumbList|FAQPage,fa-IR|x-default,fa,sitemap-misc.xml,27.9,
comparisons/gate-vs-globe-valve.html,https://pishtaj.ir/comparisons/gate-vs-globe-valve.html,comparisons,مقایسه شیر دروازه‌ای (Gate) و کروی (Globe),42,تفاوت Gate Valve و Globe Valve؛ کاربرد در قطع و وصل در برابر تنظیم جریان، افت فشار، جهت نصب، تعمیر و انتخاب در خطوط بخار و فرایندی.,131,https://pishtaj.ir/comparisons/gate-vs-globe-valve.html,"index, follow, max-image-preview:large, max-snippet:-1, max-video-preview:-1",مقایسه شیر دروازه‌ای (Gate) و کروی (Globe) | افت فشار و تنظیم جریان,1,12,1519,1,0,26,Article|BreadcrumbList|FAQPage,fa-IR|x-default,fa,sitemap-misc.xml,28.0,
comparisons/index.html,https://pishtaj.ir/comparisons/index.html,comparisons,مرجع مقایسه‌های فنی تجهیزات صنعتی | پیشرو تجهیز فرتاک,53,مقایسه‌های تخصصی A در برابر B برای تجهیزات صنعتی: لوله، فلنج، شیرآلات، ابزار دقیق، برق صنعتی، پمپ و استانداردهای سرویس ترش.,123,https://pishtaj.ir/comparisons/,"index, follow",مرجع مقایسه‌های فنی تجهیزات صنعتی,1,1,444,1,0,27,CollectionPage|BreadcrumbList,,fa,sitemap-misc.xml,10.7,
comparisons/magmeter-vs-coriolis-flowmeter.html,https://pishtaj.ir/comparisons/magmeter-vs-coriolis-flowmeter.html,comparisons,مقایسه فلومتر مغناطیسی (Magmeter) و کوریولیس (Coriolis),55,تفاوت فلومتر مغناطیسی (الکترومغناطیسی) و کوریولیس؛ مقایسه دقت، افت فشار، نیاز به رسانایی سیال، قابلیت اندازه‌گیری جرمی و انتخاب در پروژه.,137,https://pishtaj.ir/comparisons/magmeter-vs-coriolis-flowmeter.html,"index, follow, max-image-preview:large, max-snippet:-1, max-video-preview:-1",مقایسه فلومتر مغناطیسی (Magmeter) و کوریولیس (Coriolis) | دقت و کاربرد,1,12,1542,1,0,24,Article|BreadcrumbList|FAQPage,fa-IR|x-default,fa,sitemap-misc.xml,30.0,
comparisons/nace-mr0175-vs-mr0103.html,https://pishtaj.ir/comparisons/nace-mr0175-vs-mr0103.html,comparisons,مقایسه NACE MR0175 و MR0103 | سرویس ترش بالادستی و پایین‌دستی,61,تفاوت استاندارد NACE MR0175/ISO 15156 و MR0103 برای سرویس ترش (H2S)؛ دامنه کاربرد، الزامات سختی، انتخاب در تولید نفت در برابر پالایش/پتروشیمی.,142,https://pishtaj.ir/comparisons/nace-mr0175-vs-mr0103.html,"index, follow, max-image-preview:large, max-snippet:-1, max-video-preview:-1",مقایسه NACE MR0175 و MR0103 | سرویس ترش بالادستی و پایین‌دستی,1,12,1531,1,0,25,Article|BreadcrumbList|FAQPage,fa-IR|x-default,fa,sitemap-misc.xml,28.8,
comparisons/rosemount-vs-yokogawa-transmitter.html,https://pishtaj.ir/comparisons/rosemount-vs-yokogawa-transmitter.html,comparisons,مقایسه ترانسمیتر Rosemount و Yokogawa | دقت، اکوسیستم و سرویس,61,تفاوت ترانسمیتر فشار/دما Rosemount (امرسون) و Yokogawa؛ مقایسه دقت، پایداری، پروتکل، اکوسیستم DCS، قطعات یدکی و انتخاب در پروژه.,128,https://pishtaj.ir/comparisons/rosemount-vs-yokogawa-transmitter.html,"index, follow, max-image-preview:large, max-snippet:-1, max-video-preview:-1",مقایسه ترانسمیتر Rosemount و Yokogawa | دقت، اکوسیستم و سرویس,1,12,1552,1,0,24,Article|BreadcrumbList|FAQPage,fa-IR|x-default,fa,sitemap-misc.xml,29.2,
comparisons/seamless-vs-erw-pipe.html,https://pishtaj.ir/comparisons/seamless-vs-erw-pipe.html,comparisons,مقایسه لوله مانیسمان (Seamless) و درزدار (ERW) | استحکام و کاربرد,65,تفاوت لوله بدون درز Seamless و درز جوش مستقیم ERW؛ مقایسه استحکام، تست، قیمت، کاربرد در نفت/گاز/آب و اشتباهات رایج خرید.,120,https://pishtaj.ir/comparisons/seamless-vs-erw-pipe.html,"index, follow, max-image-preview:large, max-snippet:-1, max-video-preview:-1",مقایسه لوله مانیسمان (Seamless) و درزدار (ERW) | استحکام و کاربرد,1,12,1510,1,0,26,Article|BreadcrumbList|FAQPage,fa-IR|x-default,fa,sitemap-misc.xml,28.0,
comparisons/vcb-vs-acb-switchgear.html,https://pishtaj.ir/comparisons/vcb-vs-acb-switchgear.html,comparisons,مقایسه کلید VCB (وکیوم) و ACB (هوایی) | ولتاژ، کاربرد و عمر,59,تفاوت VCB و ACB در تابلوهای برق صنعتی؛ مقایسه ولتاژ کاری، مکانیزم خاموشی قوس، عمر مکانیکی/الکتریکی، نگه‌داری و انتخاب در MV و LV.,129,https://pishtaj.ir/comparisons/vcb-vs-acb-switchgear.html,"index, follow, max-image-preview:large, max-snippet:-1, max-video-preview:-1",مقایسه کلید VCB (وکیوم) و ACB (هوایی) | ولتاژ، کاربرد و عمر,1,12,1560,1,0,24,Article|BreadcrumbList|FAQPage,fa-IR|x-default,fa,sitemap-misc.xml,28.4,
comparisons/vfd-vs-soft-starter.html,https://pishtaj.ir/comparisons/vfd-vs-soft-starter.html,comparisons,مقایسه VFD و Soft Starter برای موتور الکتریکی,45,تفاوت درایو فرکانس متغیر (VFD) و سافت استارتر؛ مقایسه کنترل سرعت، کاهش جریان هجومی، صرفه انرژی، هزینه و کاربرد در فن/پمپ/نوار نقاله.,132,https://pishtaj.ir/comparisons/vfd-vs-soft-starter.html,"index, follow, max-image-preview:large, max-snippet:-1, max-video-preview:-1",مقایسه VFD و Soft Starter برای موتور الکتریکی | انتخاب بر اساس بار,1,12,1555,1,0,24,Article|BreadcrumbList|FAQPage,fa-IR|x-default,fa,sitemap-misc.xml,28.9,
comparisons/wn-vs-so-flange.html,https://pishtaj.ir/comparisons/wn-vs-so-flange.html,comparisons,مقایسه فلنج Weld Neck (WN) و Slip On (SO) | فشار، جوش و کاربرد,62,تفاوت فلنج گلودار WN و اسلیپ‌آن SO؛ مقایسه کلاس فشار، تعداد جوش، مقاومت خستگی، هزینه و کاربرد در خطوط فرایندی.,110,https://pishtaj.ir/comparisons/wn-vs-so-flange.html,"index, follow, max-image-preview:large, max-snippet:-1, max-video-preview:-1",مقایسه فلنج Weld Neck (WN) و Slip On (SO) | فشار، جوش و کاربرد,1,12,1588,1,0,26,Article|BreadcrumbList|FAQPage,fa-IR|x-default,fa,sitemap-misc.xml,28.4,
en/about.html,https://pishtaj.ir/en/about.html,en,About Us — Industrial Equipment Supplier | Pishro Tajhiz Fartak,63,"Pishro Tajhiz Fartak (PTF) — over 12 years of experience in supplying piping, valves, instrumentation and electrical equipment for oil, gas and petrochemical…",158,https://pishtaj.ir/en/about.html,,About Pishro Tajhiz Fartak,1,6,396,2,0,13,AboutPage|BreadcrumbList|FAQPage,en|fa-IR|x-default,en,sitemap-en.xml,11.5,
en/careers.html,https://pishtaj.ir/en/careers.html,en,Careers | Pishro Tajhiz Fartak,30,Open positions at Pishro Tajhiz Fartak. Applications are submitted on each job page.,84,https://pishtaj.ir/en/careers.html,"noindex, follow",Careers,1,0,38,1,0,8,Organization|LocalBusiness|BreadcrumbList|WebPage,en|fa-IR,en,,4.3,noindex|thin-content|not-in-sitemap
en/index.html,https://pishtaj.ir/en/index.html,en,Industrial Equipment Supplier in Iran &amp; the Middle East | PTF,65,"Pishro Tajhiz Fartak (PTF) — specialized supplier of piping, valves, instrumentation, and electrical equipment for oil, gas, petrochemical, steel, and power…",157,https://pishtaj.ir/en/,"index, follow",Industrial Equipment Supply & Procurement for Energy Projects,1,4,406,2,0,14,WebSite|Organization|BreadcrumbList|FAQPage,en|fa-IR|x-default,en,sitemap-en.xml,16.3,
en/projects.html,https://pishtaj.ir/en/projects.html,en,Industrial Projects &amp; Case Studies | Pishro Tajhiz Fartak,61,"Successful supply projects and case studies by PTF — piping packages for refineries, instrumentation for petrochemical plants, electrical equipment for steel mills.",164,https://pishtaj.ir/en/projects.html,,Our Projects & Case Studies,1,1,463,2,0,13,CollectionPage|BreadcrumbList|FAQPage,en|fa-IR|x-default,en,sitemap-en.xml,13.5,
en/services.html,https://pishtaj.ir/en/services.html,en,Industrial Equipment Supply &amp; Procurement Services | PTF,60,"PTF services: piping supply, industrial valves, electrical equipment, instrumentation, inspection, and procurement logistics for oil, gas and petrochemical projects.",165,https://pishtaj.ir/en/services.html,,Our Services,1,1,381,2,0,13,CollectionPage|Service|BreadcrumbList|FAQPage,en|fa-IR|x-default,en,sitemap-en.xml,12.1,
index.html,https://pishtaj.ir/index.html,(ریشه),تامین تجهیزات صنعتی نفت، گاز و پتروشیمی | پیشرو تجهیز فرتاک,59,تامین تجهیزات صنعتی نفت، گاز و پتروشیمی؛ لوله، شیرآلات، ابزار دقیق و تجهیزات برق با ثبت RFQ آنلاین و دریافت پیش‌فاکتور در کوتاه‌ترین زمان.,138,https://pishtaj.ir/,"index, follow, max-image-preview:large, max-snippet:-1, max-video-preview:-1",تامین‌کننده تجهیزات صنعتی — تجهیزات حیاتی پروژه‌ها را مطمئن، سریع و دقیق تامین کنید,1,9,1947,71,1,172,Organization|FAQPage|BreadcrumbList|WebSite,en|fa-IR|x-default,fa,sitemap-core.xml,107.1,img-no-alt
industries/cement/index.html,https://pishtaj.ir/industries/cement/index.html,industries,تامین تجهیزات کارخانه سیمان | Kiln، Cooler، Mill، Cyclone، فیلتر,64,تامین تخصصی تجهیزات کارخانه سیمان شامل Rotary Kiln، Cooler، Ball Mill، Cyclone و Bag Filter؛ بررسی فنی، قطعات یدکی و استعلام پروژه‌ای.,134,https://pishtaj.ir/industries/cement/,"index, follow, max-image-preview:large, max-snippet:-1",تامین تجهیزات صنعت سیمان — Cement,1,1,1076,2,0,48,Service|BreadcrumbList|FAQPage,fa-IR|x-default,fa,sitemap-industries.xml,37.8,
industries/index.html,https://pishtaj.ir/industries/index.html,industries,صنایع هدف | تامین تجهیزات نفت، گاز، پتروشیمی، فولاد، نیروگاه,60,پیشرو تجهیز فرتاک خدمات تامین تجهیزات صنعتی را برای ۶ صنعت مادر ایران ارائه می‌دهد: نفت و گاز، پتروشیمی، فولاد، سیمان، نیروگاهی، آب و فاضلاب.,141,https://pishtaj.ir/industries/,"index, follow, max-image-preview:large, max-snippet:-1",۶ صنعت مادر ایران تحت پوشش خدمات تامین پیشرو تجهیز فرتاک,1,1,592,2,0,46,CollectionPage|BreadcrumbList|ItemList,fa-IR|x-default,fa,sitemap-industries.xml,27.0,
industries/oil-gas/index.html,https://pishtaj.ir/industries/oil-gas/index.html,industries,تامین تجهیزات نفت و گاز برای پروژه‌های EPC | پیشرو تجهیز فرتاک,62,تامین تجهیزات نفت و گاز برای پروژه‌های EPC؛ تجهیزات Upstream و Downstream، پالایشگاه، خطوط لوله و پتروشیمی با استانداردهای بین‌المللی و پشتیبانی فنی.,149,https://pishtaj.ir/industries/oil-gas/,"index, follow, max-image-preview:large, max-snippet:-1",تامین تجهیزات صنعت نفت و گاز — Upstream، Midstream، Downstream,1,1,1442,2,0,51,Service|BreadcrumbList|FAQPage,fa-IR|x-default,fa,sitemap-industries.xml,43.4,
industries/petrochemical/index.html,https://pishtaj.ir/industries/petrochemical/index.html,industries,تجهیزات صنعت پتروشیمی؛ راهنمای تامین واحدهای الفین و آروماتیک,61,راهنمای تجهیزات صنایع پتروشیمی: پایپینگ، ابزار دقیق، برق و تجهیزات دوار واحدهای الفین، آروماتیک و یوتیلیتی؛ الزامات متریال، استانداردها و مسیر تامین.,149,https://pishtaj.ir/industries/petrochemical/,"index, follow, max-image-preview:large, max-snippet:-1",تجهیزات صنعت پتروشیمی — نقشهٔ تامین واحدهای الفین، آروماتیک و یوتیلیتی,1,1,1406,2,0,49,Service|BreadcrumbList|FAQPage,fa-IR|x-default,fa,sitemap-industries.xml,45.3,
industries/power-plant/index.html,https://pishtaj.ir/industries/power-plant/index.html,industries,تامین تجهیزات نیروگاهی | گازی، سیکل ترکیبی، حرارتی، تجدیدپذیر,61,تامین تخصصی تجهیزات نیروگاه‌های گازی، سیکل ترکیبی و حرارتی شامل توربین، ژنراتور، بویلر و Heat Exchanger؛ با بررسی مدارک فنی، قطعات یدکی و RFQ پروژه‌ای.,151,https://pishtaj.ir/industries/power-plant/,"index, follow, max-image-preview:large, max-snippet:-1",تامین تجهیزات صنعت نیروگاهی و انرژی — Power & Utility,1,1,1115,2,0,48,Service|BreadcrumbList|FAQPage,fa-IR|x-default,fa,sitemap-industries.xml,39.2,
industries/steel/index.html,https://pishtaj.ir/industries/steel/index.html,industries,تامین تجهیزات صنعت فولاد | کوره، نورد، فولادسازی، Utility,57,تامین تخصصی تجهیزات فولادسازی، نورد، یوتیلیتی، Mill Equipment و قطعات یدکی برای پروژه‌های فولاد؛ با بررسی فنی و استعلام قیمت.,125,https://pishtaj.ir/industries/steel/,"index, follow, max-image-preview:large, max-snippet:-1",تامین تجهیزات صنعت فولاد — Steel,1,1,1049,2,0,48,Service|BreadcrumbList|FAQPage,fa-IR|x-default,fa,sitemap-industries.xml,37.3,
industries/water/index.html,https://pishtaj.ir/industries/water/index.html,industries,تامین تجهیزات صنعت آب و فاضلاب | تصفیه‌خانه، RO، پمپ، MBR، Dosing,65,تامین تخصصی تجهیزات تصفیه‌خانه آب و فاضلاب شامل پمپ، فیلتر شنی، RO، UF/MF، MBR، Dosing، Aerator، Decanter و تجهیزات کنترل برای پروژه‌های آبفا، صنعتی و خصوصی.,157,https://pishtaj.ir/industries/water/,"index, follow, max-image-preview:large, max-snippet:-1",تامین تجهیزات صنعت آب و فاضلاب — Water & Wastewater,1,1,1127,2,0,48,Service|BreadcrumbList|FAQPage,fa-IR|x-default,fa,sitemap-industries.xml,38.7,
knowledge-center/3-way-valve-l-port-t-port.html,https://pishtaj.ir/knowledge-center/3-way-valve-l-port-t-port.html,knowledge-center,راهنمای شیر سه‌راهه؛ تفاوت پورت ال و تی و کاربرد هرکدام,55,راهنمای کامل شیر توپی سه‌راهه: ساختار پورت ال و تی، حالت‌های جریان، کاربردهای انحراف و اختلاط، نکات انتخاب و خطای رایج در سفارش.,128,https://pishtaj.ir/knowledge-center/3-way-valve-l-port-t-port.html,"index, follow",شیر سه‌راهه — تفاوت پورت ال و تی و کاربرد هرکدام,1,12,1166,2,0,20,BreadcrumbList|Article|FAQPage,fa-IR|x-default,fa,sitemap-knowledge-center.xml,25.4,
knowledge-center/a106-api-5l.html,https://pishtaj.ir/knowledge-center/a106-api-5l.html,knowledge-center,مقایسه لوله (A106) و (API 5L)؛ تفاوت‌ها و کاربرد هرکدام,55,راهنمای مقایسه لوله‌های (ASTM A106) و (API 5L): فلسفه استانداردها، گریدها، الزامات آزمون و کاربرد هرکدام در پایپینگ و خطوط انتقال.,130,https://pishtaj.ir/knowledge-center/a106-api-5l.html,"index, follow",مقایسه لوله (A106) و (API 5L),1,9,1104,2,0,19,BreadcrumbList|Article|FAQPage,fa-IR|x-default,fa,sitemap-knowledge-center.xml,24.5,
knowledge-center/a106-gr-b-a333-gr-6.html,https://pishtaj.ir/knowledge-center/a106-gr-b-a333-gr-6.html,knowledge-center,مقایسه لوله دمای بالا (A106 Gr.B) و دمای پایین (A333 Gr.6),58,مقایسه فنی کامل دو لوله پرکاربرد کربنی: کاربرد دمایی، ترکیب شیمیایی، تست ضربه، خواص مکانیکی، قیمت و معیارهای انتخاب بین لوله دمای بالا و لوله دمای پایین برای پروژه.,164,https://pishtaj.ir/knowledge-center/a106-gr-b-a333-gr-6.html,"index, follow",مقایسه لوله دمای بالا و لوله دمای پایین کربنی — کدام برای خط شما؟,1,10,1163,2,0,20,BreadcrumbList|Article|FAQPage,fa-IR|x-default,fa,sitemap-knowledge-center.xml,26.2,
knowledge-center/a106-gr-b.html,https://pishtaj.ir/knowledge-center/a106-gr-b.html,knowledge-center,راهنمای کامل لوله A106 Gr.B؛ مشخصات و قیمت | پیشرو تجهیز فرتاک,62,راهنمای کامل لوله A106 Gr.B — مشخصات فنی و خرید؛ کاربردها، استانداردهای کلیدی، نکات انتخاب فنی، قیمت و مسیر استعلام برای پروژه‌های صنعتی و EPC.,143,https://pishtaj.ir/knowledge-center/kc-astm-a106-gr.html,"noindex, follow",راهنمای کامل لوله A106 Gr.B — مشخصات فنی و خرید,1,8,1810,2,0,38,Article|BreadcrumbList|FAQPage,fa-IR|x-default,fa,,37.0,canonical-mismatch|noindex|not-in-sitemap
knowledge-center/a106-pipe-procurement-guide.html,https://pishtaj.ir/knowledge-center/a106-pipe-procurement-guide.html,knowledge-center,راهنمای خرید و قیمت لوله A106 Gr.B | پیشرو تجهیز فرتاک,54,راهنمای تخصصی خرید لوله A106 Gr.B: نکات فنی، بازرسی، گواهی MTC، تست هیدرواستاتیک و استانداردهای مرتبط؛ همراه نکات قیمت و مسیر استعلام.,134,https://pishtaj.ir/knowledge-center/kc-astm-a106-gr.html,"noindex, follow",راهنمای خرید لوله A106 Gr.B — نکات فنی و بازرسی,1,12,1690,2,0,36,Article|BreadcrumbList|FAQPage,fa-IR|x-default,fa,,34.6,canonical-mismatch|noindex|not-in-sitemap
knowledge-center/a333-gr-6.html,https://pishtaj.ir/knowledge-center/a333-gr-6.html,knowledge-center,راهنمای لوله کربن استیل دمای پایین (A333 Gr.6)؛ مشخصات و تست ضربه,65,راهنمای لوله دمای پایین کربنی: کاربرد در سرویس زیر صفر، ترکیب شیمیایی کنترل‌شده، الزامات تست ضربه، اتصالات هم‌جنس و نکات استعلام خرید.,134,https://pishtaj.ir/knowledge-center/a333-gr-6.html,"index, follow",لوله دمای پایین کربنی (A333 Gr.6) — مشخصات، تست ضربه و نکات خرید,1,12,1201,2,0,22,BreadcrumbList|Article|FAQPage,fa-IR|x-default,fa,sitemap-knowledge-center.xml,26.2,
knowledge-center/a53-gr-b.html,https://pishtaj.ir/knowledge-center/a53-gr-b.html,knowledge-center,راهنمای خرید لوله A53 Gr.B | پیشرو تجهیز فرتاک,46,راهنمای خرید لوله A53 Gr.B — نکات فنی؛ کاربردها، استانداردهای کلیدی، نکات انتخاب فنی، قیمت و مسیر استعلام برای پروژه‌های صنعتی و EPC.,133,https://pishtaj.ir/knowledge-center/a53-pipe-specifications.html,"noindex, follow",راهنمای خرید لوله A53 Gr.B — نکات فنی,1,8,1726,2,0,36,Article|BreadcrumbList|FAQPage,fa-IR|x-default,fa,,34.6,canonical-mismatch|noindex|not-in-sitemap
knowledge-center/a53-pipe-specifications.html,https://pishtaj.ir/knowledge-center/a53-pipe-specifications.html,knowledge-center,لوله ASTM A53 Gr.B؛ مشخصات فنی، انواع F/E/S و کاربردها,54,مشخصات فنی لوله ASTM A53 Gr.B: انواع F و E و S، تنش تسلیم ۲۴۰ MPa، محدودهٔ سایز، ضریب راندمان جوش در ASME B31.3 و تفاوت با A106 و A333.,135,https://pishtaj.ir/knowledge-center/a53-pipe-specifications.html,,مشخصات فنی لوله ASTM A53 Gr.B — کاربردهای صنعتی,1,15,2183,2,0,43,Article|BreadcrumbList|FAQPage,fa-IR|x-default,fa,sitemap-knowledge-center.xml,47.0,
knowledge-center/acb-circuit-breaker-guide.html,https://pishtaj.ir/knowledge-center/acb-circuit-breaker-guide.html,knowledge-center,راهنمای کلید هوایی (ACB)؛ انتخاب و تنظیمات حفاظتی,49,راهنمای کلید هوایی (ACB): ساختار و عملکرد، رنج‌های جریان، واحدهای حفاظتی قابل تنظیم، کاربردها در تابلوهای اصلی و نکات انتخاب و استعلام خرید.,140,https://pishtaj.ir/knowledge-center/acb-circuit-breaker-guide.html,"index, follow",راهنمای کلید هوایی (ACB),1,9,1150,2,0,19,BreadcrumbList|Article|FAQPage,fa-IR|x-default,fa,sitemap-knowledge-center.xml,25.3,
knowledge-center/angle-valve.html,https://pishtaj.ir/knowledge-center/angle-valve.html,knowledge-center,راهنمای شیر زاویه‌ای؛ ساختار، کاربردها و نکات انتخاب,52,راهنمای کامل شیر زاویه‌ای: ساختار بدنه نود درجه، کاربردهای تخلیه، افت فشار و سرویس‌های ساینده، مقایسه با شیر کروی معمولی و نکات استعلام خرید.,141,https://pishtaj.ir/knowledge-center/angle-valve.html,"index, follow",راهنمای شیر زاویه‌ای — ساختار، کاربردها و نکات انتخاب,1,12,1156,2,0,20,BreadcrumbList|Article|FAQPage,fa-IR|x-default,fa,sitemap-knowledge-center.xml,25.7,
knowledge-center/ansi-ieee-c37.html,https://pishtaj.ir/knowledge-center/ansi-ieee-c37.html,knowledge-center,راهنمای رله حفاظتی؛ توابع، کدها و انتخاب,40,راهنمای رله حفاظتی شبکه برق: توابع حفاظتی رایج و کدهای استاندارد، رله‌های عددی و الکترومکانیکی، هماهنگی حفاظت و نکات انتخاب و استعلام خرید.,139,https://pishtaj.ir/knowledge-center/ansi-ieee-c37.html,"index, follow",راهنمای رله حفاظتی شبکه برق,1,9,1129,2,0,19,BreadcrumbList|Article|FAQPage,fa-IR|x-default,fa,sitemap-knowledge-center.xml,25.0,
knowledge-center/api-5l-pipe-guide.html,https://pishtaj.ir/knowledge-center/api-5l-pipe-guide.html,knowledge-center,استاندارد لوله خط انتقال نفت و گاز (API 5L)؛ گریدها و الزامات,61,راهنمای لوله خط انتقال (API 5L): سطوح مشخصه محصول، گریدهای ایکس۴۲ تا ایکس۸۰، روش‌های ساخت، تست ضربه، سرویس ترش و چک‌لیست استعلام خرید.,134,https://pishtaj.ir/knowledge-center/api-5l-pipe-guide.html,"index, follow",لوله خط انتقال — سطوح مشخصه، گریدها و الزامات خرید,1,11,1184,2,0,20,BreadcrumbList|Article|FAQPage,fa-IR|x-default,fa,sitemap-knowledge-center.xml,26.3,
knowledge-center/api-5l-psl2-psl1.html,https://pishtaj.ir/knowledge-center/api-5l-psl2-psl1.html,knowledge-center,لوله API 5L PSL2 | پیشرو تجهیز فرتاک,36,لوله API 5L PSL2 — الزامات فنی و تفاوت با PSL1؛ کاربردها، استانداردهای کلیدی، نکات انتخاب فنی، قیمت و مسیر استعلام برای پروژه‌های صنعتی و EPC.,142,https://pishtaj.ir/knowledge-center/kc-api-5l-psl1-psl2.html,"noindex, follow",لوله API 5L PSL2 — الزامات فنی و تفاوت با PSL1,1,8,1765,2,0,37,Article|BreadcrumbList|FAQPage,fa-IR|x-default,fa,,36.0,canonical-mismatch|noindex|not-in-sitemap
knowledge-center/api-5l-x42.html,https://pishtaj.ir/knowledge-center/api-5l-x42.html,knowledge-center,لوله X42 (API 5L X42)؛ راهنمای مشخصات، کاربرد و نکات خرید,57,راهنمای کامل لوله خط انتقال با گرید متوسط: حداقل حد تسلیم و استحکام کششی، روش‌های ساخت، جوش‌پذیری بالا، کاربردهای رایج در خطوط گاز شهری و آب، و نکات استعلام خرید.,162,https://pishtaj.ir/knowledge-center/api-5l-x42.html,"index, follow",لوله X42 (API 5L X42) — مشخصات، کاربرد و نکات خرید,1,12,1180,2,0,22,BreadcrumbList|Article|FAQPage,fa-IR|x-default,fa,sitemap-knowledge-center.xml,26.4,
knowledge-center/api-5l-x52-x60-x65.html,https://pishtaj.ir/knowledge-center/api-5l-x52-x60-x65.html,knowledge-center,مقایسه گریدهای لوله خط انتقال ایکس۵۲، ایکس۶۰ و ایکس۶۵,53,مقایسه فنی سه گرید پرکاربرد لوله خط انتقال: حد تسلیم، استحکام، صرفه‌جویی وزن دیواره، جوش‌پذیری، هزینه و معیارهای انتخاب بر اساس فشار طراحی و کلاس منطقه.,152,https://pishtaj.ir/knowledge-center/api-5l-x52-x60-x65.html,"index, follow",مقایسه گریدهای ایکس۵۲، ایکس۶۰ و ایکس۶۵ — کدام گرید برای خط شما؟,1,10,1152,2,0,20,BreadcrumbList|Article|FAQPage,fa-IR|x-default,fa,sitemap-knowledge-center.xml,26.2,
knowledge-center/api-5l-x52.html,https://pishtaj.ir/knowledge-center/api-5l-x52.html,knowledge-center,راهنمای لوله خط انتقال گرید ایکس۵۲؛ مشخصات فنی و نکات خرید,58,راهنمای کامل پرمصرف‌ترین گرید میانی لوله خط انتقال: حد تسلیم و استحکام، سطوح مشخصه، روش‌های ساخت، جوش‌پذیری، کاربرد در خطوط انتقال و نکات استعلام با گواهی مواد.,160,https://pishtaj.ir/knowledge-center/api-5l-x52.html,"index, follow",لوله خط انتقال گرید ایکس۵۲ — مشخصات فنی و نکات خرید,1,11,1154,2,0,20,BreadcrumbList|Article|FAQPage,fa-IR|x-default,fa,sitemap-knowledge-center.xml,25.8,
knowledge-center/api-5l-x65.html,https://pishtaj.ir/knowledge-center/api-5l-x65.html,knowledge-center,راهنمای لوله خط انتقال گرید ایکس۶۵؛ مشخصات فنی و نکات خرید,58,راهنمای کامل گرید پرمصرف خطوط پرفشار مدرن: حد تسلیم و استحکام، فناوری نورد ترمومکانیک، چقرمگی بالا، صرفه‌جویی وزن دیواره، الزامات جوشکاری و نکات استعلام خرید.,158,https://pishtaj.ir/knowledge-center/api-5l-x65.html,"index, follow",لوله خط انتقال گرید ایکس۶۵ — مشخصات فنی و نکات خرید,1,11,1157,2,0,20,BreadcrumbList|Article|FAQPage,fa-IR|x-default,fa,sitemap-knowledge-center.xml,25.9,
knowledge-center/api-5l-x70.html,https://pishtaj.ir/knowledge-center/api-5l-x70.html,knowledge-center,راهنمای لوله خط انتقال گرید ایکس۷۰؛ مشخصات فنی و نکات خرید,58,راهنمای کامل گرید بالای خطوط انتقال: حد تسلیم و استحکام، کاربرد در خطوط بسیار پرفشار و فراساحل، فناوری ساخت، الزامات چقرمگی و جوشکاری، و نکات استعلام خرید.,155,https://pishtaj.ir/knowledge-center/api-5l-x70.html,"index, follow",لوله خط انتقال گرید ایکس۷۰ — مشخصات فنی و نکات خرید,1,11,1164,2,0,20,BreadcrumbList|Article|FAQPage,fa-IR|x-default,fa,sitemap-knowledge-center.xml,26.1,
knowledge-center/api-600-gate-valve-standard.html,https://pishtaj.ir/knowledge-center/api-600-gate-valve-standard.html,knowledge-center,راهنمای استاندارد شیر دروازه‌ای فولادی (API 600)؛ الزامات و خرید,64,راهنمای کامل مرجع ساخت شیر دروازه‌ای فولادی با بونت پیچی: دامنه کاربرد، الزامات بدنه و تریم، ساقه رو، تست و بازرسی، و نکات استعلام برای پروژه‌های نفت و گاز.,156,https://pishtaj.ir/knowledge-center/api-600-gate-valve-standard.html,"index, follow",استاندارد شیر دروازه‌ای فولادی (API 600) — الزامات و نکات خرید,1,12,1155,2,0,20,BreadcrumbList|Article|FAQPage,fa-IR|x-default,fa,sitemap-knowledge-center.xml,26.0,
knowledge-center/api-600.html,https://pishtaj.ir/knowledge-center/api-600.html,knowledge-center,راهنمای شیر دروازه‌ای API 600 | پیشرو تجهیز فرتاک,49,راهنمای شیر دروازه‌ای API 600 — طراحی و تست؛ کاربردها، استانداردهای کلیدی، نکات انتخاب فنی، قیمت و مسیر استعلام برای پروژه‌های صنعتی و EPC.,139,https://pishtaj.ir/knowledge-center/api-600-gate-valve-standard.html,"noindex, follow",راهنمای شیر دروازه‌ای API 600 — طراحی و تست,1,9,1741,2,0,41,Article|BreadcrumbList|FAQPage,fa-IR|x-default,fa,,36.3,canonical-mismatch|noindex|not-in-sitemap
knowledge-center/api-602-small-gate-valve.html,https://pishtaj.ir/knowledge-center/api-602-small-gate-valve.html,knowledge-center,استاندارد API 602 | پیشرو تجهیز فرتاک,37,مقاله تخصصی استاندارد API 602 — شیر دروازه‌ای سایز کوچک — راهنمای جامع برای مهندسان و کارشناسان خرید تجهیزات صنعتی؛ همراه نکات قیمت و مسیر استعلام.,147,https://pishtaj.ir/knowledge-center/api-602-small-gate-valve.html,,استاندارد API 602 — شیر دروازه‌ای سایز کوچک,1,10,1933,2,0,40,Article|BreadcrumbList|FAQPage,fa-IR|x-default,fa,sitemap-knowledge-center.xml,40.4,
knowledge-center/api-610.html,https://pishtaj.ir/knowledge-center/api-610.html,knowledge-center,استاندارد API 610 پمپ‌های سانتریفیوژ | پیشرو تجهیز فرتاک,56,API 610 — پمپ فرایندی سانتریفیوژ؛ کاربردها، استانداردهای کلیدی، نکات انتخاب فنی، قیمت و مسیر استعلام برای پروژه‌های صنعتی و EPC.,128,https://pishtaj.ir/knowledge-center/kc-api-610.html,"noindex, follow",API 610 — پمپ فرایندی سانتریفیوژ,1,8,1738,2,0,36,Article|BreadcrumbList|FAQPage,fa-IR|x-default,fa,,35.3,canonical-mismatch|noindex|not-in-sitemap
knowledge-center/api-617.html,https://pishtaj.ir/knowledge-center/api-617.html,knowledge-center,استاندارد API 617 کمپرسورهای محوری | پیشرو تجهیز فرتاک,54,API 617 — کمپرسور سانتریفیوژ؛ کاربردها، استانداردهای کلیدی، نکات انتخاب فنی، قیمت و مسیر استعلام برای پروژه‌های صنعتی و EPC.,124,https://pishtaj.ir/knowledge-center/kc-api-617.html,"noindex, follow",API 617 — کمپرسور سانتریفیوژ,1,9,1711,2,0,40,Article|BreadcrumbList|FAQPage,fa-IR|x-default,fa,,35.3,canonical-mismatch|noindex|not-in-sitemap
knowledge-center/api-6d-ball-valve-standard.html,https://pishtaj.ir/knowledge-center/api-6d-ball-valve-standard.html,knowledge-center,راهنمای استاندارد شیرهای خطوط انتقال (API 6D)؛ سطوح و الزامات,61,راهنمای کامل مرجع شیرهای خطوط انتقال: دامنه کاربرد، سطوح مشخصه محصول، الزامات تمام‌عبور و پیگ‌رو، تست و مدارک، و نکات استعلام برای پروژه‌های انتقال.,148,https://pishtaj.ir/knowledge-center/api-6d-ball-valve-standard.html,"index, follow",استاندارد شیرهای خطوط انتقال (API 6D) — سطوح و الزامات,1,12,1134,2,0,20,BreadcrumbList|Article|FAQPage,fa-IR|x-default,fa,sitemap-knowledge-center.xml,25.9,
knowledge-center/article-001.html,https://pishtaj.ir/knowledge-center/article-001.html,knowledge-center,تست هیدرواستاتیک لوله؛ روش اجرا و الزامات استاندارد,51,راهنمای تست هیدرواستاتیک خطوط لوله و پایپینگ: هدف آزمون، فشار و مدت تست، تجهیزات موردنیاز، الزامات ایمنی، معیارهای پذیرش و مدارک آزمون.,135,https://pishtaj.ir/knowledge-center/article-001.html,"index, follow",تست هیدرواستاتیک لوله,1,9,1106,2,0,19,BreadcrumbList|Article|FAQPage,fa-IR|x-default,fa,sitemap-knowledge-center.xml,24.1,
knowledge-center/article-002.html,https://pishtaj.ir/knowledge-center/article-002.html,knowledge-center,مقایسه لوله کربن استیل و استینلس استیل؛ کدام برای پروژه شما؟,60,مقایسه جامع لوله کربنی و استنلس: مقاومت به خوردگی، استحکام، تحمل دما، هزینه، جوشکاری، بهداشت و معیارهای انتخاب بر اساس سیال و شرایط کاری برای خطوط صنعتی.,153,https://pishtaj.ir/knowledge-center/article-002.html,"index, follow",مقایسه لوله کربن استیل و استینلس استیل — کدام برای خط شما؟,1,11,1169,2,0,20,BreadcrumbList|Article|FAQPage,fa-IR|x-default,fa,sitemap-knowledge-center.xml,26.4,
knowledge-center/article-003.html,https://pishtaj.ir/knowledge-center/article-003.html,knowledge-center,راهنمای انتخاب شیر بر اساس کلاس فشار؛ از ۱۵۰ تا ۲۵۰۰,52,راهنمای کامل انتخاب کلاس فشاری شیر: مفهوم کلاس، جداول فشار-دما، اثر متریال و دما بر فشار مجاز، روش گام‌به‌گام انتخاب و اشتباهات رایج استعلام.,141,https://pishtaj.ir/knowledge-center/article-003.html,"index, follow",راهنمای انتخاب شیر بر اساس کلاس فشار — از ۱۵۰ تا ۲۵۰۰,1,12,1161,2,0,20,BreadcrumbList|Article|FAQPage,fa-IR|x-default,fa,sitemap-knowledge-center.xml,25.4,
knowledge-center/article-004.html,https://pishtaj.ir/knowledge-center/article-004.html,knowledge-center,راهنمای آب‌بندی شیرآلات صنعتی؛ نشیمنگاه، پکینگ و کلاس نشتی,58,راهنمای کامل آب‌بندی شیر: کلاس‌های نشتی نشیمنگاه، متریال‌های نرم و فلز-به-فلز، پکینگ ساقه و بلوز، طراحی فایرسیف و عوامل رایج نشتی و راه‌حل آن‌ها.,145,https://pishtaj.ir/knowledge-center/article-004.html,"index, follow",راهنمای آب‌بندی شیرآلات صنعتی — نشیمنگاه، پکینگ و کلاس نشتی,1,12,1157,2,0,20,BreadcrumbList|Article|FAQPage,fa-IR|x-default,fa,sitemap-knowledge-center.xml,26.0,
knowledge-center/article-005.html,https://pishtaj.ir/knowledge-center/article-005.html,knowledge-center,فلومتر کوریولیس؛ اندازه‌گیری مستقیم دبی جرمی و چگالی,52,راهنمای فلومتر کوریولیس: اصل اندازه‌گیری دبی جرمی مستقیم و چگالی، دقت و تورن‌داون، نکات نصب، کاربردها و معیارهای استعلام خرید.,126,https://pishtaj.ir/knowledge-center/article-005.html,"index, follow",فلومتر کوریولیس,1,10,1120,2,0,19,BreadcrumbList|Article|FAQPage,fa-IR|x-default,fa,sitemap-knowledge-center.xml,25.3,
knowledge-center/article-006.html,https://pishtaj.ir/knowledge-center/article-006.html,knowledge-center,ترانسمیتر سطح هیدرواستاتیک؛ اندازه‌گیری سطح با فشار,51,راهنمای ترانسمیتر سطح هیدرواستاتیک: اصل اندازه‌گیری فشار ستون مایع، انواع غوطه‌ور و نصب مخزن، کاربردها در چاه‌ها و مخازن و نکات انتخاب و استعلام.,145,https://pishtaj.ir/knowledge-center/article-006.html,"index, follow",ترانسمیتر سطح هیدرواستاتیک,1,9,1123,2,0,19,BreadcrumbList|Article|FAQPage,fa-IR|x-default,fa,sitemap-knowledge-center.xml,25.2,
knowledge-center/article-007.html,https://pishtaj.ir/knowledge-center/article-007.html,knowledge-center,کالیبراسیون ترانسمیتر دما؛ روش‌ها و مراحل,41,راهنمای کالیبراسیون ترانسمیتر دما: روش‌های حمام و بلوک خشک، استانداردهای مرجع، تنظیم سنسور و ترانسمیتر و نکات برنامه‌ریزی کالیبراسیون دوره‌ای صنعتی.,148,https://pishtaj.ir/knowledge-center/article-007.html,"index, follow",کالیبراسیون ترانسمیتر دما,1,9,1139,2,0,19,BreadcrumbList|Article|FAQPage,fa-IR|x-default,fa,sitemap-knowledge-center.xml,25.8,
knowledge-center/article-008.html,https://pishtaj.ir/knowledge-center/article-008.html,knowledge-center,ترانسفورماتور قدرت؛ فناوری، خنک‌کاری و نکات خرید,48,راهنمای ترانسفورماتور قدرت: ساختار و فناوری، روش‌های خنک‌کاری، تپ‌چنجر و متعلقات، آزمون‌ها، حمل و نکات استعلام خرید صنعتی.,122,https://pishtaj.ir/knowledge-center/article-008.html,"index, follow",ترانسفورماتور قدرت,1,10,1162,2,0,19,BreadcrumbList|Article|FAQPage,fa-IR|x-default,fa,sitemap-knowledge-center.xml,25.3,
knowledge-center/article-009.html,https://pishtaj.ir/knowledge-center/article-009.html,knowledge-center,قرارداد تامین صنعتی؛ بندهای کلیدی و نکات حقوقی خرید,51,راهنمای قرارداد تامین صنعتی: بندهای کلیدی اسناد خرید، شرایط اینکوترمز، پرداخت و اعتبار اسنادی، تضامین، جریمه تاخیر و چک‌لیست مذاکره.,132,https://pishtaj.ir/knowledge-center/article-009.html,"index, follow",قرارداد تامین صنعتی,1,10,1187,2,0,19,BreadcrumbList|Article|FAQPage,fa-IR|x-default,fa,sitemap-knowledge-center.xml,25.7,
knowledge-center/article-010.html,https://pishtaj.ir/knowledge-center/article-010.html,knowledge-center,راهنمای گمرک و ترخیص کالاهای صنعتی؛ مراحل و مدارک,49,راهنمای گمرک و ترخیص کالاهای صنعتی: کد تعرفه، اظهار و ثبت سفارش، تخصیص ارز، مدارک حمل و بازرسی و چک‌لیست ترخیص بدون تاخیر.,122,https://pishtaj.ir/knowledge-center/article-010.html,"index, follow",راهنمای گمرک و ترخیص کالاهای صنعتی,1,10,1195,2,0,19,BreadcrumbList|Article|FAQPage,fa-IR|x-default,fa,sitemap-knowledge-center.xml,25.2,
knowledge-center/article-011.html,https://pishtaj.ir/knowledge-center/article-011.html,knowledge-center,تامین تجهیزات پتروشیمی؛ وندورلیست، متریال و زمان‌بندی,53,راهنمای تامین تجهیزات واحدهای پتروشیمی: الزامات وندورلیست، کلاس‌های متریال و پایپینگ، مدیریت زمان تحویل اقلام بحرانی و مدارک بازرسی.,132,https://pishtaj.ir/knowledge-center/article-011.html,"index, follow",تامین تجهیزات پتروشیمی,1,10,1158,2,0,19,BreadcrumbList|Article|FAQPage,fa-IR|x-default,fa,sitemap-knowledge-center.xml,25.7,
knowledge-center/article-012.html,https://pishtaj.ir/knowledge-center/article-012.html,knowledge-center,تامین تجهیزات صنعت فولاد | پیشرو تجهیز فرتاک,44,تامین تجهیزات صنعت فولاد؛ کاربردها، استانداردهای کلیدی، نکات انتخاب فنی، قیمت و مسیر استعلام برای پروژه‌های صنعتی و EPC.,120,https://pishtaj.ir/industries/steel/,"noindex, follow",تامین تجهیزات صنعت فولاد,1,9,1719,2,0,40,Article|BreadcrumbList|FAQPage,fa-IR|x-default,fa,,35.6,canonical-mismatch|noindex|not-in-sitemap
knowledge-center/article-013.html,https://pishtaj.ir/knowledge-center/article-013.html,knowledge-center,تامین تجهیزات نیروگاه سیکل ترکیبی؛ چالش‌ها و الزامات,52,راهنمای تامین تجهیزات نیروگاه‌های سیکل ترکیبی: توربین‌ها و ژنراتورها، بویلر بازیابی حرارت، کلاس‌های متریال، زمان‌بندی اقلام بحرانی و مدارک.,139,https://pishtaj.ir/knowledge-center/article-013.html,"index, follow",تامین تجهیزات نیروگاه سیکل ترکیبی,1,10,1196,2,0,19,BreadcrumbList|Article|FAQPage,fa-IR|x-default,fa,sitemap-knowledge-center.xml,26.7,
knowledge-center/article-014.html,https://pishtaj.ir/knowledge-center/article-014.html,knowledge-center,راهنمای جامع تامین تجهیزات خطوط لوله انتقال,43,راهنمای تامین پروژه‌های خطوط لوله: اقلام لوله و شیرآلات، وندورلیست، مدارک بازرسی، لجستیک و نکات قراردادی برای مهندسان خرید.,123,https://pishtaj.ir/knowledge-center/article-014.html,"index, follow",راهنمای جامع تامین تجهیزات خطوط لوله انتقال,1,11,1157,2,0,20,BreadcrumbList|Article|FAQPage,fa-IR|x-default,fa,sitemap-knowledge-center.xml,26.2,
knowledge-center/article-015.html,https://pishtaj.ir/knowledge-center/article-015.html,knowledge-center,تجهیزات پالایشگاه نفت؛ اقلام اصلی و الزامات تامین,49,راهنمای تجهیزات پالایشگاه نفت: برج‌های تقطیر، مبدل‌ها، کوره‌ها، کلاس‌های متریال ترش، الزامات بازرسی و نکات خرید اقلام پالایشگاهی.,129,https://pishtaj.ir/knowledge-center/article-015.html,"index, follow",تجهیزات پالایشگاه نفت,1,10,1186,2,0,19,BreadcrumbList|Article|FAQPage,fa-IR|x-default,fa,sitemap-knowledge-center.xml,26.0,
knowledge-center/article-016.html,https://pishtaj.ir/knowledge-center/article-016.html,knowledge-center,تجهیزات سیستم بخار؛ دیگ، تله‌ها و مدار توزیع,44,راهنمای تجهیزات سیستم بخار صنعتی: دیگ بخار و متعلقات، تله‌های بخار، شیرها و مدار توزیع، راندمان انرژی و نکات انتخاب و خرید صنعتی.,129,https://pishtaj.ir/knowledge-center/article-016.html,"index, follow",تجهیزات سیستم بخار,1,10,1192,2,0,19,BreadcrumbList|Article|FAQPage,fa-IR|x-default,fa,sitemap-knowledge-center.xml,25.2,
knowledge-center/article-017.html,https://pishtaj.ir/knowledge-center/article-017.html,knowledge-center,تامین تجهیزات صنعت سیمان؛ از کوره تا بسته‌بندی,46,راهنمای تامین تجهیزات کارخانه سیمان: کوره دوار، آسیاب‌ها، فن‌ها و فیلترها، چالش‌های سایش و دما، مدیریت قطعات یدکی و نکات خرید.,126,https://pishtaj.ir/knowledge-center/article-017.html,"index, follow",تامین تجهیزات صنعت سیمان,1,10,1187,2,0,19,BreadcrumbList|Article|FAQPage,fa-IR|x-default,fa,sitemap-knowledge-center.xml,25.7,
knowledge-center/article-021.html,https://pishtaj.ir/knowledge-center/article-021.html,knowledge-center,راهنمای انتخاب شیر برای سرویس بخار؛ متریال، نوع و نکات فنی,58,راهنمای کامل انتخاب شیر برای خطوط بخار: انواع مناسب قطع و کنترل، محدودیت دمایی متریال‌ها، سیکل حرارتی و پکینگ دمای بالا، و نکات استعلام.,136,https://pishtaj.ir/knowledge-center/article-021.html,"index, follow",راهنمای انتخاب شیر برای سرویس بخار — متریال، نوع و نکات فنی,1,12,1151,2,0,20,BreadcrumbList|Article|FAQPage,fa-IR|x-default,fa,sitemap-knowledge-center.xml,25.6,
knowledge-center/article-023.html,https://pishtaj.ir/knowledge-center/article-023.html,knowledge-center,راهنمای انتخاب شیر برای خطوط گاز؛ نشتی، ایمنی و استانداردها,59,راهنمای کامل انتخاب شیر برای خطوط گاز: الزامات نشتی سخت‌گیرانه، طراحی فایرسیف و قطع اضطراری، انواع مناسب، استانداردهای حاکم و نکات استعلام.,139,https://pishtaj.ir/knowledge-center/article-023.html,"index, follow",راهنمای انتخاب شیر برای خطوط گاز — نشتی، ایمنی و استانداردها,1,12,1145,2,0,20,BreadcrumbList|Article|FAQPage,fa-IR|x-default,fa,sitemap-knowledge-center.xml,25.8,
knowledge-center/article-027.html,https://pishtaj.ir/knowledge-center/article-027.html,knowledge-center,مقایسه شیر فولادی و چدنی؛ کدام برای تاسیسات شما مناسب است؟,58,مقایسه کامل بدنه شیر فولادی و چدنی: محدوده فشار و دما، چقرمگی و رفتار شکست، هزینه و کاربرد در تاسیسات و فرایند، و معیارهای انتخاب و نکات ایمنی.,143,https://pishtaj.ir/knowledge-center/article-027.html,"index, follow",مقایسه شیر فولادی و چدنی — کدام برای خط شما مناسب است؟,1,12,1148,2,0,20,BreadcrumbList|Article|FAQPage,fa-IR|x-default,fa,sitemap-knowledge-center.xml,25.8,
knowledge-center/article-031.html,https://pishtaj.ir/knowledge-center/article-031.html,knowledge-center,مقایسه برندهای شیرآلات اروپایی و آسیایی؛ معیار انتخاب,53,راهنمای بی‌طرفانه مقایسه شیرآلات اروپایی و آسیایی: استانداردها و گواهینامه‌ها، کیفیت ساخت، قیمت و زمان تحویل، و روش انتخاب بر اساس حساسیت سرویس و الزامات پروژه.,160,https://pishtaj.ir/knowledge-center/article-031.html,"index, follow",مقایسه برندهای شیرآلات اروپایی و آسیایی — انتخاب پروژه‌محور,1,11,1148,2,0,20,BreadcrumbList|Article|FAQPage,fa-IR|x-default,fa,sitemap-knowledge-center.xml,26.5,
knowledge-center/article-041.html,https://pishtaj.ir/knowledge-center/article-041.html,knowledge-center,ترانسمیتر سطح التراسونیک؛ اصول، نصب و انتخاب,44,راهنمای ترانسمیتر سطح التراسونیک: اصل اندازه‌گیری زمان پرواز صوت، مزایا و محدودیت‌ها، نکات نصب و کالیبراسیون و معیارهای انتخاب برای مخازن صنعتی.,144,https://pishtaj.ir/knowledge-center/article-041.html,"index, follow",ترانسمیتر سطح التراسونیک,1,9,1142,2,0,19,BreadcrumbList|Article|FAQPage,fa-IR|x-default,fa,sitemap-knowledge-center.xml,24.9,
knowledge-center/article-052.html,https://pishtaj.ir/knowledge-center/article-052.html,knowledge-center,مقایسه برندهای ترانسمیتر صنعتی؛ معیارهای انتخاب و خرید,54,راهنمای مقایسه برندهای ترانسمیتر صنعتی: معیارهای ارزیابی مانند دقت، پایداری، پشتیبانی و مدارک، و چارچوب تصمیم‌گیری برای خرید پروژه‌ای و صنعتی.,142,https://pishtaj.ir/knowledge-center/article-052.html,"index, follow",مقایسه برندهای ترانسمیتر صنعتی — چارچوب انتخاب,1,9,1141,2,0,19,BreadcrumbList|Article|FAQPage,fa-IR|x-default,fa,sitemap-knowledge-center.xml,25.7,
knowledge-center/article-059.html,https://pishtaj.ir/knowledge-center/article-059.html,knowledge-center,کنتاکتور و بیمتان؛ حفاظت و کنترل الکتروموتورها,46,راهنمای کنتاکتور و رله حرارتی بیمتان: وظیفه هر یک در مدار فرمان موتور، انتخاب بر اساس جریان و دسته بهره‌برداری و نکات ست کردن و استعلام خرید.,141,https://pishtaj.ir/knowledge-center/article-059.html,"index, follow",کنتاکتور و بیمتان — کنترل و حفاظت الکتروموتور,1,9,1134,2,0,19,BreadcrumbList|Article|FAQPage,fa-IR|x-default,fa,sitemap-knowledge-center.xml,25.0,
knowledge-center/asme-b16-11-socket-weld-threaded.html,https://pishtaj.ir/knowledge-center/asme-b16-11-socket-weld-threaded.html,knowledge-center,راهنمای اتصالات فورج جوشی ساکت و رزوه‌ای (ASME B16.11),54,راهنمای کامل اتصالات فورج سایز کوچک: کلاس‌های فشاری، انواع زانو و سه‌راهی و بوشن، جنس کربنی و استنلس، تفاوت جوشی ساکت و رزوه‌ای و نکات انتخاب و خرید.,149,https://pishtaj.ir/knowledge-center/asme-b16-11-socket-weld-threaded.html,"index, follow",اتصالات فورج جوشی ساکت و رزوه‌ای — کلاس‌ها، انواع و نکات انتخاب,1,13,1144,2,0,20,BreadcrumbList|Article|FAQPage,fa-IR|x-default,fa,sitemap-knowledge-center.xml,25.9,
knowledge-center/asme-b16-34.html,https://pishtaj.ir/knowledge-center/asme-b16-34.html,knowledge-center,راهنمای استاندارد شیرآلات ASME B16.34؛ کلاس و فشار,50,راهنمای کامل مرجع طراحی شیرآلات صنعتی: دامنه کاربرد، گروه‌های متریالی و جداول فشار-دما، الزامات ضخامت بدنه و انتهای اتصال، و نقش آن در استعلام و بازرسی خرید شیر.,161,https://pishtaj.ir/knowledge-center/asme-b16-34.html,"index, follow",استاندارد طراحی شیرآلات (ASME B16.34) — کلاس، فشار و متریال,1,12,1170,2,0,20,BreadcrumbList|Article|FAQPage,fa-IR|x-default,fa,sitemap-knowledge-center.xml,26.3,
knowledge-center/asme-b16-5.html,https://pishtaj.ir/knowledge-center/asme-b16-5.html,knowledge-center,استاندارد فلنج ASME B16.5؛ کلاس‌های فشار، انواع و ابعاد,55,راهنمای کامل استاندارد فلنج (ASME B16.5): کلاس‌های ۱۵۰ تا ۲۵۰۰، انواع گلودار و اسلیپ‌آن و کور، سطح آب‌بندی، متریال و چک‌لیست استعلام خرید.,138,https://pishtaj.ir/knowledge-center/asme-b16-5.html,"index, follow",استاندارد فلنج ASME B16.5 — کلاس فشار، انواع و نکات خرید,1,11,1166,2,0,20,BreadcrumbList|Article|FAQPage,fa-IR|x-default,fa,sitemap-knowledge-center.xml,26.1,
knowledge-center/asme-b16-9.html,https://pishtaj.ir/knowledge-center/asme-b16-9.html,knowledge-center,استاندارد اتصالات جوشی لب‌به‌لب ASME B16.9؛ زانو و تبدیل,56,راهنمای اتصالات جوشی لب‌به‌لب (ASME B16.9): زانو، سه‌راهی، تبدیل و درپوش؛ ابعاد و تلرانس‌ها، متریال‌ها، پخ جوش و نکات بازرسی و خرید.,132,https://pishtaj.ir/knowledge-center/asme-b16-9.html,"index, follow",اتصالات جوشی لب‌به‌لب — استاندارد (ASME B16.9) و نکات خرید,1,11,1164,2,0,20,BreadcrumbList|Article|FAQPage,fa-IR|x-default,fa,sitemap-knowledge-center.xml,26.3,
knowledge-center/asme-b31-1.html,https://pishtaj.ir/knowledge-center/asme-b31-1.html,knowledge-center,استاندارد (ASME B31.1)؛ پایپینگ قدرت برای نیروگاه‌ها,52,راهنمای استاندارد (ASME B31.1) پایپینگ قدرت: محدوده کاربرد، الزامات طراحی و متریال، جوشکاری و آزمون، تفاوت با (B31.3) و نکات خرید.,130,https://pishtaj.ir/knowledge-center/asme-b31-1.html,"index, follow",استاندارد (ASME B31.1),1,10,1172,2,0,19,BreadcrumbList|Article|FAQPage,fa-IR|x-default,fa,sitemap-knowledge-center.xml,25.3,
knowledge-center/asme-b31-3-process-piping-guide.html,https://pishtaj.ir/knowledge-center/asme-b31-3-process-piping-guide.html,knowledge-center,راهنمای استاندارد ASME B31.3 | پیشرو تجهیز فرتاک,48,مقاله تخصصی راهنمای استاندارد ASME B31.3 — خطوط لوله فرایندی — راهنمای جامع برای مهندسان و کارشناسان خرید تجهیزات صنعتی؛ همراه نکات قیمت و مسیر استعلام.,152,https://pishtaj.ir/knowledge-center/asme-b31-3-process-piping-guide.html,,راهنمای استاندارد ASME B31.3 — خطوط لوله فرایندی,1,10,1841,2,0,37,Article|BreadcrumbList|FAQPage,fa-IR|x-default,fa,sitemap-knowledge-center.xml,38.1,
knowledge-center/asme-b31-3.html,https://pishtaj.ir/knowledge-center/asme-b31-3.html,knowledge-center,استاندارد (ASME B31.3)؛ کد پایپینگ فرایندی,42,راهنمای استاندارد (ASME B31.3) پایپینگ فرایندی: محدوده کاربرد، الزامات طراحی و متریال، جوشکاری و آزمون، تفاوت با (B31.1) و نکات خرید.,133,https://pishtaj.ir/knowledge-center/asme-b31-3.html,"index, follow",استاندارد (ASME B31.3),1,9,1076,2,0,19,BreadcrumbList|Article|FAQPage,fa-IR|x-default,fa,sitemap-knowledge-center.xml,24.4,
knowledge-center/asme-b36-10-pipe-dimensions.html,https://pishtaj.ir/knowledge-center/asme-b36-10-pipe-dimensions.html,knowledge-center,استاندارد ابعاد لوله کربنی (B36.10)؛ قطر خارجی، ضخامت و تلرانس‌ها,65,راهنمای کامل استاندارد ابعاد لوله‌های جوشی و بدون درز: رابطه سایز اسمی و قطر خارجی، سری‌های ضخامت دیواره، تلرانس‌ها، جدول سایزهای رایج و نکات سفارش‌دهی برای پروژه.,163,https://pishtaj.ir/knowledge-center/asme-b36-10-pipe-dimensions.html,"index, follow",استاندارد ابعاد لوله کربنی و آلیاژی — قطر خارجی، ضخامت و تلرانس‌ها,1,11,1142,2,0,20,BreadcrumbList|Article|FAQPage,fa-IR|x-default,fa,sitemap-knowledge-center.xml,26.3,
knowledge-center/asme-b36-19.html,https://pishtaj.ir/knowledge-center/asme-b36-19.html,knowledge-center,استاندارد ابعاد لوله استنلس B36.19؛ سری ضخامت,45,راهنمای کامل استاندارد ابعاد لوله‌های استنلس: سری‌های ضخامت با پسوند اس، تفاوت با ابعاد لوله کربنی، قطرهای خارجی مشترک، محاسبه وزن و نکات سفارش‌دهی برای پروژه.,159,https://pishtaj.ir/knowledge-center/asme-b36-19.html,"index, follow",استاندارد ابعاد لوله استنلس (ASME B36.19) — سری‌ها و تفاوت با کربنی,1,10,1154,2,0,20,BreadcrumbList|Article|FAQPage,fa-IR|x-default,fa,sitemap-knowledge-center.xml,25.9,
knowledge-center/astm-a105-astm-a350-lf2.html,https://pishtaj.ir/knowledge-center/astm-a105-astm-a350-lf2.html,knowledge-center,مقایسه فورج کربنی دمای محیط (A105) و فورج دمای پایین (A350 LF2),63,مقایسه فنی کامل دو متریال رایج فلنج و فیتینگ فورج: کاربرد دمایی، الزامات تست ضربه، خواص مکانیکی، عملیات حرارتی و معیارهای انتخاب بر اساس دمای طراحی پروژه.,154,https://pishtaj.ir/knowledge-center/astm-a105-astm-a350-lf2.html,"index, follow",مقایسه فورج کربنی و فورج دمای پایین — کدام متریال برای فلنج شما؟,1,11,1167,2,0,20,BreadcrumbList|Article|FAQPage,fa-IR|x-default,fa,sitemap-knowledge-center.xml,25.9,
knowledge-center/astm-a105-vs-a234.html,https://pishtaj.ir/knowledge-center/astm-a105-vs-a234.html,knowledge-center,مقایسه ASTM A105 و ASTM A234 در پایپینگ | پیشرو تجهیز فرتاک,59,مقاله تخصصی مقایسه ASTM A105 و ASTM A234 در پایپینگ — راهنمای جامع برای مهندسان و کارشناسان خرید تجهیزات صنعتی؛ همراه نکات قیمت و مسیر استعلام.,143,https://pishtaj.ir/knowledge-center/astm-a105-vs-a234.html,,مقایسه ASTM A105 و ASTM A234 در پایپینگ,1,10,1862,2,0,40,Article|BreadcrumbList|FAQPage,fa-IR|x-default,fa,sitemap-knowledge-center.xml,38.4,
knowledge-center/astm-a105.html,https://pishtaj.ir/knowledge-center/astm-a105.html,knowledge-center,فولاد فورج کربنی ASTM A105؛ مشخصات، نرمالایز و نکات خرید,56,راهنمای فولاد فورج کربنی برای فلنج و فیتینگ: ترکیب شیمیایی، خواص مکانیکی، نرمالایز، مقایسه با فورج دمای پایین و استنلس و چک‌لیست استعلام.,137,https://pishtaj.ir/knowledge-center/astm-a105.html,"index, follow",فولاد فورج کربنی (ASTM A105) — مشخصات، نرمالایز و نکات خرید,1,10,1156,2,0,20,BreadcrumbList|Article|FAQPage,fa-IR|x-default,fa,sitemap-knowledge-center.xml,26.3,
knowledge-center/astm-a106-a53.html,https://pishtaj.ir/knowledge-center/astm-a106-a53.html,knowledge-center,مقایسه لوله (ASTM A106) و (A53)؛ کاربرد و محدودیت‌ها,52,راهنمای مقایسه لوله‌های فولادی (ASTM A106) و (A53): تفاوت در روش ساخت، ترکیب شیمیایی، الزامات آزمون و کاربرد هرکدام در پایپینگ صنعتی.,133,https://pishtaj.ir/knowledge-center/astm-a106-a53.html,"index, follow",مقایسه استاندارد (ASTM A106) و (A53),1,9,1060,2,0,19,BreadcrumbList|Article|FAQPage,fa-IR|x-default,fa,sitemap-knowledge-center.xml,23.8,
knowledge-center/astm-a179.html,https://pishtaj.ir/knowledge-center/astm-a179.html,knowledge-center,راهنمای تیوب مبدل حرارتی کربنی (ASTM A179)؛ مشخصات و نکات سفارش,63,راهنمای کامل تیوب‌های کربنی کشش سرد برای مبدل حرارتی و کندانسور: خواص مکانیکی، تلرانس‌های دقیق، تست‌های مخصوص، کاربردها و نکات سفارش‌دهی برای پروژه.,148,https://pishtaj.ir/knowledge-center/astm-a179.html,"index, follow",تیوب مبدل حرارتی کربنی (ASTM A179) — مشخصات و نکات سفارش,1,11,1150,2,0,20,BreadcrumbList|Article|FAQPage,fa-IR|x-default,fa,sitemap-knowledge-center.xml,26.0,
knowledge-center/astm-a182-f304-f316.html,https://pishtaj.ir/knowledge-center/astm-a182-f304-f316.html,knowledge-center,راهنمای فورج استنلس (ASTM A182)؛ گریدهای ۳۰۴ و ۳۱۶,50,راهنمای کامل فورج‌های استنلس آستنیتی برای فلنج، فیتینگ و شیرآلات: گریدهای ۳۰۴، ۳۰۴ کم‌کربن، ۳۱۶ و ۳۱۶ کم‌کربن، عملیات محلول‌سازی، خواص و نکات خرید.,147,https://pishtaj.ir/knowledge-center/astm-a182-f304-f316.html,"index, follow",فورج استنلس (ASTM A182) — گریدهای ۳۰۴ و ۳۱۶ و نکات خرید,1,13,1156,2,0,20,BreadcrumbList|Article|FAQPage,fa-IR|x-default,fa,sitemap-knowledge-center.xml,26.2,
knowledge-center/astm-a209.html,https://pishtaj.ir/knowledge-center/astm-a209.html,knowledge-center,راهنمای لوله و تیوب آلیاژی کربن-مولیبدن (ASTM A209),51,راهنمای کامل تیوب‌های آلیاژی کربن-مولیبدن برای بویلر و سرویس‌های دمای متوسط: گریدها، خواص مکانیکی، رفتار در دمای بالا، کاربردها و نکات سفارش خرید.,146,https://pishtaj.ir/knowledge-center/astm-a209.html,"index, follow",لوله و تیوب آلیاژی کربن-مولیبدن (ASTM A209) — مشخصات و کاربرد,1,13,1164,2,0,20,BreadcrumbList|Article|FAQPage,fa-IR|x-default,fa,sitemap-knowledge-center.xml,26.6,
knowledge-center/astm-a213.html,https://pishtaj.ir/knowledge-center/astm-a213.html,knowledge-center,راهنمای تیوب آلیاژی دمای بالا ASTM A213؛ گریدها,47,راهنمای کامل تیوب‌های آلیاژی بویلر و سوپرهیتر: گریدهای کروم-مولیبدن برای دمای بالا، رفتار خزشی، الزامات عملیات حرارتی و سختی، کاربردهای نیروگاهی و نکات خرید.,157,https://pishtaj.ir/knowledge-center/astm-a213.html,"index, follow",تیوب آلیاژی دمای بالا (ASTM A213) — گریدهای تی۱۱، تی۲۲ و تی۹۱,1,11,1157,2,0,20,BreadcrumbList|Article|FAQPage,fa-IR|x-default,fa,sitemap-knowledge-center.xml,26.5,
knowledge-center/astm-a234-wpb.html,https://pishtaj.ir/knowledge-center/astm-a234-wpb.html,knowledge-center,متریال اتصالات جوشی کربنی ASTM A234 WPB؛ مشخصات,47,راهنمای کامل رایج‌ترین متریال اتصالات جوشی لب‌به‌لب: خواص مکانیکی، تطابق با لوله کربنی، روش ساخت، بازرسی و نکات خرید زانو، سه‌راهی و تبدیل برای خطوط فرایندی.,157,https://pishtaj.ir/knowledge-center/astm-a234-wpb.html,"index, follow",متریال اتصالات جوشی کربنی (ASTM A234 WPB) — مشخصات و کاربرد,1,13,1159,2,0,20,BreadcrumbList|Article|FAQPage,fa-IR|x-default,fa,sitemap-knowledge-center.xml,26.2,
knowledge-center/astm-a312.html,https://pishtaj.ir/knowledge-center/astm-a312.html,knowledge-center,راهنمای لوله استنلس استیل (ASTM A312)؛ گریدهای ۳۰۴ و ۳۱۶,56,راهنمای لوله استنلس بدون درز و درزجوش: گریدهای ۳۰۴ و ۳۱۶، عملیات محلول‌سازی، تفاوت گریدهای کم‌کربن و نکات خرید برای سرویس خورنده.,129,https://pishtaj.ir/knowledge-center/astm-a312.html,"index, follow",لوله استنلس استیل (ASTM A312) — گریدهای ۳۰۴ و ۳۱۶ و نکات خرید,1,10,1159,2,0,20,BreadcrumbList|Article|FAQPage,fa-IR|x-default,fa,sitemap-knowledge-center.xml,26.3,
knowledge-center/astm-a335-p11-p22-p91.html,https://pishtaj.ir/knowledge-center/astm-a335-p11-p22-p91.html,knowledge-center,"لوله آلیاژی ASTM A335 P11, P22, P91 | پیشرو تجهیز فرتاک",55,"لوله آلیاژی ASTM A335 P11, P22, P91 — مشخصات فنی؛ کاربردها، استانداردهای کلیدی، نکات انتخاب فنی، قیمت و مسیر استعلام برای پروژه‌های صنعتی و EPC.",144,https://pishtaj.ir/knowledge-center/kc-a335.html,"noindex, follow","لوله آلیاژی ASTM A335 P11, P22, P91 — مشخصات فنی",1,8,1696,2,0,35,Article|BreadcrumbList|FAQPage,fa-IR|x-default,fa,,34.2,canonical-mismatch|noindex|not-in-sitemap
knowledge-center/astm-a335-p91.html,https://pishtaj.ir/knowledge-center/astm-a335-p91.html,knowledge-center,لوله ASTM A335 P91 | پیشرو تجهیز فرتاک,38,لوله ASTM A335 P91 — مشخصات کامل؛ کاربردها، استانداردهای کلیدی، نکات انتخاب فنی، قیمت و مسیر استعلام برای پروژه‌های صنعتی و EPC.,128,https://pishtaj.ir/knowledge-center/kc-a335.html,"noindex, follow",لوله ASTM A335 P91 — مشخصات کامل,1,8,1691,2,0,35,Article|BreadcrumbList|FAQPage,fa-IR|x-default,fa,,33.8,canonical-mismatch|noindex|not-in-sitemap
knowledge-center/astm-a403-wp304-wp316.html,https://pishtaj.ir/knowledge-center/astm-a403-wp304-wp316.html,knowledge-center,راهنمای اتصالات جوشی استنلس (ASTM A403)؛ گریدهای ۳۰۴ و ۳۱۶,58,راهنمای کامل اتصالات جوشی لب‌به‌لب استنلس آستنیتی: گریدهای ۳۰۴، ۳۰۴ کم‌کربن، ۳۱۶ و ۳۱۶ کم‌کربن، روش ساخت، عملیات محلول‌سازی، بازرسی و نکات خرید.,144,https://pishtaj.ir/knowledge-center/astm-a403-wp304-wp316.html,"index, follow",اتصالات جوشی استنلس (ASTM A403) — گریدهای ۳۰۴ و ۳۱۶ و نکات خرید,1,13,1154,2,0,20,BreadcrumbList|Article|FAQPage,fa-IR|x-default,fa,sitemap-knowledge-center.xml,26.6,
knowledge-center/astm-a53-gr-b.html,https://pishtaj.ir/knowledge-center/astm-a53-gr-b.html,knowledge-center,مشخصات لوله ASTM A53 Gr.B | پیشرو تجهیز فرتاک,45,مشخصات لوله ASTM A53 Gr.B — کاربردهای صنعتی؛ کاربردها، استانداردهای کلیدی، نکات انتخاب فنی، قیمت و مسیر استعلام برای پروژه‌های صنعتی و EPC.,139,https://pishtaj.ir/knowledge-center/a53-pipe-specifications.html,"noindex, follow",مشخصات لوله ASTM A53 Gr.B — کاربردهای صنعتی,1,8,1720,2,0,36,Article|BreadcrumbList|FAQPage,fa-IR|x-default,fa,,34.6,canonical-mismatch|noindex|not-in-sitemap
knowledge-center/astm-jis.html,https://pishtaj.ir/knowledge-center/astm-jis.html,knowledge-center,مقایسه استانداردهای (ASTM) و (JIS) در پایپینگ صنعتی,51,راهنمای مقایسه استانداردهای آمریکایی (ASTM) و ژاپنی (JIS) در پایپینگ: فلسفه نام‌گذاری، گریدهای معادل، تفاوت‌های مکانیکی و نکات جایگزینی.,136,https://pishtaj.ir/knowledge-center/astm-jis.html,"index, follow",مقایسه استاندارد (ASTM) و (JIS) در پایپینگ,1,10,1187,2,0,19,BreadcrumbList|Article|FAQPage,fa-IR|x-default,fa,sitemap-knowledge-center.xml,26.0,
knowledge-center/astm-piping-standards-guide.html,https://pishtaj.ir/knowledge-center/astm-piping-standards-guide.html,knowledge-center,راهنمای استانداردهای ASTM در پایپینگ | پیشرو تجهیز فرتاک,56,مقاله تخصصی راهنمای استانداردهای ASTM در پایپینگ — راهنمای جامع برای مهندسان و کارشناسان خرید تجهیزات صنعتی؛ همراه نکات قیمت و مسیر استعلام.,140,https://pishtaj.ir/knowledge-center/astm-piping-standards-guide.html,,راهنمای استانداردهای ASTM در پایپینگ,1,10,1844,2,0,37,Article|BreadcrumbList|FAQPage,fa-IR|x-default,fa,sitemap-knowledge-center.xml,38.1,
knowledge-center/atex-iecex-hazardous-area-guide.html,https://pishtaj.ir/knowledge-center/atex-iecex-hazardous-area-guide.html,knowledge-center,راهنمای استاندارد ATEX و IECEx برای مناطق خطرناک,48,مقاله تخصصی راهنمای استاندارد ATEX و IECEx برای مناطق خطرناک — راهنمای جامع برای مهندسان و کارشناسان خرید تجهیزات صنعتی؛ همراه نکات قیمت و مسیر استعلام.,152,https://pishtaj.ir/knowledge-center/atex-iecex-hazardous-area-guide.html,,راهنمای استاندارد ATEX و IECEx برای مناطق خطرناک,1,10,1852,2,0,36,Article|BreadcrumbList|FAQPage,fa-IR|x-default,fa,sitemap-knowledge-center.xml,38.2,
knowledge-center/ball-valve-api-6d.html,https://pishtaj.ir/knowledge-center/ball-valve-api-6d.html,knowledge-center,Ball Valve API 6D | پیشرو تجهیز فرتاک,37,Ball Valve API 6D — انواع و انتخاب؛ کاربردها، استانداردهای کلیدی، نکات انتخاب فنی، قیمت و مسیر استعلام برای پروژه‌های صنعتی و EPC.,130,https://pishtaj.ir/knowledge-center/api-6d-ball-valve-standard.html,"noindex, follow",Ball Valve API 6D — انواع و انتخاب,1,8,1777,2,0,38,Article|BreadcrumbList|FAQPage,fa-IR|x-default,fa,,36.2,canonical-mismatch|noindex|not-in-sitemap
knowledge-center/ball-vs-gate-valve-comparison.html,https://pishtaj.ir/knowledge-center/ball-vs-gate-valve-comparison.html,knowledge-center,مقایسه شیر توپی و شیر دروازه‌ای؛ کدام برای خط شما مناسب است؟,60,مقایسه فنی کامل شیر توپی و دروازه‌ای: اصول عملکرد، آب‌بندی، افت فشار، سرعت قطع، سایز و کلاس، هزینه و معیارهای انتخاب برای خطوط فرایندی، انتقال و تاسیسات.,153,https://pishtaj.ir/knowledge-center/ball-vs-gate-valve-comparison.html,"index, follow",مقایسه شیر توپی و شیر دروازه‌ای — تفاوت‌ها و معیارهای انتخاب,1,9,1159,2,0,20,BreadcrumbList|Article|FAQPage,fa-IR|x-default,fa,sitemap-knowledge-center.xml,26.1,
knowledge-center/butterfly-valve-api-609-concentric-offset.html,https://pishtaj.ir/knowledge-center/butterfly-valve-api-609-concentric-offset.html,knowledge-center,راهنمای استاندارد شیر پروانه‌ای (API 609)؛ تمرکز و آفست‌ها,58,راهنمای کامل مرجع شیرهای پروانه‌ای: دسته‌بندی تمرکز و آفست‌های دوتایی و سه‌تایی، کلاس‌های فشار، تست و مدارک، و معیارهای انتخاب بر اساس سرویس.,141,https://pishtaj.ir/knowledge-center/butterfly-valve-api-609-concentric-offset.html,"index, follow",استاندارد شیر پروانه‌ای (API 609) — تمرکز، آفست‌ها و انتخاب,1,12,1153,2,0,20,BreadcrumbList|Article|FAQPage,fa-IR|x-default,fa,sitemap-knowledge-center.xml,26.2,
knowledge-center/butterfly-valve-complete-guide.html,https://pishtaj.ir/knowledge-center/butterfly-valve-complete-guide.html,knowledge-center,راهنمای جامع شیر پروانه‌ای؛ ساختار، انواع و نکات انتخاب,55,راهنمای کامل شیر پروانه‌ای: ساختار دیسک و ساقه و نشیمنگاه، انواع ویفر لاگ و فلنجی، مزایا و محدودیت‌ها، کاربردها، متریال‌ها و چک‌لیست استعلام خرید.,146,https://pishtaj.ir/knowledge-center/butterfly-valve-complete-guide.html,"index, follow",راهنمای جامع شیر پروانه‌ای — ساختار، انواع و انتخاب,1,13,1138,2,0,20,BreadcrumbList|Article|FAQPage,fa-IR|x-default,fa,sitemap-knowledge-center.xml,26.1,
knowledge-center/cement-industry-supply-guide.html,https://pishtaj.ir/knowledge-center/cement-industry-supply-guide.html,knowledge-center,راهنمای تامین تجهیزات صنایع سیمان | پیشرو تجهیز فرتاک,53,مقاله تخصصی راهنمای تامین تجهیزات صنایع سیمان — راهنمای جامع برای مهندسان و کارشناسان خرید تجهیزات صنعتی؛ همراه نکات قیمت و مسیر استعلام.,137,https://pishtaj.ir/knowledge-center/cement-industry-supply-guide.html,,راهنمای تامین تجهیزات صنایع سیمان,1,10,1855,2,0,39,Article|BreadcrumbList|FAQPage,fa-IR|x-default,fa,sitemap-knowledge-center.xml,38.7,
knowledge-center/cerabar.html,https://pishtaj.ir/knowledge-center/cerabar.html,knowledge-center,ترانسمیتر فشار (Cerabar) اندرس هاسر؛ مشخصات و انتخاب,52,راهنمای ترانسمیتر فشار (Cerabar) از اندرس هاسر: اصول اندازه‌گیری فشار گیج و مطلق، سل‌های سرامیکی و فلزی، کاربردها و نکات انتخاب و استعلام خرید.,143,https://pishtaj.ir/knowledge-center/cerabar.html,"index, follow",ترانسمیتر فشار (Cerabar) اندرس هاسر,1,10,1139,2,0,19,BreadcrumbList|Article|FAQPage,fa-IR|x-default,fa,sitemap-knowledge-center.xml,25.3,
knowledge-center/check-valve-complete-guide.html,https://pishtaj.ir/knowledge-center/check-valve-complete-guide.html,knowledge-center,راهنمای جامع شیر یک‌طرفه (Check Valve)؛ انواع، انتخاب و نصب,59,راهنمای کامل شیر یک‌طرفه: انواع سوئینگ، لیفت، توپی و دوپلیت، معیارهای انتخاب بر اساس سرویس، نکات نصب، پدیده ضربه قوچ و مدارک تست برای استعلام خرید.,147,https://pishtaj.ir/knowledge-center/check-valve-complete-guide.html,"index, follow",راهنمای جامع شیر یک‌طرفه (Check Valve),1,12,1223,2,0,20,BreadcrumbList|Article|FAQPage,fa-IR|x-default,fa,sitemap-knowledge-center.xml,26.1,
knowledge-center/check-valve-swing-lift-dual-plate.html,https://pishtaj.ir/knowledge-center/check-valve-swing-lift-dual-plate.html,knowledge-center,مقایسه شیر یک‌طرفه؛ سوئینگ، لیفت و دوپلیت در یک نگاه فنی,56,مقایسه فنی سه طرح اصلی شیر یک‌طرفه: سوئینگ، لیفت و دوپلیت. افت فشار، سرعت بسته شدن، حساسیت به ضربه قوچ، محدودیت نصب و راهنمای انتخاب برای هر سرویس.,147,https://pishtaj.ir/knowledge-center/check-valve-swing-lift-dual-plate.html,"index, follow",مقایسه شیر یک‌طرفه؛ سوئینگ در برابر لیفت و دوپلیت,1,11,1177,2,0,19,BreadcrumbList|Article|FAQPage,fa-IR|x-default,fa,sitemap-knowledge-center.xml,25.2,
knowledge-center/class-i-class-vi.html,https://pishtaj.ir/knowledge-center/class-i-class-vi.html,knowledge-center,مقایسه کلاس نشتی شیرآلات (Class I تا VI)؛ کدام کلاس برای شما؟,61,راهنمای کامل کلاس‌های نشتی نشیمنگاه از کلاس یک تا شش: حدود مجاز نشتی، نوع نشیمنگاه، روش تست و راهنمای انتخاب کلاس مناسب برای هر سرویس صنعتی.,140,https://pishtaj.ir/knowledge-center/class-i-class-vi.html,"index, follow",کلاس نشتی شیرآلات (Class I تا VI) — تعریف، تست و انتخاب,1,11,1162,2,0,19,BreadcrumbList|Article|FAQPage,fa-IR|x-default,fa,sitemap-knowledge-center.xml,25.3,
knowledge-center/conductivity-meter.html,https://pishtaj.ir/knowledge-center/conductivity-meter.html,knowledge-center,راهنمای هدایت‌سنج (Conductivity Meter)؛ اصول و انتخاب,53,راهنمای هدایت‌سنج صنعتی: اصل اندازه‌گیری هدایت الکتریکی، سنسورهای الکترودی و القایی، کاربردها در تصفیه آب و بویلر و نکات انتخاب و استعلام خرید.,143,https://pishtaj.ir/knowledge-center/conductivity-meter.html,"index, follow",راهنمای هدایت‌سنج (Conductivity Meter),1,10,1136,2,0,19,BreadcrumbList|Article|FAQPage,fa-IR|x-default,fa,sitemap-knowledge-center.xml,25.8,
knowledge-center/contactor-bimetal-guide.html,https://pishtaj.ir/knowledge-center/contactor-bimetal-guide.html,knowledge-center,راهنمای کنتاکتور و بی متال در برق صنعتی | پیشرو تجهیز فرتاک,59,مقاله تخصصی راهنمای کنتاکتور و بی متال در برق صنعتی — راهنمای جامع برای مهندسان و کارشناسان خرید تجهیزات صنعتی؛ همراه نکات قیمت و مسیر استعلام.,143,https://pishtaj.ir/knowledge-center/contactor-bimetal-guide.html,,راهنمای کنتاکتور و بی متال در برق صنعتی,1,10,1892,2,0,40,Article|BreadcrumbList|FAQPage,fa-IR|x-default,fa,sitemap-knowledge-center.xml,39.1,
knowledge-center/control-valve-actuator-selection-guide.html,https://pishtaj.ir/knowledge-center/control-valve-actuator-selection-guide.html,knowledge-center,راهنمای انتخاب اکچویتور کنترل ولو | Fail Action و Shutoff,57,راهنمای کامل انتخاب اکچویتور کنترل ولو، Fail Close/Open، shutoff ΔP، نیروی seat، thrust، air supply، positioner و workflow انتخاب actuator همراه با لینک ابزار PTF…,163,https://pishtaj.ir/knowledge-center/control-valve-actuator-selection-guide.html,"index, follow",راهنمای انتخاب اکچویتور کنترل ولو | Fail Action و Shutoff,1,12,1837,1,0,22,BreadcrumbList|Article|FAQPage,fa-IR|x-default,fa,sitemap-knowledge-center.xml,32.0,
knowledge-center/control-valve-cavitation-guide.html,https://pishtaj.ir/knowledge-center/control-valve-cavitation-guide.html,knowledge-center,کاویتاسیون در کنترل ولو چیست؟ روش تشخیص و جلوگیری,49,راهنمای مهندسی کاویتاسیون در کنترل ولو، تفاوت cavitation و flashing، نقش FL و Pv و ΔP_choked، روش‌های کاهش نویز و انتخاب anti-cavitation trim همراه با لینک ابزار…,162,https://pishtaj.ir/knowledge-center/control-valve-cavitation-guide.html,"index, follow",کاویتاسیون در کنترل ولو چیست؟ روش تشخیص و جلوگیری,1,10,1219,1,0,23,BreadcrumbList|Article|FAQPage,fa-IR|x-default,fa,sitemap-knowledge-center.xml,27.5,
knowledge-center/control-valve-complete-guide.html,https://pishtaj.ir/knowledge-center/control-valve-complete-guide.html,knowledge-center,راهنمای کامل شیر کنترل (Control Valve) صنعتی؛ مشخصات و قیمت,59,مقاله تخصصی راهنمای کامل شیر کنترل (Control Valve) صنعتی — راهنمای جامع برای مهندسان و کارشناسان خرید تجهیزات صنعتی؛ همراه نکات قیمت و مسیر استعلام.,148,https://pishtaj.ir/knowledge-center/control-valve-complete-guide.html,,راهنمای کامل شیر کنترل (Control Valve) صنعتی,1,10,1926,2,0,39,TechArticle|Article|BreadcrumbList|FAQPage,fa-IR|x-default,fa,sitemap-knowledge-center.xml,40.3,
knowledge-center/control-valve-cv-calculation-guide.html,https://pishtaj.ir/knowledge-center/control-valve-cv-calculation-guide.html,knowledge-center,محاسبه Cv کنترل ولو چیست؟ راهنمای سایزینگ Control Valve,55,راهنمای مهندسی محاسبه Cv و Kv کنترل ولو، تفاوت Cv/Kv، سایزینگ مایع، گاز و بخار، choked flow، کاویتاسیون، نویز، اکچویتور و لینک ابزار آنلاین سایزینگ کنترل ولو PTF…,162,https://pishtaj.ir/knowledge-center/control-valve-cv-calculation-guide.html,"index, follow",محاسبه Cv کنترل ولو چیست؟ راهنمای مهندسی برای سایزینگ Control Valve,1,10,1236,1,0,24,BreadcrumbList|Article|FAQPage,fa-IR|x-default,fa,sitemap-knowledge-center.xml,27.2,
knowledge-center/control-valve-cv-kv-difference.html,https://pishtaj.ir/knowledge-center/control-valve-cv-kv-difference.html,knowledge-center,تفاوت Cv و Kv در کنترل ولو چیست؟ فرمول تبدیل و کاربرد,53,راهنمای کامل تفاوت Cv و Kv در کنترل ولو، فرمول تبدیل Cv به Kv، کاربرد در سایزینگ Control Valve، اشتباهات رایج، ارتباط با FL و Xt…؛ همراه نکات قیمت و مسیر استعلام.,162,https://pishtaj.ir/knowledge-center/control-valve-cv-kv-difference.html,"index, follow",تفاوت Cv و Kv در کنترل ولو چیست؟ فرمول تبدیل و کاربرد در سایزینگ,1,12,2033,1,0,23,BreadcrumbList|Article|FAQPage,fa-IR|x-default,fa,sitemap-knowledge-center.xml,33.7,
knowledge-center/control-valve-iec-60534.html,https://pishtaj.ir/knowledge-center/control-valve-iec-60534.html,knowledge-center,شیر کنترل و استاندارد (IEC 60534)؛ سایزینگ، تست و انتخاب,56,راهنمای شیر کنترل بر اساس سری استاندارد (IEC 60534): ساختار بخش‌های استاندارد، اصول سایزینگ با ضریب ظرفیت، مشخصه جریان، نویز و کاویتاسیون و مدارک تحویل.,152,https://pishtaj.ir/knowledge-center/control-valve-iec-60534.html,"index, follow",شیر کنترل بر اساس استاندارد (IEC 60534) — از سایزینگ تا تحویل,1,11,1180,2,0,21,BreadcrumbList|Article|FAQPage,fa-IR|x-default,fa,sitemap-knowledge-center.xml,25.8,
knowledge-center/control-valve-positioner-calibration.html,https://pishtaj.ir/knowledge-center/control-valve-positioner-calibration.html,knowledge-center,پوزیشنر شیر کنترل و کالیبراسیون آن,34,راهنمای پوزیشنر شیر کنترل: انواع پنوماتیک و اسمارت، اصول کار، کالیبراسیون خودکار و دستی و عیب‌یابی مشکلات رایج شیر کنترل صنعتی.,127,https://pishtaj.ir/knowledge-center/control-valve-positioner-calibration.html,"index, follow",پوزیشنر شیر کنترل — انواع، اصول کار و کالیبراسیون,1,9,805,2,0,21,BreadcrumbList|Article|FAQPage,fa-IR|x-default,fa,sitemap-knowledge-center.xml,22.7,
knowledge-center/corrosion-resistant-equipment-guide.html,https://pishtaj.ir/knowledge-center/corrosion-resistant-equipment-guide.html,knowledge-center,راهنمای تجهیزات مقاوم به خوردگی صنعتی | پیشرو تجهیز فرتاک,57,مقاله تخصصی راهنمای تجهیزات مقاوم به خوردگی صنعتی — راهنمای جامع برای مهندسان و کارشناسان خرید تجهیزات صنعتی؛ همراه نکات قیمت و مسیر استعلام.,141,https://pishtaj.ir/knowledge-center/corrosion-resistant-equipment-guide.html,,راهنمای تجهیزات مقاوم به خوردگی صنعتی,1,10,1864,2,0,39,Article|BreadcrumbList|FAQPage,fa-IR|x-default,fa,sitemap-knowledge-center.xml,38.8,
knowledge-center/cryogenic-valve-lng.html,https://pishtaj.ir/knowledge-center/cryogenic-valve-lng.html,knowledge-center,شیر برودتی (Cryogenic Valve) برای LNG؛ طراحی، متریال و تست,58,راهنمای شیر برودتی برای سرویس‌های ال‌ان‌جی و گازهای مایع: بونت طویل، متریال‌های آستنیتی، تست برودتی، الزامات ایمنی حفره بدنه و نکات استعلام.,140,https://pishtaj.ir/knowledge-center/cryogenic-valve-lng.html,"index, follow",شیر برودتی (Cryogenic Valve) برای LNG و گازهای مایع,1,10,1160,2,0,19,BreadcrumbList|Article|FAQPage,fa-IR|x-default,fa,sitemap-knowledge-center.xml,25.0,
knowledge-center/dcs-distributed-control-system.html,https://pishtaj.ir/knowledge-center/dcs-distributed-control-system.html,knowledge-center,راهنمای سیستم DCS (Distributed Control System),46,راهنمای سیستم DCS (Distributed Control System)؛ کاربردها، استانداردهای کلیدی، نکات انتخاب فنی، قیمت و مسیر استعلام برای پروژه‌های صنعتی و EPC.,142,https://pishtaj.ir/knowledge-center/kc-dcs.html,"noindex, follow",راهنمای سیستم DCS (Distributed Control System),1,9,1744,2,0,41,Article|BreadcrumbList|FAQPage,fa-IR|x-default,fa,,36.3,canonical-mismatch|noindex|not-in-sitemap
knowledge-center/dcs-vs-plc-difference.html,https://pishtaj.ir/knowledge-center/dcs-vs-plc-difference.html,knowledge-center,تفاوت DCS و PLC؛ کدام برای پروژهٔ شما؟,38,مقایسه DCS و PLC: معماری، افزونگی، برنامه‌نویسی، هزینه و کاربرد در فرآیند پیوسته و تولید گسسته؛ معیار انتخاب سیستم کنترل برای پروژه صنعتی.,138,https://pishtaj.ir/knowledge-center/dcs-vs-plc-difference.html,"index, follow",تفاوت DCS و PLC — معماری، کاربرد و معیار انتخاب,1,8,817,2,0,21,BreadcrumbList|Article|FAQPage,fa-IR|x-default,fa,sitemap-knowledge-center.xml,21.9,
knowledge-center/diaphragm-seal-guide.html,https://pishtaj.ir/knowledge-center/diaphragm-seal-guide.html,knowledge-center,راهنمای سیل جداکننده (Diaphragm Seal) در ابزار دقیق,51,مقاله تخصصی راهنمای سیل جداکننده (Diaphragm Seal) در ابزار دقیق — راهنمای جامع برای مهندسان و کارشناسان خرید تجهیزات صنعتی؛ همراه نکات قیمت و مسیر استعلام.,155,https://pishtaj.ir/knowledge-center/diaphragm-seal-guide.html,,راهنمای سیل جداکننده (Diaphragm Seal) در ابزار دقیق,1,10,1864,2,0,37,Article|BreadcrumbList|FAQPage,fa-IR|x-default,fa,sitemap-knowledge-center.xml,38.5,
knowledge-center/diaphragm-valve.html,https://pishtaj.ir/knowledge-center/diaphragm-valve.html,knowledge-center,شیر دیافراگم (Diaphragm Valve)؛ ساختار، مزایا و کاربرد,54,راهنمای شیر دیافراگم: ساختار ویِر و مستقیم، مزایای ذاتی برای سیال‌های خورنده و دوغاب، محدودیت‌های دما و فشار، متریال دیافراگم و نکات نگهداری و استعلام.,151,https://pishtaj.ir/knowledge-center/diaphragm-valve.html,"index, follow",شیر دیافراگم (Diaphragm Valve) — ساختار و انتخاب,1,11,1139,2,0,19,BreadcrumbList|Article|FAQPage,fa-IR|x-default,fa,sitemap-knowledge-center.xml,25.4,
knowledge-center/differential-pressure-transmitter-guide.html,https://pishtaj.ir/knowledge-center/differential-pressure-transmitter-guide.html,knowledge-center,راهنمای ترانسمیتر اختلاف فشار (DPT)؛ انتخاب و نصب,49,راهنمای کامل ترانسمیتر اختلاف فشار: اصول اندازه‌گیری، کاربردهای دبی، سطح و پایش فیلتر، منیفولد و اتصالات، کالیبراسیون و نکات استعلام خرید صنعتی.,144,https://pishtaj.ir/knowledge-center/differential-pressure-transmitter-guide.html,"index, follow",راهنمای ترانسمیتر اختلاف فشار (DPT),1,10,1136,2,0,20,BreadcrumbList|Article|FAQPage,fa-IR|x-default,fa,sitemap-knowledge-center.xml,25.5,
knowledge-center/din-ansi.html,https://pishtaj.ir/knowledge-center/din-ansi.html,knowledge-center,مقایسه استانداردهای (DIN) و (ANSI) در پایپینگ صنعتی,51,راهنمای مقایسه استانداردهای آلمانی (DIN) و آمریکایی (ANSI) در پایپینگ: نظام‌های فشار، ابعاد فلنج و اتصالات، متریال و نکات جایگزینی.,131,https://pishtaj.ir/knowledge-center/din-ansi.html,"index, follow",مقایسه استاندارد (DIN) و (ANSI) در پایپینگ,1,10,1214,2,0,19,BreadcrumbList|Article|FAQPage,fa-IR|x-default,fa,sitemap-knowledge-center.xml,25.7,
knowledge-center/distribution-transformer.html,https://pishtaj.ir/knowledge-center/distribution-transformer.html,knowledge-center,راهنمای ترانسفورماتور توزیع؛ انتخاب، نصب و خرید,47,راهنمای ترانسفورماتور توزیع: انواع روغنی و خشک، پارامترهای نامی، تلفات و راندمان، نکات نصب و معیارهای استعلام خرید صنعتی.,121,https://pishtaj.ir/knowledge-center/distribution-transformer.html,"index, follow",راهنمای ترانسفورماتور توزیع,1,10,1164,2,0,19,BreadcrumbList|Article|FAQPage,fa-IR|x-default,fa,sitemap-knowledge-center.xml,25.5,
knowledge-center/dp-transmitter-level-flow.html,https://pishtaj.ir/knowledge-center/dp-transmitter-level-flow.html,knowledge-center,ترانسمیتر اختلاف فشار و اندازه‌گیری سطح و جریان,47,راهنمای ترانسمیتر اختلاف فشار: اندازه‌گیری سطح مخزن، جریان با المان اولیه، جبران دما و فشار و نکات کالیبراسیون و نصب ترانسمیتر DP صنعتی.,136,https://pishtaj.ir/knowledge-center/dp-transmitter-level-flow.html,"index, follow",ترانسمیتر اختلاف فشار — اندازه‌گیری سطح، جریان و نکات نصب,1,9,775,2,0,21,BreadcrumbList|Article|FAQPage,fa-IR|x-default,fa,sitemap-knowledge-center.xml,21.9,
knowledge-center/dpt.html,https://pishtaj.ir/knowledge-center/dpt.html,knowledge-center,ترانسمیتر اختلاف فشار DPT | پیشرو تجهیز فرتاک,45,ترانسمیتر اختلاف فشار DPT — اندازه‌گیری دبی؛ کاربردها، استانداردهای کلیدی، نکات انتخاب فنی، قیمت و مسیر استعلام برای پروژه‌های صنعتی و EPC.,139,https://pishtaj.ir/knowledge-center/dpt.html,"index,follow",ترانسمیتر اختلاف فشار DPT — اندازه‌گیری دبی,1,9,1848,2,0,40,Article|BreadcrumbList|FAQPage,fa-IR|x-default,fa,sitemap-knowledge-center.xml,39.6,
knowledge-center/dual-plate-check-valve.html,https://pishtaj.ir/knowledge-center/dual-plate-check-valve.html,knowledge-center,راهنمای شیر یک‌طرفه دوپلیت (Dual Plate)؛ طراحی و انتخاب,55,راهنمای شیر یک‌طرفه دوپلیت: ساختار دو دیسک با فنر مرکزی، مزایا نسبت به سوئینگ، الزامات مرجع ساخت، سایز و نصب، نقاط ضعف و نکات استعلام خرید.,139,https://pishtaj.ir/knowledge-center/dual-plate-check-valve.html,"index, follow",شیر یک‌طرفه دوپلیت (Dual Plate Check Valve),1,10,1134,2,0,19,BreadcrumbList|Article|FAQPage,fa-IR|x-default,fa,sitemap-knowledge-center.xml,24.4,
knowledge-center/electric-actuator.html,https://pishtaj.ir/knowledge-center/electric-actuator.html,knowledge-center,محرک الکتریکی (Electric Actuator) شیرآلات | پیشرو تجهیز فرتاک,61,محرک الکتریکی (Electric Actuator) شیرآلات؛ کاربردها، استانداردهای کلیدی، نکات انتخاب فنی، قیمت و مسیر استعلام برای پروژه‌های صنعتی و EPC.,137,https://pishtaj.ir/knowledge-center/kc-actuator.html,"noindex, follow",محرک الکتریکی (Electric Actuator) شیرآلات,1,9,1796,2,0,43,Article|BreadcrumbList|FAQPage,fa-IR|x-default,fa,,38.4,canonical-mismatch|noindex|not-in-sitemap
knowledge-center/electrical-brands-comparison.html,https://pishtaj.ir/knowledge-center/electrical-brands-comparison.html,knowledge-center,مقایسه برندهای تجهیزات برق صنعتی | پیشرو تجهیز فرتاک,52,"مقاله تخصصی مقایسه برندهای تجهیزات برق صنعتی — Siemens, ABB, Schneider — راهنمای جامع برای مهندسان و کارشناسان خرید تجهیزات صنعتی؛ همراه نکات قیمت و مسیر استعلام.",162,https://pishtaj.ir/knowledge-center/electrical-brands-comparison.html,,"مقایسه برندهای تجهیزات برق صنعتی — Siemens, ABB, Schneider",1,10,1881,2,0,40,Article|BreadcrumbList|FAQPage,fa-IR|x-default,fa,sitemap-knowledge-center.xml,39.1,
knowledge-center/en-10204-certificate-guide.html,https://pishtaj.ir/knowledge-center/en-10204-certificate-guide.html,knowledge-center,راهنمای گواهی مواد و تست EN 10204؛ انواع ۳٫۱ و ۳٫۲,50,راهنمای گواهی مواد و تست: اعلامیه انطباق، گزارش تست، گواهی بازرسی کارخانه‌ای و شخص ثالث؛ تفاوت‌ها و نکات راستی‌آزمایی برای مهندسان خرید.,136,https://pishtaj.ir/knowledge-center/en-10204-certificate-guide.html,"index, follow",راهنمای کامل گواهی مواد و تست (EN 10204) — انواع و کاربرد,1,10,1165,2,0,20,BreadcrumbList|Article|FAQPage,fa-IR|x-default,fa,sitemap-knowledge-center.xml,26.4,
knowledge-center/en-10204.html,https://pishtaj.ir/knowledge-center/en-10204.html,knowledge-center,گواهی EN 10204 و تفاوت نوع 3.1 و 3.2 | پیشرو تجهیز فرتاک,56,EN 10204 — گواهی مواد و تست؛ کاربردها، استانداردهای کلیدی، نکات انتخاب فنی، قیمت و مسیر استعلام برای پروژه‌های صنعتی و EPC.,123,https://pishtaj.ir/knowledge-center/kc-a106-mill-test-certificate-verification.html,"noindex, follow",EN 10204 — گواهی مواد و تست,1,9,1713,2,0,40,Article|BreadcrumbList|FAQPage,fa-IR|x-default,fa,,35.3,canonical-mismatch|noindex|not-in-sitemap
knowledge-center/epc-supply-chain-management-guide.html,https://pishtaj.ir/knowledge-center/epc-supply-chain-management-guide.html,knowledge-center,راهنمای مدیریت زنجیره تامین در پروژه‌های EPC | پیشرو تجهیز فرتاک,64,مقاله تخصصی راهنمای مدیریت زنجیره تامین در پروژه‌های EPC — راهنمای جامع برای مهندسان و کارشناسان خرید تجهیزات صنعتی؛ همراه نکات قیمت و مسیر استعلام.,148,https://pishtaj.ir/knowledge-center/epc-supply-chain-management-guide.html,,راهنمای مدیریت زنجیره تامین در پروژه‌های EPC,1,10,1859,2,0,39,Article|BreadcrumbList|FAQPage,fa-IR|x-default,fa,sitemap-knowledge-center.xml,39.0,
knowledge-center/erw-saw-lsaw-pipe-difference.html,https://pishtaj.ir/knowledge-center/erw-saw-lsaw-pipe-difference.html,knowledge-center,تفاوت لوله ERW، SAW و LSAW؛ روش ساخت و کاربرد,45,مقایسه لوله ERW، SAW و LSAW: روش جوشکاری درز، محدوده قطر و ضخامت، استاندارد API 5L و ASTM و نکات انتخاب روش ساخت مناسب برای خطوط نفت و گاز.,139,https://pishtaj.ir/knowledge-center/erw-saw-lsaw-pipe-difference.html,"index, follow",تفاوت لوله ERW، SAW و LSAW — روش ساخت، کاربرد و انتخاب,1,9,844,2,0,21,BreadcrumbList|Article|FAQPage,fa-IR|x-default,fa,sitemap-knowledge-center.xml,21.7,
knowledge-center/erw.html,https://pishtaj.ir/knowledge-center/erw.html,knowledge-center,مقایسه لوله جوشی مستقیم (ERW) و لوله مارپیچ (اسپیرال),53,مقایسه فنی دو روش اصلی ساخت لوله جوشی: درز مستقیم و مارپیچ؛ فرآیند ساخت، محدوده سایز، تحمل فشار، اقتصاد و معیارهای انتخاب بر اساس کاربرد پروژه.,143,https://pishtaj.ir/knowledge-center/erw.html,"index, follow",مقایسه لوله جوشی مستقیم و مارپیچ — کدام برای خط شما؟,1,11,1146,2,0,20,BreadcrumbList|Article|FAQPage,fa-IR|x-default,fa,sitemap-knowledge-center.xml,25.7,
knowledge-center/esd-emergency-shutdown.html,https://pishtaj.ir/knowledge-center/esd-emergency-shutdown.html,knowledge-center,راهنمای سیستم (ESD)؛ قطع اضطراری در صنایع فرایندی,49,راهنمای سیستم قطع اضطراری (ESD) در صنایع فرایندی: ساختار و سطوح قطع، فلسفه طراحی، تجهیزات، الزامات (IEC 61511) و نکات خرید و بهره‌برداری.,137,https://pishtaj.ir/knowledge-center/esd-emergency-shutdown.html,"index, follow",راهنمای سیستم (ESD),1,10,1179,2,0,19,BreadcrumbList|Article|FAQPage,fa-IR|x-default,fa,sitemap-knowledge-center.xml,25.2,
knowledge-center/fire-gas-system-fgs.html,https://pishtaj.ir/knowledge-center/fire-gas-system-fgs.html,knowledge-center,راهنمای سیستم اعلام و اطفای حریق و گاز (FGS),44,راهنمای سیستم اعلام و اطفای حریق و گاز (FGS): آشکارسازهای حریق و گاز، منطق‌پرداز ایمنی، اطفای اتوماتیک، الزامات استانداردها و نکات خرید.,136,https://pishtaj.ir/knowledge-center/fire-gas-system-fgs.html,"index, follow",راهنمای سیستم (FGS),1,10,1197,2,0,19,BreadcrumbList|Article|FAQPage,fa-IR|x-default,fa,sitemap-knowledge-center.xml,25.5,
knowledge-center/fire-test-api-607.html,https://pishtaj.ir/knowledge-center/fire-test-api-607.html,knowledge-center,راهنمای تست آتش شیرآلات (API 607)؛ فایرسیف یعنی چه؟,51,راهنمای تست آتش شیرآلات بر اساس مرجع (API 607): هدف تست، روش انجام، حدود پذیرش نشتی در حین و پس از آتش، تفاوت با مراجع هم‌خانواده و نکات استعلام.,145,https://pishtaj.ir/knowledge-center/fire-test-api-607.html,"index, follow",تست آتش شیرآلات (API 607) — تعریف فایرسیف و الزامات,1,10,1154,2,0,19,BreadcrumbList|Article|FAQPage,fa-IR|x-default,fa,sitemap-knowledge-center.xml,25.0,
knowledge-center/flange-arak-guide.html,https://pishtaj.ir/knowledge-center/flange-arak-guide.html,knowledge-center,فلنج اراک؛ راهنمای خرید، استانداردها و راستی‌آزمایی کیفیت | پیشرو,65,راهنمای کامل فلنج اراک — چرا اراک قطب فورجینگ فلنج ایران است، استانداردهای ASME B16.5 و B16…,92,https://pishtaj.ir/knowledge-center/flange-arak-guide.html,"index, follow",فلنج اراک — راهنمای خرید، استانداردها و راستی‌آزمایی کیفیت,1,8,819,2,0,33,BreadcrumbList|TechArticle|Article|FAQPage,fa-IR|x-default,fa,sitemap-knowledge-center.xml,27.5,
knowledge-center/flange-bolting-guide.html,https://pishtaj.ir/knowledge-center/flange-bolting-guide.html,knowledge-center,پیچ و مهرهٔ اتصالات فلنجی؛ گریدها، گشتاور و ترتیب سفت‌کردن,58,راهنمای انتخاب پیچ و مهره بر پایهٔ ASTM A193 و A194؛ گریدهای B7، B7M، B8 و B8M، تنش هدف، اثر روان‌کار بر گشتاور، ترتیب سفت‌کردن طبق ASME PCC-1 و اشتباهات رایج.,159,https://pishtaj.ir/knowledge-center/flange-bolting-guide.html,,راهنمای پیچ و مهره در اتصالات فلنجی صنعتی,1,16,2647,2,0,40,Article|BreadcrumbList|FAQPage,fa-IR|x-default,fa,sitemap-knowledge-center.xml,51.4,
knowledge-center/flange-material-selection-guide.html,https://pishtaj.ir/knowledge-center/flange-material-selection-guide.html,knowledge-center,راهنمای انتخاب جنس فلنج صنعتی بر اساس سیال، دما و کلاس فشار,59,راهنمای عملی انتخاب متریال فلنج: گروه‌های کربنی، دمای پایین، آلیاژی و استنلس، تطابق با لوله، اثر متریال بر فشار مجاز و اشتباهات رایج در استعلام.,144,https://pishtaj.ir/knowledge-center/flange-material-selection-guide.html,"index, follow",راهنمای انتخاب جنس فلنج بر اساس سیال، دما و کلاس فشار,1,12,1160,2,0,20,BreadcrumbList|Article|FAQPage,fa-IR|x-default,fa,sitemap-knowledge-center.xml,26.1,
knowledge-center/flange-types-complete-guide.html,https://pishtaj.ir/knowledge-center/flange-types-complete-guide.html,knowledge-center,انواع فلنج صنعتی: WN، SO، Blind و SW؛ راهنمای انتخاب,52,مقایسهٔ هفت نوع فلنج بر پایهٔ ASME B16.5 و B16.47؛ سطح RF/FF/RTJ، کلاس‌های فشار، کاربرد هر نوع در پایپینگ، محدودیت‌ها و چک‌لیست استعلام فلنج.,141,https://pishtaj.ir/knowledge-center/flange-types-complete-guide.html,,"راهنمای جامع انواع فلنج صنعتی — WN, SO, Blind, SW",1,16,2604,2,0,41,Article|BreadcrumbList|FAQPage,fa-IR|x-default,fa,sitemap-knowledge-center.xml,53.3,
knowledge-center/float-vibrating-capacitance.html,https://pishtaj.ir/knowledge-center/float-vibrating-capacitance.html,knowledge-center,سوئیچ سطح صنعتی؛ انواع و انتخاب | پیشرو تجهیز فرتاک,51,"سوئیچ سطح — Float, Vibrating, Capacitance؛ کاربردها، استانداردهای کلیدی، نکات انتخاب فنی، قیمت و مسیر استعلام برای پروژه‌های صنعتی و EPC.",137,https://pishtaj.ir/knowledge-center/kc-level-measurement-6-methods.html,"noindex, follow","سوئیچ سطح — Float, Vibrating, Capacitance",1,9,1728,2,0,40,Article|BreadcrumbList|FAQPage,fa-IR|x-default,fa,,35.7,canonical-mismatch|noindex|not-in-sitemap
knowledge-center/flowmeter-calibration-procedure.html,https://pishtaj.ir/knowledge-center/flowmeter-calibration-procedure.html,knowledge-center,کالیبراسیون فلومتر؛ روش‌ها و فواصل کالیبراسیون,46,راهنمای کالیبراسیون فلومتر: روش‌های کالیبراسیون حجمی و جرمی، استاندارد ISO 17025، تعیین فاصله کالیبراسیون و نکات صحت‌سنجی فلومترهای صنعتی.,138,https://pishtaj.ir/knowledge-center/flowmeter-calibration-procedure.html,"index, follow",کالیبراسیون فلومتر — روش‌ها، استاندارد و فواصل,1,9,803,2,0,21,BreadcrumbList|Article|FAQPage,fa-IR|x-default,fa,sitemap-knowledge-center.xml,23.2,
knowledge-center/flowmeter-types-guide.html,https://pishtaj.ir/knowledge-center/flowmeter-types-guide.html,knowledge-center,راهنمای فلومتر صنعتی؛ انتخاب بین انواع فناوری‌ها,48,راهنمای انتخاب فلومتر صنعتی: مقایسه فناوری‌های مغناطیسی، کوریولیس، گردابی، فراصوت و اختلاف فشاری بر اساس سیال، دقت و هزینه برای هر کاربرد.,138,https://pishtaj.ir/knowledge-center/flowmeter-types-guide.html,"index, follow",راهنمای فلومتر صنعتی — انتخاب فناوری مناسب,1,10,1136,2,0,19,BreadcrumbList|Article|FAQPage,fa-IR|x-default,fa,sitemap-knowledge-center.xml,25.7,
knowledge-center/gas-analyzer-industry-guide.html,https://pishtaj.ir/knowledge-center/gas-analyzer-industry-guide.html,knowledge-center,راهنمای آنالایزر گاز صنعتی | پیشرو تجهیز فرتاک,46,"مقاله تخصصی راهنمای آنالایزر گاز صنعتی — O2, CO2, H2S — راهنمای جامع برای مهندسان و کارشناسان خرید تجهیزات صنعتی؛ همراه نکات قیمت و مسیر استعلام.",145,https://pishtaj.ir/knowledge-center/gas-analyzer-industry-guide.html,,"راهنمای آنالایزر گاز صنعتی — O2, CO2, H2S",1,10,1841,2,0,37,Article|BreadcrumbList|FAQPage,fa-IR|x-default,fa,sitemap-knowledge-center.xml,38.0,
knowledge-center/gas-control-valve-sizing-guide.html,https://pishtaj.ir/knowledge-center/gas-control-valve-sizing-guide.html,knowledge-center,سایزینگ کنترل ولو گاز چیست؟ نکات انتخاب Gas Control Valve,57,راهنمای مهندسی سایزینگ کنترل ولو گاز، مبنای Nm3/h، فشار مطلق، MW/SG، Z، k، Xt، choked flow، noise و vendor validation همراه با لینک ابزار PTF…,142,https://pishtaj.ir/knowledge-center/gas-control-valve-sizing-guide.html,"index, follow",سایزینگ کنترل ولو گاز چیست؟ نکات انتخاب Gas Control Valve,1,12,1811,1,0,23,BreadcrumbList|Article|FAQPage,fa-IR|x-default,fa,sitemap-knowledge-center.xml,31.2,
knowledge-center/gasket-types-guide.html,https://pishtaj.ir/knowledge-center/gasket-types-guide.html,knowledge-center,راهنمای انواع گسکت صنعتی؛ انتخاب بر اساس کلاس، دما و سیال,57,راهنمای کامل گسکت‌های صنعتی: غیرفلزی، مارپیچ، کمدپروفایل و رینگ‌جوی؛ ساختار هر نوع، معیارهای انتخاب بر اساس کلاس فشاری و سیال، و اشتباهات رایج نصب.,147,https://pishtaj.ir/knowledge-center/gasket-types-guide.html,"index, follow",راهنمای انواع گسکت صنعتی — انتخاب بر اساس کلاس، دما و سیال,1,12,1158,2,0,20,BreadcrumbList|Article|FAQPage,fa-IR|x-default,fa,sitemap-knowledge-center.xml,25.9,
knowledge-center/gate-valve-complete-guide.html,https://pishtaj.ir/knowledge-center/gate-valve-complete-guide.html,knowledge-center,راهنمای جامع شیر دروازه‌ای (گیت ولو)؛ انواع، استانداردها و انتخاب,65,راهنمای کامل شیر دروازه‌ای: انواع گوه و موازی، ساقه رو و نهفته، بدنه و بونت، استانداردها، محدوده کاربرد و نکات انتخاب برای سرویس‌های قطع و وصل خطوط فرایندی و انتقال.,165,https://pishtaj.ir/knowledge-center/gate-valve-complete-guide.html,"index, follow",راهنمای جامع شیر دروازه‌ای — انواع، استانداردها و نکات انتخاب,1,10,1153,2,0,20,BreadcrumbList|Article|FAQPage,fa-IR|x-default,fa,sitemap-knowledge-center.xml,26.6,
knowledge-center/gearbox-handwheel-worm-gear.html,https://pishtaj.ir/knowledge-center/gearbox-handwheel-worm-gear.html,knowledge-center,راهنمای گیربکس شیرآلات؛ چرخ‌دنده کرمی و فلکه دستی,49,راهنمای گیربکس شیرآلات: چرا به گیربکس نیاز داریم، انواع چرخ‌دنده کرمی و مخروطی، نسبت انتقال، انتخاب بر اساس گشتاور و نکات نگهداری و استعلام.,140,https://pishtaj.ir/knowledge-center/gearbox-handwheel-worm-gear.html,"index, follow",گیربکس شیرآلات (Gearbox)؛ چرخ‌دنده کرمی و فلکه دستی,1,10,1154,2,0,19,BreadcrumbList|Article|FAQPage,fa-IR|x-default,fa,sitemap-knowledge-center.xml,25.1,
knowledge-center/ghz-80.html,https://pishtaj.ir/knowledge-center/ghz-80.html,knowledge-center,ترانسمیتر سطح راداری 80 گیگاهرتز؛ چرا فرکانس بالا مهم است؟,58,راهنمای ترانسمیتر سطح راداری 80 گیگاهرتز: مزایای پرتو باریک و فرکانس بالا، کاربرد در مخازن کوچک و محیط‌های پیچیده و نکات انتخاب و استعلام خرید.,143,https://pishtaj.ir/knowledge-center/ghz-80.html,"index, follow",ترانسمیتر سطح راداری 80 گیگاهرتز,1,10,1127,2,0,19,BreadcrumbList|Article|FAQPage,fa-IR|x-default,fa,sitemap-knowledge-center.xml,25.7,
knowledge-center/globe-angle-valve.html,https://pishtaj.ir/knowledge-center/globe-angle-valve.html,knowledge-center,مقایسه شیر گلوب و انگل؛ کدام طرح برای کدام سرویس؟,49,مقایسه فنی شیر گلوب و انگل: ساختار، مسیر جریان، افت فشار، کاربردها و معیارهای انتخاب. راهنمای عملی برای تصمیم‌گیری بین این دو طرح شیر سوزنی.,140,https://pishtaj.ir/knowledge-center/globe-angle-valve.html,"index, follow",مقایسه شیر گلوب و انگل — انتخاب بر اساس سرویس,1,10,1160,2,0,19,BreadcrumbList|Article|FAQPage,fa-IR|x-default,fa,sitemap-knowledge-center.xml,24.9,
knowledge-center/globe-gate-valve.html,https://pishtaj.ir/knowledge-center/globe-gate-valve.html,knowledge-center,مقایسه شیر گلوب و گیت؛ کدام شیر برای کدام نقطه از خط؟,53,مقایسه فنی شیر گلوب و گیت: ساختار، افت فشار، قابلیت تنظیم جریان، آب‌بندی و کاربردها. راهنمای عملی انتخاب بین این دو شیر پرکاربرد صنعتی برای هر سرویس.,149,https://pishtaj.ir/knowledge-center/globe-gate-valve.html,"index, follow",مقایسه شیر گلوب و گیت — انتخاب بر اساس سرویس,1,10,1168,2,0,19,BreadcrumbList|Article|FAQPage,fa-IR|x-default,fa,sitemap-knowledge-center.xml,24.9,
knowledge-center/globe-valve-complete-guide.html,https://pishtaj.ir/knowledge-center/globe-valve-complete-guide.html,knowledge-center,راهنمای جامع شیر گلوب (شیر کروی)؛ انواع، انتخاب و نصب,53,راهنمای کامل شیر گلوب: ساختار و انواع دیسک، طرح‌های بدنه، معیارهای انتخاب برای کنترل و قطع جریان، نکات نصب و مدارک تست برای استعلام خرید صنعتی.,143,https://pishtaj.ir/knowledge-center/globe-valve-complete-guide.html,"index, follow",راهنمای جامع شیر گلوب (Globe Valve),1,11,1143,2,0,19,BreadcrumbList|Article|FAQPage,fa-IR|x-default,fa,sitemap-knowledge-center.xml,24.4,
knowledge-center/guided-wave-non-contact.html,https://pishtaj.ir/knowledge-center/guided-wave-non-contact.html,knowledge-center,سطح‌سنج راداری | پیشرو تجهیز فرتاک,34,سطح‌سنج راداری — Guided Wave و Non-Contact؛ کاربردها، استانداردهای کلیدی، نکات انتخاب فنی، قیمت و مسیر استعلام برای پروژه‌های صنعتی و EPC.,138,https://pishtaj.ir/knowledge-center/kc-level-measurement-6-methods.html,"noindex, follow",سطح‌سنج راداری — Guided Wave و Non-Contact,1,8,1691,2,0,35,Article|BreadcrumbList|FAQPage,fa-IR|x-default,fa,,34.1,canonical-mismatch|noindex|not-in-sitemap
knowledge-center/hart-calibration-training.html,https://pishtaj.ir/knowledge-center/hart-calibration-training.html,knowledge-center,آموزش کالیبراسیون HART در ابزار دقیق صنعتی | پیشرو تجهیز فرتاک,62,مقاله تخصصی آموزش کالیبراسیون HART در ابزار دقیق صنعتی — راهنمای جامع برای مهندسان و کارشناسان خرید تجهیزات صنعتی؛ همراه نکات قیمت و مسیر استعلام.,146,https://pishtaj.ir/knowledge-center/hart-calibration-training.html,,آموزش کالیبراسیون HART در ابزار دقیق صنعتی,1,10,1854,2,0,37,Article|BreadcrumbList|FAQPage,fa-IR|x-default,fa,sitemap-knowledge-center.xml,38.5,
knowledge-center/hart-protocol-complete-guide.html,https://pishtaj.ir/knowledge-center/hart-protocol-complete-guide.html,knowledge-center,راهنمای کامل پروتکل (HART) در ابزار دقیق صنعتی,46,راهنمای پروتکل (HART): انتقال هم‌زمان سیگنال آنالوگ و دیجیتال روی یک سیم، نسخه‌ها، ابزارهای پیکربندی، مولتی‌دراپ و نکات استفاده در پروژه‌های صنعتی.,147,https://pishtaj.ir/knowledge-center/hart-protocol-complete-guide.html,"index, follow",راهنمای کامل پروتکل (HART) در ابزار دقیق صنعتی,1,9,1149,2,0,19,BreadcrumbList|Article|FAQPage,fa-IR|x-default,fa,sitemap-knowledge-center.xml,25.7,
knowledge-center/high-pressure-equipment-guide.html,https://pishtaj.ir/knowledge-center/high-pressure-equipment-guide.html,knowledge-center,راهنمای تجهیزات فشار قوی و فوق‌العاده صنعتی | پیشرو تجهیز فرتاک,63,مقاله تخصصی راهنمای تجهیزات فشار قوی و فوق‌العاده صنعتی — راهنمای جامع برای مهندسان و کارشناسان خرید تجهیزات صنعتی؛ همراه نکات قیمت و مسیر استعلام.,147,https://pishtaj.ir/knowledge-center/high-pressure-equipment-guide.html,,راهنمای تجهیزات فشار قوی و فوق‌العاده صنعتی,1,10,1872,2,0,39,Article|BreadcrumbList|FAQPage,fa-IR|x-default,fa,sitemap-knowledge-center.xml,39.1,
knowledge-center/high-temperature.html,https://pishtaj.ir/knowledge-center/high-temperature.html,knowledge-center,انتخاب شیر برای دمای بالا؛ متریال، طراحی و الزامات,50,راهنمای انتخاب شیر برای سرویس‌های دمای بالا: متریال‌های آلیاژی و مقاومت خزشی، الزامات پکینگ و بونت، تغییر کلاس فشاری با دما و نکات استعلام خرید.,144,https://pishtaj.ir/knowledge-center/high-temperature.html,"index, follow",انتخاب شیر برای دمای بالا (High Temperature),1,11,1155,2,0,19,BreadcrumbList|Article|FAQPage,fa-IR|x-default,fa,sitemap-knowledge-center.xml,25.3,
knowledge-center/hplc-gc.html,https://pishtaj.ir/knowledge-center/hplc-gc.html,knowledge-center,راهنمای تجهیزات (HPLC) و (GC) در آزمایشگاه صنعتی,48,راهنمای کروماتوگرافی مایع (HPLC) و گازی (GC): اصل جداسازی، اجزای سیستم، کاربردها در آزمایشگاه‌های صنعتی و نکات انتخاب و خرید تجهیزات آزمایشگاهی.,144,https://pishtaj.ir/knowledge-center/hplc-gc.html,"index, follow",راهنمای تجهیزات (HPLC) و (GC) در آزمایشگاه,1,9,1141,2,0,19,BreadcrumbList|Article|FAQPage,fa-IR|x-default,fa,sitemap-knowledge-center.xml,25.2,
knowledge-center/hydrostatic-level-transmitter.html,https://pishtaj.ir/knowledge-center/hydrostatic-level-transmitter.html,knowledge-center,راهنمای ترانسمیتر سطح هیدرواستاتیک صنعتی | پیشرو تجهیز فرتاک,60,مقاله تخصصی راهنمای ترانسمیتر سطح هیدرواستاتیک صنعتی — راهنمای جامع برای مهندسان و کارشناسان خرید تجهیزات صنعتی؛ همراه نکات قیمت و مسیر استعلام.,144,https://pishtaj.ir/knowledge-center/hydrostatic-level-transmitter.html,,راهنمای ترانسمیتر سطح هیدرواستاتیک صنعتی,1,10,1838,2,0,37,Article|BreadcrumbList|FAQPage,fa-IR|x-default,fa,sitemap-knowledge-center.xml,38.4,
knowledge-center/hydrostatic-test-pipe-guide.html,https://pishtaj.ir/knowledge-center/hydrostatic-test-pipe-guide.html,knowledge-center,تست هیدرواستاتیک لوله؛ فشار تست، زمان نگه‌داشت و چک‌لیست,56,راهنمای تست فشار خطوط پایپینگ طبق ASME B31.3: فشار تست هیدرواستاتیک و پنوماتیک، زمان نگه‌داشت، کیفیت آب و کلرید، گیج‌ها، نکات ایمنی و مدارک مورد نیاز تست.,154,https://pishtaj.ir/knowledge-center/hydrostatic-test-pipe-guide.html,,راهنمای تست هیدرواستاتیک لوله — استانداردها,1,17,2555,2,0,37,Article|BreadcrumbList|FAQPage,fa-IR|x-default,fa,sitemap-knowledge-center.xml,48.2,
knowledge-center/incoterms-2024.html,https://pishtaj.ir/knowledge-center/incoterms-2024.html,knowledge-center,Incoterms 2024 | پیشرو تجهیز فرتاک,34,Incoterms 2024 — راهنمای کامل؛ کاربردها، استانداردهای کلیدی، نکات انتخاب فنی، قیمت و مسیر استعلام برای پروژه‌های صنعتی و EPC.,125,https://pishtaj.ir/knowledge-center/kc-incoterms-2024.html,"noindex, follow",Incoterms 2024 — راهنمای کامل,1,9,1721,2,0,40,Article|BreadcrumbList|FAQPage,fa-IR|x-default,fa,,35.5,canonical-mismatch|noindex|not-in-sitemap
knowledge-center/incoterms-industrial-trade-guide.html,https://pishtaj.ir/knowledge-center/incoterms-industrial-trade-guide.html,knowledge-center,راهنمای Incoterms 2024 در تجارت بین‌المللی صنعتی,48,مقاله تخصصی راهنمای Incoterms 2024 در تجارت بین‌المللی صنعتی — راهنمای جامع برای مهندسان و کارشناسان خرید تجهیزات صنعتی؛ همراه نکات قیمت و مسیر استعلام.,152,https://pishtaj.ir/knowledge-center/incoterms-industrial-trade-guide.html,,راهنمای Incoterms 2024 در تجارت بین‌المللی صنعتی,1,10,1854,2,0,39,Article|BreadcrumbList|FAQPage,fa-IR|x-default,fa,sitemap-knowledge-center.xml,38.8,
knowledge-center/index.html,https://pishtaj.ir/knowledge-center/index.html,knowledge-center,مرکز دانش تجهیزات صنعتی و استانداردها | پیشرو تجهیز فرتاک,57,مرکز دانش فنی تجهیزات صنعتی شامل راهنماهای پایپینگ، شیرآلات، ابزار دقیق، برق، پمپ و استانداردهای API/ASME/ASTM به‌همراه نکات خرید پروژه‌ای.,139,https://pishtaj.ir/knowledge-center/,"index, follow",مرکز دانش فنی و مهندسی تجهیزات صنعتی,1,2,3761,2,0,482,BreadcrumbList|CollectionPage|Organization,fa-IR|x-default,fa,sitemap-knowledge-center.xml,188.6,
knowledge-center/industrial-cable-selection-guide.html,https://pishtaj.ir/knowledge-center/industrial-cable-selection-guide.html,knowledge-center,راهنمای انتخاب کابل صنعتی (Power Cable) | پیشرو تجهیز فرتاک,59,مقاله تخصصی راهنمای انتخاب کابل صنعتی (Power Cable) — راهنمای جامع برای مهندسان و کارشناسان خرید تجهیزات صنعتی؛ همراه نکات قیمت و مسیر استعلام.,143,https://pishtaj.ir/knowledge-center/industrial-cable-selection-guide.html,,راهنمای انتخاب کابل صنعتی (Power Cable),1,10,1834,2,0,35,Article|BreadcrumbList|FAQPage,fa-IR|x-default,fa,sitemap-knowledge-center.xml,37.6,
knowledge-center/industrial-customs-clearance-guide.html,https://pishtaj.ir/knowledge-center/industrial-customs-clearance-guide.html,knowledge-center,راهنمای ترخیص گمرکی کالاهای صنعتی | پیشرو تجهیز فرتاک,53,مقاله تخصصی راهنمای ترخیص گمرکی کالاهای صنعتی — راهنمای جامع برای مهندسان و کارشناسان خرید تجهیزات صنعتی؛ همراه نکات قیمت و مسیر استعلام.,137,https://pishtaj.ir/knowledge-center/kc-customs-clearance.html,"noindex, follow",راهنمای ترخیص گمرکی کالاهای صنعتی,1,10,1780,2,0,39,Article|BreadcrumbList|FAQPage,fa-IR|x-default,fa,,36.4,canonical-mismatch|noindex|not-in-sitemap
knowledge-center/industrial-grounding-guide.html,https://pishtaj.ir/knowledge-center/industrial-grounding-guide.html,knowledge-center,راهنمای سیستم اتصال زمین (Grounding) صنعتی | پیشرو تجهیز فرتاک,62,مقاله تخصصی راهنمای سیستم اتصال زمین (Grounding) صنعتی — راهنمای جامع برای مهندسان و کارشناسان خرید تجهیزات صنعتی؛ همراه نکات قیمت و مسیر استعلام.,146,https://pishtaj.ir/knowledge-center/kc-earthing.html,"noindex, follow",راهنمای سیستم اتصال زمین (Grounding) صنعتی,1,9,1735,2,0,33,Article|BreadcrumbList|FAQPage,fa-IR|x-default,fa,,34.3,canonical-mismatch|noindex|not-in-sitemap
knowledge-center/industrial-procurement-documentation-guide.html,https://pishtaj.ir/knowledge-center/industrial-procurement-documentation-guide.html,knowledge-center,راهنمای مدارک خرید تجهیزات صنعتی؛ MTC، COC، TPI و Data Book,59,راهنمای کاربردی مدارک خرید تجهیزات صنعتی شامل MTC، COC، ITP، TPI، دیتاشیت، تست ریپورت، کالیبراسیون و Data Book برای RFQ دقیق‌تر؛ همراه نکات قیمت و مسیر استعلام.,160,https://pishtaj.ir/knowledge-center/industrial-procurement-documentation-guide.html,"index, follow",راهنمای مدارک خرید تجهیزات صنعتی؛ از MTC تا Data Book,1,12,1707,1,0,25,Article|BreadcrumbList|FAQPage,fa-IR|x-default,fa,sitemap-knowledge-center.xml,29.4,
knowledge-center/industrial-valve-standards-guide.html,https://pishtaj.ir/knowledge-center/industrial-valve-standards-guide.html,knowledge-center,استانداردهای شیرآلات صنعتی؛ API 600، ASME B16.34 و ISO 5208,59,راهنمای جامع استانداردهای شیرآلات صنعتی — API 600/602/603/6D برای طراحی و ساخت، API 598 و ISO 5208 برای تست نشتی، API 607 برای تست آتش، ASME B16…,145,https://pishtaj.ir/knowledge-center/industrial-valve-standards-guide.html,"index, follow",استانداردهای شیرآلات صنعتی — API، ASME و ISO,1,9,652,2,0,34,BreadcrumbList|TechArticle|Article|FAQPage,fa-IR|x-default,fa,sitemap-knowledge-center.xml,25.6,
knowledge-center/instrument-calibration-standards.html,https://pishtaj.ir/knowledge-center/instrument-calibration-standards.html,knowledge-center,راهنمای استانداردهای کالیبراسیون ابزار دقیق | پیشرو تجهیز فرتاک,63,مقاله تخصصی راهنمای استانداردهای کالیبراسیون ابزار دقیق — راهنمای جامع برای مهندسان و کارشناسان خرید تجهیزات صنعتی؛ همراه نکات قیمت و مسیر استعلام.,147,https://pishtaj.ir/knowledge-center/instrument-calibration-standards.html,,راهنمای استانداردهای کالیبراسیون ابزار دقیق,1,10,1843,2,0,37,Article|BreadcrumbList|FAQPage,fa-IR|x-default,fa,sitemap-knowledge-center.xml,38.6,
knowledge-center/international-supply-contract-guide.html,https://pishtaj.ir/knowledge-center/international-supply-contract-guide.html,knowledge-center,راهنمای قراردادهای تامین بین‌المللی صنعتی | پیشرو تجهیز فرتاک,61,مقاله تخصصی راهنمای قراردادهای تامین بین‌المللی صنعتی — راهنمای جامع برای مهندسان و کارشناسان خرید تجهیزات صنعتی؛ همراه نکات قیمت و مسیر استعلام.,145,https://pishtaj.ir/knowledge-center/international-supply-contract-guide.html,,راهنمای قراردادهای تامین بین‌المللی صنعتی,1,10,1852,2,0,39,Article|BreadcrumbList|FAQPage,fa-IR|x-default,fa,sitemap-knowledge-center.xml,39.0,
knowledge-center/ip-rating-industrial-equipment-guide.html,https://pishtaj.ir/knowledge-center/ip-rating-industrial-equipment-guide.html,knowledge-center,راهنمای استاندارد IP در تجهیزات صنعتی | پیشرو تجهیز فرتاک,57,مقاله تخصصی راهنمای استاندارد IP در تجهیزات صنعتی — راهنمای جامع برای مهندسان و کارشناسان خرید تجهیزات صنعتی؛ همراه نکات قیمت و مسیر استعلام.,141,https://pishtaj.ir/knowledge-center/ip-rating-industrial-equipment-guide.html,,راهنمای استاندارد IP در تجهیزات صنعتی,1,10,1841,2,0,36,Article|BreadcrumbList|FAQPage,fa-IR|x-default,fa,sitemap-knowledge-center.xml,38.0,
knowledge-center/iso-9001.html,https://pishtaj.ir/knowledge-center/iso-9001.html,knowledge-center,ISO 9001 برای تامین‌کنندگان صنعتی | پیشرو تجهیز فرتاک,53,ISO 9001 برای تامین‌کنندگان صنعتی؛ کاربردها، استانداردهای کلیدی، نکات انتخاب فنی، قیمت و مسیر استعلام برای پروژه‌های صنعتی و EPC.,129,https://pishtaj.ir/knowledge-center/kc-technical-certifications-supplier-qualification.html,"noindex, follow",ISO 9001 برای تامین‌کنندگان صنعتی,1,8,1615,2,0,34,Article|BreadcrumbList|FAQPage,fa-IR|x-default,fa,,32.5,canonical-mismatch|noindex|not-in-sitemap
knowledge-center/kc-304-316.html,https://pishtaj.ir/knowledge-center/kc-304-316.html,knowledge-center,راهنمای کامل لوله‌های استینلس استیل 304 و 316؛ مشخصات و قیمت,60,راهنمای کامل لوله‌های استینلس استیل 304 و 316 — استانداردها، معیارهای انتخاب مهندسی، الزامات MTC و بازرسی و راهنمای استعلام و خرید در پروژه‌های نفت، گاز و پتروشیمی…,164,https://pishtaj.ir/knowledge-center/kc-304-316.html,"index, follow",راهنمای کامل لوله‌های استینلس استیل 304 و 316,1,12,1910,2,0,35,TechArticle|Article|BreadcrumbList|FAQPage,fa-IR|x-default,fa,sitemap-knowledge-center.xml,42.7,
knowledge-center/kc-304-vs-316-corrosion-resistance.html,https://pishtaj.ir/knowledge-center/kc-304-vs-316-corrosion-resistance.html,knowledge-center,مقاومت به خوردگی 304 و 316 | پیشرو تجهیز فرتاک,46,مقایسه فنی مقاومت به خوردگی حفره‌ای و شکافی استینلس استیل 304 و 316 با شاخص PREN، اثر مولیبدن، و ریسک Chloride Stress Corrosion Cracking برای انتخاب صحیح گرید…,159,https://pishtaj.ir/knowledge-center/kc-304-vs-316-corrosion-resistance.html,"index, follow",مقایسهٔ مقاومت به خوردگی حفره‌ای و شکافی — 304 در برابر 316,1,12,1728,2,0,33,BreadcrumbList|TechArticle|Article|FAQPage,fa-IR|x-default,fa,sitemap-knowledge-center.xml,37.7,
knowledge-center/kc-a106-api-5l-standard-selection-by-project.html,https://pishtaj.ir/knowledge-center/kc-a106-api-5l-standard-selection-by-project.html,knowledge-center,انتخاب استاندارد A106 یا API 5L بر اساس پروژه | پیشرو تجهیز فرتاک,65,راهنمای عملی انتخاب بین ASTM A106 Gr.B و API 5L Gr.B — تفاوت کاربرد پایپینگ داخل واحد و خط انتقال، هماهنگی با کد طراحی و الزامات PSL1/PSL2…,139,https://pishtaj.ir/knowledge-center/kc-a106-api-5l-standard-selection-by-project.html,"index, follow",راهنمای انتخاب استاندارد ASTM A106 یا API 5L بر اساس نوع پروژه,1,20,1821,2,0,33,BreadcrumbList|TechArticle|Article|FAQPage,fa-IR|x-default,fa,sitemap-knowledge-center.xml,39.6,
knowledge-center/kc-a106-mill-test-certificate-verification.html,https://pishtaj.ir/knowledge-center/kc-a106-mill-test-certificate-verification.html,knowledge-center,راستی‌آزمایی گواهی MTC لوله A106 Gr.B | پیشرو تجهیز فرتاک,57,راهنمای فنی راستی‌آزمایی گواهی تست کارخانه (MTC) لوله A106 Gr.B — تطبیق شمارهٔ هیت، انواع گواهی EN 10204، علائم جعل و نقش بازرسی TPI؛ همراه نکات قیمت و مسیر استعلام.,165,https://pishtaj.ir/knowledge-center/kc-a106-mill-test-certificate-verification.html,"index, follow",راهنمای راستی‌آزمایی گواهی تست کارخانه (MTC) لولهٔ A106 Gr.B,1,19,1826,2,0,33,BreadcrumbList|TechArticle|Article|FAQPage,fa-IR|x-default,fa,sitemap-knowledge-center.xml,40.1,
knowledge-center/kc-a179-tube-expansion-rolling-procedure.html,https://pishtaj.ir/knowledge-center/kc-a179-tube-expansion-rolling-procedure.html,knowledge-center,اتصال لولهٔ A179 به Tube Sheet با Rolling | پیشرو تجهیز فرتاک,61,راهنمای اجرایی اتصال لولهٔ A179 به صفحهٔ لولهٔ مبدل حرارتی با روش Tube Rolling — مراحل گام‌به‌گام، کنترل درصد گسترش، شیار آب‌بندی و تست کیفیت اتصال…,148,https://pishtaj.ir/knowledge-center/kc-a179-tube-expansion-rolling-procedure.html,"index, follow",راهنمای رویهٔ اتصال لولهٔ A179 به Tube Sheet با روش Tube Rolling,1,22,1880,2,0,39,BreadcrumbList|TechArticle|Article|FAQPage,fa-IR|x-default,fa,sitemap-knowledge-center.xml,41.8,
knowledge-center/kc-a333-low-temperature-impact-testing.html,https://pishtaj.ir/knowledge-center/kc-a333-low-temperature-impact-testing.html,knowledge-center,تست ضربهٔ دمای پایین لولهٔ A333 Gr.6 | پیشرو تجهیز فرتاک,56,راهنمای فنی تست ضربهٔ چارپی دمای پایین لولهٔ A333 Gr.6 — دمای تست، حداقل انرژی جذب، جهت‌گیری نمونه و تمایز با نیاز واقعی پروژه‌های LNG…,135,https://pishtaj.ir/knowledge-center/kc-a333-low-temperature-impact-testing.html,"index, follow",راهنمای تست ضربهٔ دمای پایین (Low Temperature Impact Test) لولهٔ A333 Gr.6,1,21,1872,2,0,33,BreadcrumbList|TechArticle|Article|FAQPage,fa-IR|x-default,fa,sitemap-knowledge-center.xml,40.4,
knowledge-center/kc-a335-p11-p22-p91-pipe.html,https://pishtaj.ir/knowledge-center/kc-a335-p11-p22-p91-pipe.html,knowledge-center,لوله آلیاژی A335 P11 و P22 و P91؛ متریال و PWHT,47,"راهنمای لوله آلیاژی ASTM A335 P11, P22, P91: ترکیب شیمیایی، دمای کاری، الزامات جوشکاری و عملیات حرارتی پس از جوش برای خطوط بخار و سرویس دمای بالا.",146,https://pishtaj.ir/knowledge-center/kc-a335-p11-p22-p91-pipe.html,"index, follow","لوله آلیاژی A335 P11, P22, P91 — متریال و عملیات حرارتی",1,8,765,2,0,21,BreadcrumbList|Article|FAQPage,fa-IR|x-default,fa,sitemap-knowledge-center.xml,21.4,
knowledge-center/kc-a335-p11-p22-p91-welding-procedure.html,https://pishtaj.ir/knowledge-center/kc-a335-p11-p22-p91-welding-procedure.html,knowledge-center,جوشکاری لوله آلیاژی A335 P11/P22/P91 | پیشرو تجهیز فرتاک,56,راهنمای فنی الزامات پیش‌گرمایش و WPS/PQR جوشکاری لوله‌های آلیاژی A335 گرید P11، P22 و P91، کنترل دمای بین‌پاسی و پیشگیری از ترک هیدروژنی تاخیری…,144,https://pishtaj.ir/knowledge-center/kc-a335-p11-p22-p91-welding-procedure.html,"index, follow",الزامات دستورالعمل جوشکاری و پیش‌گرمایش لوله‌های آلیاژی A335,1,12,1772,2,0,33,BreadcrumbList|TechArticle|Article|FAQPage,fa-IR|x-default,fa,sitemap-knowledge-center.xml,38.6,
knowledge-center/kc-a335-pwht-post-weld-heat-treatment.html,https://pishtaj.ir/knowledge-center/kc-a335-pwht-post-weld-heat-treatment.html,knowledge-center,عملیات حرارتی پس از جوش (PWHT) لوله A335 | پیشرو تجهیز فرتاک,60,راهنمای فنی PWHT لوله‌های آلیاژی ASTM A335 — محدودهٔ دمای هر گرید از P5 تا P91، نقش پیش‌گرمایش، زمان نگه‌داری و آزمایش سختی پس از عملیات…,137,https://pishtaj.ir/knowledge-center/kc-a335-pwht-post-weld-heat-treatment.html,"index, follow",راهنمای عملیات حرارتی پس از جوش (PWHT) لوله‌های آلیاژی ASTM A335,1,18,1818,2,0,33,BreadcrumbList|TechArticle|Article|FAQPage,fa-IR|x-default,fa,sitemap-knowledge-center.xml,39.1,
knowledge-center/kc-a335.html,https://pishtaj.ir/knowledge-center/kc-a335.html,knowledge-center,راهنمای کامل لوله‌های آلیاژی کروم-مولیبدن A335,46,راهنمای کامل لوله‌های آلیاژی کروم-مولیبدن A335 — استانداردها، معیارهای انتخاب مهندسی، الزامات MTC و بازرسی و راهنمای استعلام و خرید در پروژه‌های نفت…,149,https://pishtaj.ir/knowledge-center/kc-a335.html,"index, follow",راهنمای کامل لوله‌های آلیاژی کروم-مولیبدن A335,1,12,1921,2,0,37,Article|BreadcrumbList|FAQPage,fa-IR|x-default,fa,sitemap-knowledge-center.xml,43.0,
knowledge-center/kc-a53-vs-a106-selection-criteria.html,https://pishtaj.ir/knowledge-center/kc-a53-vs-a106-selection-criteria.html,knowledge-center,معیار انتخاب بین لولهٔ ASTM A53 و A106 Gr.B | پیشرو تجهیز فرتاک,63,راهنمای مقایسه‌ای انتخاب بین لولهٔ ASTM A53 Gr.B و A106 Gr.B — تفاوت دامنهٔ کاربرد رسمی، الزام Seamless برای سرویس دمای بالا و تحلیل اقتصادی انتخاب صحیح…,153,https://pishtaj.ir/knowledge-center/kc-a53-vs-a106-selection-criteria.html,"index, follow",راهنمای معیار انتخاب بین لولهٔ ASTM A53 Gr.B و A106 Gr.B,1,21,1841,2,0,39,BreadcrumbList|TechArticle|Article|FAQPage,fa-IR|x-default,fa,sitemap-knowledge-center.xml,41.2,
knowledge-center/kc-actuator-fail-safe-position-guide.html,https://pishtaj.ir/knowledge-center/kc-actuator-fail-safe-position-guide.html,knowledge-center,انتخاب وضعیت ایمن Fail-Safe محرک شیرآلات | پیشرو تجهیز فرتاک,60,راهنمای فنی تعیین وضعیت ایمن Fail-Open/Fail-Close/Fail-Last محرک شیرآلات — تحلیل بر اساس HAZOP، محاسبه Stroke Time و تست دوره‌ای Partial Stroke برای شیرهای ایمنی…,162,https://pishtaj.ir/knowledge-center/kc-actuator-fail-safe-position-guide.html,"index, follow",راهنمای انتخاب وضعیت ایمن (Fail-Safe Position) محرک شیرآلات,1,19,1919,2,0,35,BreadcrumbList|TechArticle|Article|FAQPage,fa-IR|x-default,fa,sitemap-knowledge-center.xml,41.1,
knowledge-center/kc-actuator.html,https://pishtaj.ir/knowledge-center/kc-actuator.html,knowledge-center,راهنمای کامل انتخاب محرک (Actuator) برای شیرآلات,48,راهنمای کامل انتخاب محرک (Actuator) برای شیرآلات — استانداردها، معیارهای انتخاب مهندسی، الزامات MTC و بازرسی و راهنمای استعلام و خرید در پروژه‌های نفت…,151,https://pishtaj.ir/knowledge-center/kc-actuator.html,"index, follow",راهنمای کامل انتخاب محرک (Actuator) برای شیرآلات,1,12,1989,2,0,37,TechArticle|Article|BreadcrumbList|FAQPage,fa-IR|x-default,fa,sitemap-knowledge-center.xml,44.3,
knowledge-center/kc-air-cooled-fin-fan-selection-guide.html,https://pishtaj.ir/knowledge-center/kc-air-cooled-fin-fan-selection-guide.html,knowledge-center,انتخاب فن مبدل هوایی Air Cooled برای اقلیم گرم,46,راهنمای فنی انتخاب فن و پره مبدل حرارتی هوایی — مقایسه Forced Draft و Induced Draft، محاسبه افت فشار هوا در دمای بالا و انتخاب پوشش ضدخوردگی برای مناطق ساحلی ایران…,164,https://pishtaj.ir/knowledge-center/kc-air-cooled-fin-fan-selection-guide.html,"index, follow",راهنمای انتخاب فن مبدل هوایی (Air Cooled) برای اقلیم گرم ایران,1,11,1863,2,0,33,BreadcrumbList|TechArticle|Article|FAQPage,fa-IR|x-default,fa,sitemap-knowledge-center.xml,38.5,
knowledge-center/kc-air-cooled.html,https://pishtaj.ir/knowledge-center/kc-air-cooled.html,knowledge-center,راهنمای کامل مبدل‌های حرارتی هوایی (Air Cooled),47,راهنمای کامل مبدل‌های حرارتی هوایی (Air Cooled) — استانداردها، معیارهای انتخاب مهندسی، الزامات MTC و بازرسی و راهنمای استعلام و خرید در پروژه‌های نفت…,150,https://pishtaj.ir/knowledge-center/kc-air-cooled.html,"index, follow",راهنمای کامل مبدل‌های حرارتی هوایی (Air Cooled),1,11,1736,2,0,35,Article|BreadcrumbList|FAQPage,fa-IR|x-default,fa,sitemap-knowledge-center.xml,40.0,
knowledge-center/kc-amine-unit-foaming-corrosion-problems.html,https://pishtaj.ir/knowledge-center/kc-amine-unit-foaming-corrosion-problems.html,knowledge-center,مشکلات کف‌کردن و خوردگی واحد آمین | پیشرو تجهیز فرتاک,53,راهنمای فنی مشکلات کف‌کردن و خوردگی واحد شیرین‌سازی گاز آمین — علل کف‌کردن، نقاط بحرانی خوردگی، کنترل بارگذاری گاز اسیدی و پایش با کوپن خوردگی…,143,https://pishtaj.ir/knowledge-center/kc-amine-unit-foaming-corrosion-problems.html,"index, follow",راهنمای مشکلات کف‌کردن (Foaming) و خوردگی واحد آمین,1,22,1844,2,0,33,BreadcrumbList|TechArticle|Article|FAQPage,fa-IR|x-default,fa,sitemap-knowledge-center.xml,40.2,
knowledge-center/kc-ansi-50-51-87-21.html,https://pishtaj.ir/knowledge-center/kc-ansi-50-51-87-21.html,knowledge-center,راهنمای کامل رله‌های حفاظتی در تابلو برق؛ مشخصات و قیمت | پیشرو,63,"راهنمای کامل رله‌های حفاظتی در تابلو برق — ANSI 50, 51, 87, 21 — استانداردها، معیارهای انتخاب مهندسی، الزامات MTC و بازرسی و راهنمای استعلام و خرید در پروژه‌های…",161,https://pishtaj.ir/knowledge-center/kc-ansi-50-51-87-21.html,"index, follow","راهنمای کامل رله‌های حفاظتی در تابلو برق — ANSI 50, 51, 87, 21",1,11,1777,2,0,35,Article|BreadcrumbList|FAQPage,fa-IR|x-default,fa,sitemap-knowledge-center.xml,40.5,
knowledge-center/kc-api-598-iso-5208.html,https://pishtaj.ir/knowledge-center/kc-api-598-iso-5208.html,knowledge-center,راهنمای کامل تست نشتی شیرآلات؛ مشخصات و قیمت | پیشرو تجهیز فرتاک,64,راهنمای کامل تست نشتی شیرآلات — API 598 و ISO 5208 — استانداردها، معیارهای انتخاب مهندسی، الزامات MTC و بازرسی و راهنمای استعلام و خرید در پروژه‌های نفت…,153,https://pishtaj.ir/knowledge-center/kc-api-598-iso-5208.html,"index, follow",راهنمای کامل تست نشتی شیرآلات — API 598 و ISO 5208,1,12,1927,2,0,35,Article|BreadcrumbList|FAQPage,fa-IR|x-default,fa,sitemap-knowledge-center.xml,41.9,
knowledge-center/kc-api-5l-psl-charpy-impact-test.html,https://pishtaj.ir/knowledge-center/kc-api-5l-psl-charpy-impact-test.html,knowledge-center,تست ضربه شارپی لوله API 5L PSL2 | پیشرو تجهیز فرتاک,51,راهنمای فنی تست ضربه شارپی (Charpy V-Notch) لوله API 5L PSL2، الزامات دمای تست بر اساس سرویس، معیار پذیرش، و تفاوت چقرمگی فلز پایه با منطقه جوش HAZ…,148,https://pishtaj.ir/knowledge-center/kc-api-5l-psl-charpy-impact-test.html,"index, follow",الزامات تست ضربهٔ شارپی برای لوله‌های API 5L PSL2,1,13,1771,2,0,33,BreadcrumbList|TechArticle|Article|FAQPage,fa-IR|x-default,fa,sitemap-knowledge-center.xml,37.4,
knowledge-center/kc-api-5l-psl1-psl2.html,https://pishtaj.ir/knowledge-center/kc-api-5l-psl1-psl2.html,knowledge-center,راهنمای کامل لوله‌های بدون درز API 5L PSL1 و PSL2,49,راهنمای کامل لوله‌های بدون درز API 5L PSL1 و PSL2 — استانداردها، معیارهای انتخاب مهندسی، الزامات MTC و بازرسی و راهنمای استعلام و خرید در پروژه‌های نفت…,152,https://pishtaj.ir/knowledge-center/kc-api-5l-psl1-psl2.html,"index, follow",راهنمای کامل لوله‌های بدون درز API 5L PSL1 و PSL2,1,12,1982,2,0,35,TechArticle|Article|BreadcrumbList|FAQPage,fa-IR|x-default,fa,sitemap-knowledge-center.xml,42.7,
knowledge-center/kc-api-5l-psl2-sour-service-nace-requirements.html,https://pishtaj.ir/knowledge-center/kc-api-5l-psl2-sour-service-nace-requirements.html,knowledge-center,لوله NACE (سرویس ترش)؛ الزامات MR0175 برای API 5L PSL2 | پیشرو,62,راهنمای فنی الزامات اضافی سرویس گاز ترش برای لولهٔ API 5L PSL2 طبق NACE MR0175/ISO 15156 — مکانیزم SSC/HIC، محدودیت سختی و آزمایش‌های اضافی موردنیاز…,149,https://pishtaj.ir/knowledge-center/kc-api-5l-psl2-sour-service-nace-requirements.html,"index, follow",راهنمای الزامات سرویس ترش (Sour Service) طبق NACE برای لولهٔ API 5L PSL2,1,21,1871,2,0,35,BreadcrumbList|TechArticle|Article|FAQPage,fa-IR|x-default,fa,sitemap-knowledge-center.xml,39.2,
knowledge-center/kc-api-5l-x60-pipeline-design-factor.html,https://pishtaj.ir/knowledge-center/kc-api-5l-x60-pipeline-design-factor.html,knowledge-center,ضریب طراحی لولهٔ API 5L X60 طبق ASME B31.8 | پیشرو تجهیز فرتاک,62,راهنمای محاسباتی ضخامت دیواره و ضریب طراحی لولهٔ API 5L X60 برای خط انتقال — فرمول Barlow، کلاس مکانی، مثال عددی و فشار تست هیدرواستاتیک طبق ASME B31.8…,152,https://pishtaj.ir/knowledge-center/kc-api-5l-x60-pipeline-design-factor.html,"index, follow",راهنمای محاسبهٔ ضریب طراحی (Design Factor) لولهٔ API 5L X60,1,19,1754,2,0,33,BreadcrumbList|TechArticle|Article|FAQPage,fa-IR|x-default,fa,sitemap-knowledge-center.xml,38.8,
knowledge-center/kc-api-610-pump-curve-reading-guide.html,https://pishtaj.ir/knowledge-center/kc-api-610-pump-curve-reading-guide.html,knowledge-center,خواندن منحنی پمپ API 610 | پیشرو تجهیز فرتاک,44,راهنمای فنی خواندن منحنی پمپ سانتریفیوژ API 610 شامل BEP، مقایسه NPSH Available و Required، منحنی سیستم و اثر VFD بر عملکرد پمپ برای جلوگیری از کاویتاسیون…,155,https://pishtaj.ir/knowledge-center/kc-api-610-pump-curve-reading-guide.html,"index, follow",راهنمای خواندن منحنی پمپ (Pump Curve) برای پمپ‌های سانتریفیوژ API 610,1,12,1844,2,0,35,BreadcrumbList|TechArticle|Article|FAQPage,fa-IR|x-default,fa,sitemap-knowledge-center.xml,39.2,
knowledge-center/kc-api-610.html,https://pishtaj.ir/knowledge-center/kc-api-610.html,knowledge-center,راهنمای کامل پمپ‌های سانتریفیوژ فرایندی API 610,47,راهنمای کامل پمپ‌های سانتریفیوژ فرایندی API 610 — استانداردها، معیارهای انتخاب مهندسی، الزامات MTC و بازرسی و راهنمای استعلام و خرید در پروژه‌های نفت…,150,https://pishtaj.ir/knowledge-center/kc-api-610.html,"index, follow",راهنمای کامل پمپ‌های سانتریفیوژ فرایندی API 610,1,11,1808,2,0,37,TechArticle|Article|BreadcrumbList|FAQPage,fa-IR|x-default,fa,sitemap-knowledge-center.xml,42.5,
knowledge-center/kc-api-617-surge-control-antisurge.html,https://pishtaj.ir/knowledge-center/kc-api-617-surge-control-antisurge.html,knowledge-center,کنترل سرج کمپرسور API 617 | پیشرو تجهیز فرتاک,45,راهنمای فنی سیستم کنترل ضد سرج کمپرسور سانتریفیوژ API 617 شامل خط سرج، حاشیه ایمنی Control Line…,96,https://pishtaj.ir/knowledge-center/kc-api-617-surge-control-antisurge.html,"index, follow",کنترل سرج (Anti-Surge Control) در کمپرسورهای سانتریفیوژ API 617,1,13,1777,2,0,33,BreadcrumbList|TechArticle|Article|FAQPage,fa-IR|x-default,fa,sitemap-knowledge-center.xml,37.4,
knowledge-center/kc-api-617.html,https://pishtaj.ir/knowledge-center/kc-api-617.html,knowledge-center,راهنمای کامل کمپرسورهای سانتریفیوژ API 617؛ مشخصات و قیمت | پیشرو,65,راهنمای کامل کمپرسورهای سانتریفیوژ API 617 — استانداردها، معیارهای انتخاب مهندسی، الزامات MTC و بازرسی و راهنمای استعلام و خرید در پروژه‌های نفت، گاز و پتروشیمی…,161,https://pishtaj.ir/knowledge-center/kc-api-617.html,"index, follow",راهنمای کامل کمپرسورهای سانتریفیوژ API 617,1,11,1714,2,0,35,Article|BreadcrumbList|FAQPage,fa-IR|x-default,fa,sitemap-knowledge-center.xml,40.2,
knowledge-center/kc-api-618-vibration-pulsation-analysis.html,https://pishtaj.ir/knowledge-center/kc-api-618-vibration-pulsation-analysis.html,knowledge-center,ارتعاش و پالس کمپرسور API 618 | پیشرو تجهیز فرتاک,49,راهنمای فنی مطالعه پالسیشن (Pulsation Study) کمپرسورهای رفت‌وبرگشتی API 618، سطوح Design Approach، انتخاب میراگر پالس و علل شکست خستگی لوله ناشی از ارتعاش…,155,https://pishtaj.ir/knowledge-center/kc-api-618-vibration-pulsation-analysis.html,"index, follow",تحلیل ارتعاش و پالس در کمپرسورهای رفت‌وبرگشتی API 618,1,12,1769,2,0,33,BreadcrumbList|TechArticle|Article|FAQPage,fa-IR|x-default,fa,sitemap-knowledge-center.xml,38.9,
knowledge-center/kc-api-618.html,https://pishtaj.ir/knowledge-center/kc-api-618.html,knowledge-center,راهنمای کامل کمپرسورهای رفت و برگشتی API 618؛ مشخصات و قیمت,59,راهنمای کامل کمپرسورهای رفت و برگشتی API 618 — استانداردها، معیارهای انتخاب مهندسی، الزامات MTC و بازرسی و راهنمای استعلام و خرید در پروژه‌های نفت، گاز و پتروشیمی…,163,https://pishtaj.ir/knowledge-center/kc-api-618.html,"index, follow",راهنمای کامل کمپرسورهای رفت و برگشتی API 618,1,11,1745,2,0,35,Article|BreadcrumbList|FAQPage,fa-IR|x-default,fa,sitemap-knowledge-center.xml,40.2,
knowledge-center/kc-astm-a106-gr.html,https://pishtaj.ir/knowledge-center/kc-astm-a106-gr.html,knowledge-center,قیمت لوله A106 Gr.B؛ مشخصات فنی، کاربرد و نکات خرید,51,مشخصات کامل لوله ASTM A106 Gr.B: تنش تسلیم ۲۴۰ MPa، ترکیب شیمیایی، محدودیت دمایی، تفاوت با A53 و API 5L، گواهی MTC و چک‌لیست استعلام قیمت.,138,https://pishtaj.ir/knowledge-center/kc-astm-a106-gr.html,"index, follow",قیمت لوله A106 Gr.B؛ مشخصات فنی و نکات خرید,1,18,2549,2,0,39,Article|BreadcrumbList|FAQPage,fa-IR|x-default,fa,sitemap-knowledge-center.xml,52.9,
knowledge-center/kc-astm-a106-heat-treatment-requirements.html,https://pishtaj.ir/knowledge-center/kc-astm-a106-heat-treatment-requirements.html,knowledge-center,عملیات حرارتی Normalizing لوله A106 | پیشرو تجهیز فرتاک,55,راهنمای فنی عملیات حرارتی نرمالایزینگ لوله ASTM A106 Gr.B، اثر بر ریزساختار و چقرمگی، تشخیص نیاز واقعی پروژه، و روش تایید در گواهی MTC…,135,https://pishtaj.ir/knowledge-center/kc-astm-a106-heat-treatment-requirements.html,"index, follow",الزامات عملیات حرارتی (Normalizing) لوله ASTM A106 Gr.B,1,14,1800,2,0,33,BreadcrumbList|TechArticle|Article|FAQPage,fa-IR|x-default,fa,sitemap-knowledge-center.xml,38.9,
knowledge-center/kc-ball-valve-api-6d-fire-safe-design.html,https://pishtaj.ir/knowledge-center/kc-ball-valve-api-6d-fire-safe-design.html,knowledge-center,طراحی Fire-Safe شیر توپی API 6D | پیشرو تجهیز فرتاک,51,راهنمای فنی طراحی Fire-Safe شیر توپی API 6D — مکانیزم آب‌بندی ثانویهٔ فلزی-فلزی، استاندارد تست API 607/6FA و الزامات خرید برای مناطق پرخطر حریق…,144,https://pishtaj.ir/knowledge-center/kc-ball-valve-api-6d-fire-safe-design.html,"index, follow",راهنمای طراحی Fire-Safe شیر توپی API 6D,1,22,1914,2,0,40,BreadcrumbList|TechArticle|Article|FAQPage,fa-IR|x-default,fa,sitemap-knowledge-center.xml,41.7,
knowledge-center/kc-ball-valve-seat-material-selection.html,https://pishtaj.ir/knowledge-center/kc-ball-valve-seat-material-selection.html,knowledge-center,متریال نشیمنگاه شیر توپی Ball Valve | پیشرو تجهیز فرتاک,55,راهنمای فنی انتخاب متریال نشیمنگاه شیر توپی بر اساس دما و سیال، مقایسه PTFE و RPTFE، پدیده Cold Flow، و اهمیت طراحی Fire-Safe برای سرویس نفت و گاز…,147,https://pishtaj.ir/knowledge-center/kc-ball-valve-seat-material-selection.html,"index, follow",انتخاب متریال نشیمنگاه (Seat) شیر توپی بر اساس دما و سیال,1,13,1806,2,0,34,BreadcrumbList|TechArticle|Article|FAQPage,fa-IR|x-default,fa,sitemap-knowledge-center.xml,38.8,
knowledge-center/kc-ball-valve.html,https://pishtaj.ir/knowledge-center/kc-ball-valve.html,knowledge-center,راهنمای کامل شیرهای Ball Valve؛ مشخصات و قیمت | پیشرو تجهیز فرتاک,65,راهنمای کامل شیرهای Ball Valve — ساقه و محرک — استانداردها، معیارهای انتخاب مهندسی، الزامات MTC و بازرسی و راهنمای استعلام و خرید در پروژه‌های نفت، گاز و پتروشیمی…,163,https://pishtaj.ir/knowledge-center/kc-ball-valve.html,"index, follow",راهنمای کامل شیرهای Ball Valve — ساقه و محرک,1,12,1932,2,0,36,Article|BreadcrumbList|FAQPage,fa-IR|x-default,fa,sitemap-knowledge-center.xml,42.3,
knowledge-center/kc-bms-integration-fire-alarm-hvac.html,https://pishtaj.ir/knowledge-center/kc-bms-integration-fire-alarm-hvac.html,knowledge-center,یکپارچه‌سازی BMS با اعلام حریق و HVAC | پیشرو تجهیز فرتاک,57,راهنمای فنی یکپارچه‌سازی سیستم BMS با اعلام حریق و تهویه — پروتکل‌های ارتباطی، منطق کنترل دمپر و فن دود، کنترل دسترسی اضطراری و ماتریس علت و معلول…,147,https://pishtaj.ir/knowledge-center/kc-bms-integration-fire-alarm-hvac.html,"index, follow",راهنمای یکپارچه‌سازی BMS با سیستم اعلام حریق و HVAC,1,21,1869,2,0,33,BreadcrumbList|TechArticle|Article|FAQPage,fa-IR|x-default,fa,sitemap-knowledge-center.xml,40.4,
knowledge-center/kc-bms.html,https://pishtaj.ir/knowledge-center/kc-bms.html,knowledge-center,راهنمای کامل سیستم اتوماسیون ساختمان (BMS) صنعتی,48,راهنمای کامل سیستم اتوماسیون ساختمان (BMS) صنعتی — استانداردها، معیارهای انتخاب مهندسی، الزامات MTC و بازرسی و راهنمای استعلام و خرید در پروژه‌های نفت…,151,https://pishtaj.ir/knowledge-center/kc-bms.html,"index, follow",راهنمای کامل سیستم اتوماسیون ساختمان (BMS) صنعتی,1,11,1734,2,0,35,Article|BreadcrumbList|FAQPage,fa-IR|x-default,fa,sitemap-knowledge-center.xml,40.1,
knowledge-center/kc-boiler-water-treatment-scale-prevention.html,https://pishtaj.ir/knowledge-center/kc-boiler-water-treatment-scale-prevention.html,knowledge-center,تصفیهٔ آب بویلر و پیشگیری از رسوب‌گذاری | پیشرو تجهیز فرتاک,59,راهنمای فنی تصفیهٔ آب بویلر صنعتی — پیش‌تصفیه با نرم‌سازی و RO، مواد شیمیایی داخلی، بهینه‌سازی نرخ بلودان و آزمایش دورهٔ برای پیشگیری از رسوب‌گذاری…,148,https://pishtaj.ir/knowledge-center/kc-boiler-water-treatment-scale-prevention.html,"index, follow",راهنمای تصفیهٔ آب بویلر و پیشگیری از رسوب‌گذاری (Scale Prevention),1,21,1861,2,0,33,BreadcrumbList|TechArticle|Article|FAQPage,fa-IR|x-default,fa,sitemap-knowledge-center.xml,40.4,
knowledge-center/kc-butterfly-valve-offset.html,https://pishtaj.ir/knowledge-center/kc-butterfly-valve-offset.html,knowledge-center,راهنمای کامل شیرهای Butterfly Valve؛ مشخصات و قیمت | پیشرو تجهیز,64,راهنمای کامل شیرهای Butterfly Valve — انواع Offset — استانداردها، معیارهای انتخاب مهندسی، الزامات MTC و بازرسی و راهنمای استعلام و خرید در پروژه‌های نفت…,153,https://pishtaj.ir/knowledge-center/kc-butterfly-valve-offset.html,"index, follow",راهنمای کامل شیرهای Butterfly Valve — انواع Offset,1,12,1992,2,0,38,Article|BreadcrumbList|FAQPage,fa-IR|x-default,fa,sitemap-knowledge-center.xml,44.3,
knowledge-center/kc-butterfly-valve-torque-actuator-sizing.html,https://pishtaj.ir/knowledge-center/kc-butterfly-valve-torque-actuator-sizing.html,knowledge-center,گشتاور شیر Butterfly و انتخاب اکچویتور | پیشرو تجهیز فرتاک,58,راهنمای فنی محاسبه گشتاور شیر Butterfly شامل Break-to-Open Torque، Dynamic Torque، اثر فشار دیفرانسیل و ضریب ایمنی برای انتخاب صحیح اکچویتور پنوماتیک…,150,https://pishtaj.ir/knowledge-center/kc-butterfly-valve-torque-actuator-sizing.html,"index, follow",محاسبهٔ گشتاور شیر Butterfly برای انتخاب صحیح اکچویتور,1,13,1879,2,0,36,BreadcrumbList|TechArticle|Article|FAQPage,fa-IR|x-default,fa,sitemap-knowledge-center.xml,41.0,
knowledge-center/kc-cable-tray-cable-duct.html,https://pishtaj.ir/knowledge-center/kc-cable-tray-cable-duct.html,knowledge-center,راهنمای کامل کانال‌های کابل و سینی کابل صنعتی؛ مشخصات و قیمت,60,راهنمای کامل کانال‌های کابل و سینی کابل صنعتی — استانداردها، معیارهای انتخاب مهندسی، الزامات MTC و بازرسی و راهنمای استعلام و خرید در پروژه‌های نفت، گاز و پتروشیمی…,164,https://pishtaj.ir/knowledge-center/kc-cable-tray-cable-duct.html,"index, follow",راهنمای کامل کانال‌های کابل و سینی کابل صنعتی,1,11,1719,2,0,33,Article|BreadcrumbList|FAQPage,fa-IR|x-default,fa,sitemap-knowledge-center.xml,39.0,
knowledge-center/kc-cctv-camera-selection-hazardous-area.html,https://pishtaj.ir/knowledge-center/kc-cctv-camera-selection-hazardous-area.html,knowledge-center,انتخاب دوربین CCTV ضدانفجار برای مناطق خطرناک | پیشرو تجهیز فرتاک,65,راهنمای فنی انتخاب دوربین مداربسته ضدانفجار برای Zone 1 و Zone 2 پالایشگاه — تفاوت محفظه Ex-d و Ex-p، تطبیق گروه گاز و کلاس دما و یکپارچه‌سازی با ESD/F&amp;G…,158,https://pishtaj.ir/knowledge-center/kc-cctv-camera-selection-hazardous-area.html,"index, follow",راهنمای انتخاب دوربین مداربسته برای مناطق خطرناک (Hazardous Area),1,18,1844,2,0,33,BreadcrumbList|TechArticle|Article|FAQPage,fa-IR|x-default,fa,sitemap-knowledge-center.xml,39.4,
knowledge-center/kc-cctv.html,https://pishtaj.ir/knowledge-center/kc-cctv.html,knowledge-center,راهنمای کامل سیستم دوربین مداربسته صنعتی (CCTV),47,راهنمای کامل سیستم دوربین مداربسته صنعتی (CCTV) — استانداردها، معیارهای انتخاب مهندسی، الزامات MTC و بازرسی و راهنمای استعلام و خرید در پروژه‌های نفت…,150,https://pishtaj.ir/knowledge-center/kc-cctv.html,"index, follow",راهنمای کامل سیستم دوربین مداربسته صنعتی (CCTV),1,10,1693,2,0,35,Article|BreadcrumbList|FAQPage,fa-IR|x-default,fa,sitemap-knowledge-center.xml,38.1,
knowledge-center/kc-cement-industry-equipment.html,https://pishtaj.ir/knowledge-center/kc-cement-industry-equipment.html,knowledge-center,راهنمای کامل تجهیزات صنایع سیمان؛ مشخصات و قیمت | پیشرو تجهیز,61,راهنمای کامل تجهیزات صنایع سیمان — سنگ شکن تا بارگیری — استانداردها، معیارهای انتخاب مهندسی، الزامات MTC و بازرسی و راهنمای استعلام و خرید در پروژه‌های نفت…,156,https://pishtaj.ir/knowledge-center/kc-cement-industry-equipment.html,"index, follow",راهنمای کامل تجهیزات صنایع سیمان — سنگ شکن تا بارگیری,1,10,1711,2,0,35,Article|BreadcrumbList|FAQPage,fa-IR|x-default,fa,sitemap-knowledge-center.xml,37.1,
knowledge-center/kc-cement-kiln-refractory-lining-guide.html,https://pishtaj.ir/knowledge-center/kc-cement-kiln-refractory-lining-guide.html,knowledge-center,راهنمای نسوزکاری کورهٔ سیمان Kiln Refractory | پیشرو تجهیز فرتاک,64,راهنمای فنی انتخاب و نگهداری نسوز کورهٔ دوار سیمان — انواع آجر نسوز به تفکیک ناحیهٔ کوره، مکانیزم حلقهٔ نسوز، منحنی پیش‌گرمایش و پایش حرارتی پوسته…,147,https://pishtaj.ir/knowledge-center/kc-cement-kiln-refractory-lining-guide.html,"index, follow",راهنمای نسوزکاری کورهٔ سیمان (Kiln Refractory Lining),1,18,1821,2,0,33,BreadcrumbList|TechArticle|Article|FAQPage,fa-IR|x-default,fa,sitemap-knowledge-center.xml,39.8,
knowledge-center/kc-cf8-cf8m-casting-defects-inspection.html,https://pishtaj.ir/knowledge-center/kc-cf8-cf8m-casting-defects-inspection.html,knowledge-center,عیوب ریخته‌گری و بازرسی بدنهٔ شیر CF8/CF8M | پیشرو تجهیز فرتاک,62,راهنمای فنی عیوب رایج ریخته‌گری بدنهٔ شیرهای استینلس CF8/CF8M — تخلخل، ترک گرم، روش‌های بازرسی RT/PT/UT و استاندارد پذیرش عیوب؛ همراه نکات قیمت و مسیر استعلام.,159,https://pishtaj.ir/knowledge-center/kc-cf8-cf8m-casting-defects-inspection.html,"index, follow",راهنمای عیوب ریخته‌گری و بازرسی بدنهٔ شیرهای CF8/CF8M,1,21,1859,2,0,33,BreadcrumbList|TechArticle|Article|FAQPage,fa-IR|x-default,fa,sitemap-knowledge-center.xml,40.3,
knowledge-center/kc-cf8-cf8m-cf3m.html,https://pishtaj.ir/knowledge-center/kc-cf8-cf8m-cf3m.html,knowledge-center,راهنمای کامل شیرهای صنعتی استینلس استیل؛ مشخصات و قیمت | پیشرو,62,"راهنمای کامل شیرهای صنعتی استینلس استیل — CF8, CF8M, CF3M — استانداردها، معیارهای انتخاب مهندسی، الزامات MTC و بازرسی و راهنمای استعلام و خرید در پروژه‌های نفت…",160,https://pishtaj.ir/knowledge-center/kc-cf8-cf8m-cf3m.html,"index, follow","راهنمای کامل شیرهای صنعتی استینلس استیل — CF8, CF8M, CF3M",1,12,1943,2,0,35,Article|BreadcrumbList|FAQPage,fa-IR|x-default,fa,sitemap-knowledge-center.xml,42.6,
knowledge-center/kc-chemical-injection-pump-metering-accuracy.html,https://pishtaj.ir/knowledge-center/kc-chemical-injection-pump-metering-accuracy.html,knowledge-center,دقت اندازه‌گیری پمپ تزریق مواد شیمیایی | پیشرو تجهیز فرتاک,58,راهنمای فنی دقت دزدهی پمپ‌های تزریق شیمیایی — کالیبراسیون میدانی، پدیدهٔ Vapor Lock، پایش آنلاین نرخ تزریق و طراحی Ratio Control برای دبی نوسانی…,145,https://pishtaj.ir/knowledge-center/kc-chemical-injection-pump-metering-accuracy.html,"index, follow",راهنمای دقت اندازه‌گیری پمپ تزریق مواد شیمیایی,1,22,1912,2,0,35,BreadcrumbList|TechArticle|Article|FAQPage,fa-IR|x-default,fa,sitemap-knowledge-center.xml,42.3,
knowledge-center/kc-chemical-injection.html,https://pishtaj.ir/knowledge-center/kc-chemical-injection.html,knowledge-center,راهنمای کامل سیستم تزریق مواد شیمیایی (Chemical Injection),58,راهنمای کامل سیستم تزریق مواد شیمیایی (Chemical Injection) — استانداردها، معیارهای انتخاب مهندسی، الزامات MTC و بازرسی و راهنمای استعلام و خرید در پروژه‌های نفت…,161,https://pishtaj.ir/knowledge-center/kc-chemical-injection.html,"index, follow",راهنمای کامل سیستم تزریق مواد شیمیایی (Chemical Injection),1,10,1767,2,0,37,Article|BreadcrumbList|FAQPage,fa-IR|x-default,fa,sitemap-knowledge-center.xml,40.4,
knowledge-center/kc-class-900-class-2500.html,https://pishtaj.ir/knowledge-center/kc-class-900-class-2500.html,knowledge-center,راهنمای کامل فلنج‌های فشار قوی Class 900 تا Class 2500,54,راهنمای کامل فلنج‌های فشار قوی Class 900 تا Class 2500 — استانداردها، معیارهای انتخاب مهندسی، الزامات MTC و بازرسی و راهنمای استعلام و خرید در پروژه‌های نفت…,157,https://pishtaj.ir/knowledge-center/kc-class-900-class-2500.html,"index, follow",راهنمای کامل فلنج‌های فشار قوی Class 900 تا Class 2500,1,11,1872,2,0,35,Article|BreadcrumbList|FAQPage,fa-IR|x-default,fa,sitemap-knowledge-center.xml,39.8,
knowledge-center/kc-cold-drawn-hot-rolled-dimensional-tolerance.html,https://pishtaj.ir/knowledge-center/kc-cold-drawn-hot-rolled-dimensional-tolerance.html,knowledge-center,تلورانس ابعادی لولهٔ کشش سرد و نورد گرم | پیشرو تجهیز فرتاک,59,راهنمای فنی مقایسه تلورانس ابعادی لولهٔ کشش سرد و نورد گرم — تفاوت قطر خارجی، ضخامت دیواره، صافی سطح و کاربرد ترجیحی هر روش تولید در پروژه‌های صنعتی…,149,https://pishtaj.ir/knowledge-center/kc-cold-drawn-hot-rolled-dimensional-tolerance.html,"index, follow",راهنمای تلورانس ابعادی لولهٔ کشش سرد (Cold Drawn) در برابر نورد گرم (Hot Rolled),1,22,1906,2,0,39,BreadcrumbList|TechArticle|Article|FAQPage,fa-IR|x-default,fa,sitemap-knowledge-center.xml,42.0,
knowledge-center/kc-commissioning-punch-list-management.html,https://pishtaj.ir/knowledge-center/kc-commissioning-punch-list-management.html,knowledge-center,مدیریت Punch List در Commissioning | پیشرو تجهیز فرتاک,54,راهنمای مدیریت Punch List پروژه‌های صنعتی شامل طبقه‌بندی Category A/B/C، گردش‌کار از شناسایی تا بستن نهایی، و معیار آمادگی راه‌اندازی پیش از Commissioning…,155,https://pishtaj.ir/knowledge-center/kc-commissioning-punch-list-management.html,"index, follow",مدیریت Punch List در فاز Commissioning پروژه‌های صنعتی,1,14,1756,2,0,33,BreadcrumbList|TechArticle|Article|FAQPage,fa-IR|x-default,fa,sitemap-knowledge-center.xml,38.0,
knowledge-center/kc-commissioning.html,https://pishtaj.ir/knowledge-center/kc-commissioning.html,knowledge-center,راهنمای کامل تجهیزات تست و راه‌اندازی پروژه‌های صنعتی,53,راهنمای کامل تجهیزات تست و راه‌اندازی (Commissioning) پروژه‌های صنعتی — استانداردها، معیارهای انتخاب مهندسی…؛ همراه نکات قیمت و مسیر استعلام.,141,https://pishtaj.ir/knowledge-center/kc-commissioning.html,"index, follow",راهنمای کامل تجهیزات تست و راه‌اندازی (Commissioning) پروژه‌های صنعتی,1,10,1705,2,0,35,Article|BreadcrumbList|FAQPage,fa-IR|x-default,fa,sitemap-knowledge-center.xml,38.6,
knowledge-center/kc-compressed-air-system.html,https://pishtaj.ir/knowledge-center/kc-compressed-air-system.html,knowledge-center,راهنمای کامل سیستم هوای فشرده صنعتی؛ مشخصات و قیمت | پیشرو تجهیز,64,راهنمای کامل سیستم هوای فشرده صنعتی — استانداردها، معیارهای انتخاب مهندسی، الزامات MTC و بازرسی و راهنمای استعلام و خرید در پروژه‌های نفت، گاز و پتروشیمی…,154,https://pishtaj.ir/knowledge-center/kc-compressed-air-system.html,"index, follow",راهنمای کامل سیستم هوای فشرده صنعتی,1,10,1695,2,0,36,Article|BreadcrumbList|FAQPage,fa-IR|x-default,fa,sitemap-knowledge-center.xml,38.3,
knowledge-center/kc-compressor-selection-screw-vs-reciprocating.html,https://pishtaj.ir/knowledge-center/kc-compressor-selection-screw-vs-reciprocating.html,knowledge-center,مقایسهٔ کمپرسور اسکرو و رفت‌وبرگشتی | پیشرو تجهیز فرتاک,55,راهنمای فنی انتخاب بین کمپرسور اسکرو و رفت‌وبرگشتی — مقایسه فشار، دبی، راندمان انرژی، هزینه نگهداری و محاسبه هزینه کل مالکیت برای پروژه‌های صنعتی…,146,https://pishtaj.ir/knowledge-center/kc-compressor-selection-screw-vs-reciprocating.html,"index, follow",راهنمای مقایسهٔ کمپرسور اسکرو (Screw) و رفت‌وبرگشتی (Reciprocating),1,21,1887,2,0,35,BreadcrumbList|TechArticle|Article|FAQPage,fa-IR|x-default,fa,sitemap-knowledge-center.xml,42.8,
knowledge-center/kc-control-room-equipment-standards.html,https://pishtaj.ir/knowledge-center/kc-control-room-equipment-standards.html,knowledge-center,راهنمای کامل اتاق کنترل صنعتی؛ مشخصات و قیمت | پیشرو تجهیز فرتاک,64,راهنمای کامل اتاق کنترل صنعتی — تجهیزات و استانداردها — استانداردها، معیارهای انتخاب مهندسی، الزامات MTC و بازرسی و راهنمای استعلام و خرید در پروژه‌های نفت…,156,https://pishtaj.ir/knowledge-center/kc-control-room-equipment-standards.html,"index, follow",راهنمای کامل اتاق کنترل صنعتی — تجهیزات و استانداردها,1,10,1660,2,0,37,Article|BreadcrumbList|FAQPage,fa-IR|x-default,fa,sitemap-knowledge-center.xml,38.0,
knowledge-center/kc-control-valve-noise-prediction-iec-60534.html,https://pishtaj.ir/knowledge-center/kc-control-valve-noise-prediction-iec-60534.html,knowledge-center,پیش‌بینی نویز آیرودینامیک کنترل ولو IEC 60534 | پیشرو تجهیز فرتاک,65,راهنمای فنی محاسبهٔ نویز آیرودینامیک کنترل ولو طبق IEC 60534-8-3 — تفکیک نویز آیرودینامیک و کاویتاسیون، انتخاب تریم کاهندهٔ نویز و محاسبه در فاز طراحی…,151,https://pishtaj.ir/knowledge-center/kc-control-valve-noise-prediction-iec-60534.html,"index, follow",راهنمای پیش‌بینی و کنترل نویز آیرودینامیک کنترل ولو (IEC 60534-8-3),1,21,1835,2,0,33,BreadcrumbList|TechArticle|Article|FAQPage,fa-IR|x-default,fa,sitemap-knowledge-center.xml,40.2,
knowledge-center/kc-control-valve-rangeability-turndown.html,https://pishtaj.ir/knowledge-center/kc-control-valve-rangeability-turndown.html,knowledge-center,رنج‌پذیری و نسبت Turndown کنترل ولو | پیشرو تجهیز فرتاک,55,راهنمای فنی رنج‌پذیری کنترل ولو — تفاوت رنج‌پذیری ذاتی و نصب‌شده، محاسبهٔ Turndown موردنیاز، تاثیر مشخصهٔ Linear/Equal% و راه‌حل شیرهای موازی…,142,https://pishtaj.ir/knowledge-center/kc-control-valve-rangeability-turndown.html,"index, follow",راهنمای رنج‌پذیری (Rangeability) و نسبت Turndown کنترل ولو,1,20,1860,2,0,33,BreadcrumbList|TechArticle|Article|FAQPage,fa-IR|x-default,fa,sitemap-knowledge-center.xml,39.7,
knowledge-center/kc-cooling-water-legionella-control.html,https://pishtaj.ir/knowledge-center/kc-cooling-water-legionella-control.html,knowledge-center,کنترل لژیونلا در سیستم آب خنک‌کننده | پیشرو تجهیز فرتاک,55,راهنمای فنی کنترل باکتری لژیونلا در برج خنک‌کننده صنعتی — برنامهٔ بیوساید ترکیبی، نمونه‌گیری دورهٔ، طراحی مه‌گیر و برنامهٔ مدیریت ریسک آب (Water Safety Plan)…,158,https://pishtaj.ir/knowledge-center/kc-cooling-water-legionella-control.html,"index, follow",راهنمای کنترل لژیونلا (Legionella) در سیستم آب خنک‌کننده صنعتی,1,21,1862,2,0,33,BreadcrumbList|TechArticle|Article|FAQPage,fa-IR|x-default,fa,sitemap-knowledge-center.xml,40.4,
knowledge-center/kc-cooling-water.html,https://pishtaj.ir/knowledge-center/kc-cooling-water.html,knowledge-center,راهنمای کامل سیستم آب خنک‌کننده صنعتی (Cooling Water),53,راهنمای کامل سیستم آب خنک‌کننده صنعتی (Cooling Water) — استانداردها، معیارهای انتخاب مهندسی، الزامات MTC و بازرسی و راهنمای استعلام و خرید در پروژه‌های نفت…,156,https://pishtaj.ir/knowledge-center/kc-cooling-water.html,"index, follow",راهنمای کامل سیستم آب خنک‌کننده صنعتی (Cooling Water),1,10,1711,2,0,35,Article|BreadcrumbList|FAQPage,fa-IR|x-default,fa,sitemap-knowledge-center.xml,38.3,
knowledge-center/kc-crude-oil-products-storage-system.html,https://pishtaj.ir/knowledge-center/kc-crude-oil-products-storage-system.html,knowledge-center,راهنمای کامل سیستم ذخیره‌سازی نفت خام و فرآورده‌های نفتی,56,راهنمای کامل سیستم ذخیره‌سازی نفت خام و فرآورده‌های نفتی — استانداردها، معیارهای انتخاب مهندسی، الزامات MTC و بازرسی و راهنمای استعلام و خرید در پروژه‌های نفت…,159,https://pishtaj.ir/knowledge-center/kc-crude-oil-products-storage-system.html,"index, follow",راهنمای کامل سیستم ذخیره‌سازی نفت خام و فرآورده‌های نفتی,1,10,1719,2,0,37,Article|BreadcrumbList|FAQPage,fa-IR|x-default,fa,sitemap-knowledge-center.xml,39.1,
knowledge-center/kc-ct-pt-accuracy-class-burden.html,https://pishtaj.ir/knowledge-center/kc-ct-pt-accuracy-class-burden.html,knowledge-center,کلاس دقت و بار مجاز CT/PT | پیشرو تجهیز فرتاک,45,"راهنمای فنی کلاس دقت ترانسفورماتور جریان CT برای اندازه‌گیری و حفاظت (5P10, 5P20)، محاسبه Burden مدار ثانویه، و اثر طول سیم‌کشی بر دقت CT و PT…",143,https://pishtaj.ir/knowledge-center/kc-ct-pt-accuracy-class-burden.html,"index, follow",کلاس دقت و بار مجاز ترانسفورماتورهای CT/PT,1,12,1784,2,0,33,BreadcrumbList|TechArticle|Article|FAQPage,fa-IR|x-default,fa,sitemap-knowledge-center.xml,37.0,
knowledge-center/kc-ct-pt.html,https://pishtaj.ir/knowledge-center/kc-ct-pt.html,knowledge-center,راهنمای کامل ترانسفورماتورهای جریان (CT) و ولتاژ (PT),53,راهنمای کامل ترانسفورماتورهای جریان (CT) و ولتاژ (PT) — استانداردها، معیارهای انتخاب مهندسی، الزامات MTC و بازرسی و راهنمای استعلام و خرید در پروژه‌های نفت…,156,https://pishtaj.ir/knowledge-center/kc-ct-pt.html,"index, follow",راهنمای کامل ترانسفورماتورهای جریان (CT) و ولتاژ (PT),1,11,1756,2,0,34,Article|BreadcrumbList|FAQPage,fa-IR|x-default,fa,sitemap-knowledge-center.xml,40.3,
knowledge-center/kc-customs-clearance-hs-code-tariff-guide.html,https://pishtaj.ir/knowledge-center/kc-customs-clearance-hs-code-tariff-guide.html,knowledge-center,راهنمای کد HS و تعرفهٔ گمرکی تجهیزات صنعتی | پیشرو تجهیز فرتاک,62,راهنمای فنی تعیین کد HS و تعرفهٔ گمرکی تجهیزات صنعتی — چالش طبقه‌بندی تجهیزات مرکب، تعرفهٔ ترجیحی با گواهی مبدا و الزامات استاندارد اجباری INSO…,144,https://pishtaj.ir/knowledge-center/kc-customs-clearance-hs-code-tariff-guide.html,"index, follow",راهنمای تعیین کد HS و تعرفهٔ گمرکی تجهیزات صنعتی وارداتی,1,20,1835,2,0,33,BreadcrumbList|TechArticle|Article|FAQPage,fa-IR|x-default,fa,sitemap-knowledge-center.xml,39.9,
knowledge-center/kc-customs-clearance.html,https://pishtaj.ir/knowledge-center/kc-customs-clearance.html,knowledge-center,راهنمای کامل ترخیص گمرکی کالاهای صنعتی؛ مشخصات و قیمت | پیشرو,61,راهنمای کامل ترخیص گمرکی کالاهای صنعتی — استانداردها، معیارهای انتخاب مهندسی، الزامات MTC و بازرسی و راهنمای استعلام و خرید در پروژه‌های نفت، گاز و پتروشیمی…,157,https://pishtaj.ir/knowledge-center/kc-customs-clearance.html,"index, follow",راهنمای کامل ترخیص گمرکی کالاهای صنعتی,1,10,1682,2,0,34,Article|BreadcrumbList|FAQPage,fa-IR|x-default,fa,sitemap-knowledge-center.xml,36.6,
knowledge-center/kc-cv-actuator.html,https://pishtaj.ir/knowledge-center/kc-cv-actuator.html,knowledge-center,راهنمای کامل شیرهای کنترل؛ مشخصات و قیمت | پیشرو تجهیز فرتاک,60,راهنمای کامل شیرهای کنترل — انواع، Cv و انتخاب Actuator — استانداردها، معیارهای انتخاب مهندسی، الزامات MTC و بازرسی و راهنمای استعلام و خرید در پروژه‌های نفت…,158,https://pishtaj.ir/knowledge-center/kc-cv-actuator.html,"index, follow",راهنمای کامل شیرهای کنترل — انواع، Cv و انتخاب Actuator,1,12,1986,2,0,37,Article|BreadcrumbList|FAQPage,fa-IR|x-default,fa,sitemap-knowledge-center.xml,44.0,
knowledge-center/kc-dcs-redundancy-architecture-guide.html,https://pishtaj.ir/knowledge-center/kc-dcs-redundancy-architecture-guide.html,knowledge-center,معماری افزونگی (Redundancy) سیستم DCS | پیشرو تجهیز فرتاک,57,راهنمای فنی طراحی معماری افزونگی سیستم DCS — سطوح افزونگی کنترلر/شبکه/تغذیه، Bumpless Transfer، معماری شبکه حلقوی و تست عملی Failover…,134,https://pishtaj.ir/knowledge-center/kc-dcs-redundancy-architecture-guide.html,"index, follow",راهنمای معماری افزونگی (Redundancy) سیستم DCS,1,20,1822,2,0,33,BreadcrumbList|TechArticle|Article|FAQPage,fa-IR|x-default,fa,sitemap-knowledge-center.xml,39.6,
knowledge-center/kc-dcs.html,https://pishtaj.ir/knowledge-center/kc-dcs.html,knowledge-center,راهنمای کامل سیستم DCS در صنایع فرایندی؛ مشخصات و قیمت | پیشرو,62,راهنمای کامل سیستم DCS در صنایع فرایندی — استانداردها، معیارهای انتخاب مهندسی، الزامات MTC و بازرسی و راهنمای استعلام و خرید در پروژه‌های نفت، گاز و پتروشیمی…,158,https://pishtaj.ir/knowledge-center/kc-dcs.html,"index, follow",راهنمای کامل سیستم DCS در صنایع فرایندی,1,10,1711,2,0,35,Article|BreadcrumbList|FAQPage,fa-IR|x-default,fa,sitemap-knowledge-center.xml,38.0,
knowledge-center/kc-desalter-electrostatic-grid-troubleshooting.html,https://pishtaj.ir/knowledge-center/kc-desalter-electrostatic-grid-troubleshooting.html,knowledge-center,عیب‌یابی شبکهٔ الکترواستاتیک دیسالتر | پیشرو تجهیز فرتاک,56,راهنمای فنی عیب‌یابی افت راندمان شبکهٔ الکترواستاتیک دیسالتر — مقایسه میدان AC و DC، کنترل سطح مرزی و علل رایج افت جداسازی آب از نفت خام…,137,https://pishtaj.ir/knowledge-center/kc-desalter-electrostatic-grid-troubleshooting.html,"index, follow",راهنمای عیب‌یابی شبکهٔ الکترواستاتیک دیسالتر (Desalter),1,21,1839,2,0,33,BreadcrumbList|TechArticle|Article|FAQPage,fa-IR|x-default,fa,sitemap-knowledge-center.xml,40.6,
knowledge-center/kc-desalter.html,https://pishtaj.ir/knowledge-center/kc-desalter.html,knowledge-center,راهنمای کامل تجهیزات نمک‌زدایی نفت خام (Desalter),49,راهنمای کامل تجهیزات نمک‌زدایی نفت خام (Desalter) — استانداردها، معیارهای انتخاب مهندسی، الزامات MTC و بازرسی و راهنمای استعلام و خرید در پروژه‌های نفت…,152,https://pishtaj.ir/knowledge-center/kc-desalter.html,"index, follow",راهنمای کامل تجهیزات نمک‌زدایی نفت خام (Desalter),1,10,1687,2,0,35,Article|BreadcrumbList|FAQPage,fa-IR|x-default,fa,sitemap-knowledge-center.xml,38.2,
knowledge-center/kc-earthing-grid-resistance-testing.html,https://pishtaj.ir/knowledge-center/kc-earthing-grid-resistance-testing.html,knowledge-center,تست مقاومت شبکهٔ زمین (Earthing Grid) | پیشرو تجهیز فرتاک,57,راهنمای فنی تست مقاومت شبکهٔ زمین پست‌های برق — روش سه‌نقطه‌ای Fall of Potential، روش Clamp-On، اثر فصل بر مقاومت خاک و بهبود مقاومت در خاک سخت…,144,https://pishtaj.ir/knowledge-center/kc-earthing-grid-resistance-testing.html,"index, follow",راهنمای تست مقاومت شبکهٔ زمین (Earthing Grid Resistance Testing),1,21,1850,2,0,33,BreadcrumbList|TechArticle|Article|FAQPage,fa-IR|x-default,fa,sitemap-knowledge-center.xml,39.9,
knowledge-center/kc-earthing.html,https://pishtaj.ir/knowledge-center/kc-earthing.html,knowledge-center,راهنمای کامل سیستم اتصال به زمین (Earthing) پست‌های برق,55,راهنمای کامل سیستم اتصال به زمین (Earthing) پست‌های برق — استانداردها، معیارهای انتخاب مهندسی، الزامات MTC و بازرسی و راهنمای استعلام و خرید در پروژه‌های نفت…,158,https://pishtaj.ir/knowledge-center/kc-earthing.html,"index, follow",راهنمای کامل سیستم اتصال به زمین (Earthing) پست‌های برق,1,10,1723,2,0,35,Article|BreadcrumbList|FAQPage,fa-IR|x-default,fa,sitemap-knowledge-center.xml,38.4,
knowledge-center/kc-energy-management-oil-gas.html,https://pishtaj.ir/knowledge-center/kc-energy-management-oil-gas.html,knowledge-center,راهنمای کامل مدیریت انرژی در صنایع نفت و گاز؛ مشخصات و قیمت,59,راهنمای کامل مدیریت انرژی در صنایع نفت و گاز — استانداردها، معیارهای انتخاب مهندسی، الزامات MTC و بازرسی و راهنمای استعلام و خرید در پروژه‌های نفت، گاز و پتروشیمی…,163,https://pishtaj.ir/knowledge-center/kc-energy-management-oil-gas.html,"index, follow",راهنمای کامل مدیریت انرژی در صنایع نفت و گاز,1,10,1720,2,0,37,Article|BreadcrumbList|FAQPage,fa-IR|x-default,fa,sitemap-knowledge-center.xml,38.6,
knowledge-center/kc-erw-hfw-weld-seam-inspection.html,https://pishtaj.ir/knowledge-center/kc-erw-hfw-weld-seam-inspection.html,knowledge-center,بازرسی درز جوش لوله ERW و HFW | پیشرو تجهیز فرتاک,49,راهنمای فنی بازرسی درز جوش لوله ERW و HFW شامل UT آنلاین، تست Flattening، عیوب رایج ناحیه HAZ و الزامات سختی‌سنجی برای سرویس ترش طبق NACE MR0175…,145,https://pishtaj.ir/knowledge-center/kc-erw-hfw-weld-seam-inspection.html,"index, follow",روش‌های بازرسی درز جوش لوله‌های ERW و HFW,1,9,1819,2,0,34,BreadcrumbList|TechArticle|Article|FAQPage,fa-IR|x-default,fa,sitemap-knowledge-center.xml,37.7,
knowledge-center/kc-erw-hfw.html,https://pishtaj.ir/knowledge-center/kc-erw-hfw.html,knowledge-center,راهنمای کامل لوله‌های جوشی ERW و HFW؛ مشخصات و قیمت | پیشرو تجهیز,65,راهنمای کامل لوله‌های جوشی ERW و HFW — استانداردها، معیارهای انتخاب مهندسی، الزامات MTC و بازرسی و راهنمای استعلام و خرید در پروژه‌های نفت، گاز و پتروشیمی…,155,https://pishtaj.ir/knowledge-center/kc-erw-hfw.html,"index, follow",راهنمای کامل لوله‌های جوشی ERW و HFW,1,12,1945,2,0,36,Article|BreadcrumbList|FAQPage,fa-IR|x-default,fa,sitemap-knowledge-center.xml,42.6,
knowledge-center/kc-esd-fire-gas-sil-rated-design.html,https://pishtaj.ir/knowledge-center/kc-esd-fire-gas-sil-rated-design.html,knowledge-center,طراحی سیستم ESD/F&G بر اساس SIL | پیشرو تجهیز فرتاک,51,راهنمای فنی تعیین SIL، مقایسه معماری رأی‌گیری 1oo2/2oo2/2oo3 و الزامات تست دوره‌ای Proof Test طبق IEC 61511 برای خرید تجهیزات ESD و Fire &amp; Gas در پروژه‌های نفت…,164,https://pishtaj.ir/knowledge-center/kc-esd-fire-gas-sil-rated-design.html,"index, follow",طراحی سیستم ESD و Fire & Gas بر اساس سطح یکپارچگی ایمنی (SIL),1,10,1796,2,0,33,BreadcrumbList|TechArticle|Article|FAQPage,fa-IR|x-default,fa,sitemap-knowledge-center.xml,37.1,
knowledge-center/kc-esd-fire-gas.html,https://pishtaj.ir/knowledge-center/kc-esd-fire-gas.html,knowledge-center,راهنمای کامل سیستم ESD و Fire &amp; Gas (F&amp;G),49,راهنمای کامل سیستم ESD و Fire &amp; Gas (F&amp;G) — استانداردها، معیارهای انتخاب مهندسی، الزامات MTC و بازرسی و راهنمای استعلام و خرید در پروژه‌های نفت…,152,https://pishtaj.ir/knowledge-center/kc-esd-fire-gas.html,"index, follow",راهنمای کامل سیستم ESD و Fire &amp; Gas (F&amp;G),1,10,1699,2,0,35,Article|BreadcrumbList|FAQPage,fa-IR|x-default,fa,sitemap-knowledge-center.xml,37.5,
knowledge-center/kc-explosion-proof-lighting-zone-classification.html,https://pishtaj.ir/knowledge-center/kc-explosion-proof-lighting-zone-classification.html,knowledge-center,روشنایی ضدانفجار و تطبیق با طبقه‌بندی مناطق | پیشرو تجهیز فرتاک,63,راهنمای فنی انتخاب چراغ LED ضدانفجار متناسب با Zone، گروه گاز و کلاس دما — خواندن کد گواهی ATEX/IECEx و محاسبه سطح روشنایی عملیاتی؛ همراه نکات قیمت و مسیر استعلام.,163,https://pishtaj.ir/knowledge-center/kc-explosion-proof-lighting-zone-classification.html,"index, follow",راهنمای انتخاب روشنایی ضدانفجار متناسب با طبقه‌بندی مناطق,1,21,1843,2,0,33,BreadcrumbList|TechArticle|Article|FAQPage,fa-IR|x-default,fa,sitemap-knowledge-center.xml,40.2,
knowledge-center/kc-fcc-catalyst-regeneration-process.html,https://pishtaj.ir/knowledge-center/kc-fcc-catalyst-regeneration-process.html,knowledge-center,فرآیند احیای کاتالیست در واحد FCC | پیشرو تجهیز فرتاک,53,راهنمای فنی احیای کاتالیست واحد کراکینگ کاتالیستی FCC — کنترل دمای بستر احیا، مقایسه Full Burn و Partial Burn، فرسایش سیکلون و مسمومیت با فلزات سنگین…,150,https://pishtaj.ir/knowledge-center/kc-fcc-catalyst-regeneration-process.html,"index, follow",راهنمای فرآیند احیای کاتالیست (Catalyst Regeneration) در واحد FCC,1,21,1828,2,0,33,BreadcrumbList|TechArticle|Article|FAQPage,fa-IR|x-default,fa,sitemap-knowledge-center.xml,40.0,
knowledge-center/kc-fcc-unit.html,https://pishtaj.ir/knowledge-center/kc-fcc-unit.html,knowledge-center,راهنمای کامل تجهیزات کراکینگ کاتالیستی (FCC Unit),49,راهنمای کامل تجهیزات کراکینگ کاتالیستی (FCC Unit) — استانداردها، معیارهای انتخاب مهندسی، الزامات MTC و بازرسی و راهنمای استعلام و خرید در پروژه‌های نفت…,152,https://pishtaj.ir/knowledge-center/kc-fcc-unit.html,"index, follow",راهنمای کامل تجهیزات کراکینگ کاتالیستی (FCC Unit),1,10,1695,2,0,35,Article|BreadcrumbList|FAQPage,fa-IR|x-default,fa,sitemap-knowledge-center.xml,38.2,
knowledge-center/kc-fire-alarm-detection-system.html,https://pishtaj.ir/knowledge-center/kc-fire-alarm-detection-system.html,knowledge-center,راهنمای کامل سیستم آتش‌نشان و اعلام حریق صنعتی,46,راهنمای کامل سیستم آتش‌نشان و اعلام حریق صنعتی — استانداردها، معیارهای انتخاب مهندسی، الزامات MTC و بازرسی و راهنمای استعلام و خرید در پروژه‌های نفت…,149,https://pishtaj.ir/knowledge-center/kc-fire-alarm-detection-system.html,"index, follow",راهنمای کامل سیستم آتش‌نشان و اعلام حریق صنعتی,1,10,1696,2,0,37,Article|BreadcrumbList|FAQPage,fa-IR|x-default,fa,sitemap-knowledge-center.xml,38.5,
knowledge-center/kc-fire-suppression-agent-selection-guide.html,https://pishtaj.ir/knowledge-center/kc-fire-suppression-agent-selection-guide.html,knowledge-center,راهنمای انتخاب عامل اطفاء حریق صنعتی | پیشرو تجهیز فرتاک,56,راهنمای فنی انتخاب عامل اطفاء حریق مناسب — تفاوت FM200، CO2، فوم و آب بر اساس کلاس حریق، حضور پرسنل و الزامات زیست‌محیطی، با تمرکز بر ایمنی اتاق برق و مخازن سوخت…,162,https://pishtaj.ir/knowledge-center/kc-fire-suppression-agent-selection-guide.html,"index, follow",راهنمای انتخاب عامل اطفاء حریق مناسب برای فضاهای صنعتی,1,16,1755,2,0,33,BreadcrumbList|TechArticle|Article|FAQPage,fa-IR|x-default,fa,sitemap-knowledge-center.xml,38.2,
knowledge-center/kc-flange-class-900-2500-bolt-torque-table.html,https://pishtaj.ir/knowledge-center/kc-flange-class-900-2500-bolt-torque-table.html,knowledge-center,جدول گشتاور پیچ فلنج Class 900 تا 2500 | پیشرو تجهیز فرتاک,58,راهنمای اجرایی گشتاوردهی پیچ فلنج‌های فشار قوی Class 900 تا 2500 — جدول مرجع گشتاور، ترتیب ستاره‌ای، Re-torque بعد از نشست گسکت و ابزار هیدرولیک مناسب…,151,https://pishtaj.ir/knowledge-center/kc-flange-class-900-2500-bolt-torque-table.html,"index, follow",جدول گشتاور پیچ فلنج‌های فشار قوی Class 900 تا Class 2500,1,17,1882,2,0,34,BreadcrumbList|TechArticle|Article|FAQPage,fa-IR|x-default,fa,sitemap-knowledge-center.xml,40.2,
knowledge-center/kc-flange-pressure-class-150-600.html,https://pishtaj.ir/knowledge-center/kc-flange-pressure-class-150-600.html,knowledge-center,کلاس فشاری فلنج ۱۵۰ تا ۶۰۰؛ نمودار دما و فشار,45,راهنمای کلاس فشاری فلنج: معنی Class 150 تا 600، نمودار دما-فشار ASME B16.5، تفاوت کلاس فشاری با فشار کاری واقعی و نکات انتخاب فلنج برای پروژه.,142,https://pishtaj.ir/knowledge-center/kc-flange-pressure-class-150-600.html,"index, follow",کلاس فشاری فلنج — Class 150 تا 600 و نمودار دما-فشار,1,8,935,2,0,21,BreadcrumbList|Article|FAQPage,fa-IR|x-default,fa,sitemap-knowledge-center.xml,23.1,
knowledge-center/kc-flare-burner-equipment.html,https://pishtaj.ir/knowledge-center/kc-flare-burner-equipment.html,knowledge-center,راهنمای کامل تجهیزات فلر و مشعل صنعتی؛ مشخصات و قیمت | پیشرو,60,راهنمای کامل تجهیزات فلر و مشعل صنعتی — استانداردها، معیارهای انتخاب مهندسی، الزامات MTC و بازرسی و راهنمای استعلام و خرید در پروژه‌های نفت، گاز و پتروشیمی…,156,https://pishtaj.ir/knowledge-center/kc-flare-burner-equipment.html,"index, follow",راهنمای کامل تجهیزات فلر و مشعل صنعتی,1,10,1684,2,0,37,Article|BreadcrumbList|FAQPage,fa-IR|x-default,fa,sitemap-knowledge-center.xml,38.2,
knowledge-center/kc-flowmeter-selection-by-fluid-application.html,https://pishtaj.ir/knowledge-center/kc-flowmeter-selection-by-fluid-application.html,knowledge-center,راهنمای انتخاب فلومتر بر اساس نوع سیال | پیشرو تجهیز فرتاک,58,راهنمای فنی انتخاب فلومتر صنعتی متناسب با نوع سیال — ماتریس تصمیم‌گیری برای مایع، گاز، دوغاب و بخار، مقایسه رنج‌پذیری و هزینهٔ افت فشار بلندمدت…,144,https://pishtaj.ir/knowledge-center/kc-flowmeter-selection-by-fluid-application.html,"index, follow",راهنمای انتخاب فلومتر بر اساس نوع سیال و کاربرد,1,20,1943,2,0,37,BreadcrumbList|TechArticle|Article|FAQPage,fa-IR|x-default,fa,sitemap-knowledge-center.xml,42.8,
knowledge-center/kc-flowmeters-10-methods.html,https://pishtaj.ir/knowledge-center/kc-flowmeters-10-methods.html,knowledge-center,راهنمای کامل فلومترهای صنعتی؛ مشخصات و قیمت | پیشرو تجهیز فرتاک,63,راهنمای کامل فلومترهای صنعتی — ۱۰ روش اندازه‌گیری دبی — استانداردها، معیارهای انتخاب مهندسی، الزامات MTC و بازرسی و راهنمای استعلام و خرید در پروژه‌های نفت…,156,https://pishtaj.ir/knowledge-center/kc-flowmeters-10-methods.html,"index, follow",راهنمای کامل فلومترهای صنعتی — ۱۰ روش اندازه‌گیری دبی,1,11,1853,2,0,39,Article|BreadcrumbList|FAQPage,fa-IR|x-default,fa,sitemap-knowledge-center.xml,41.7,
knowledge-center/kc-fm200-co2-foam-water.html,https://pishtaj.ir/knowledge-center/kc-fm200-co2-foam-water.html,knowledge-center,راهنمای کامل سیستم اطفاء حریق صنعتی؛ مشخصات و قیمت | پیشرو تجهیز,64,"راهنمای کامل سیستم اطفاء حریق صنعتی — FM200, CO2, Foam, Water — استانداردها، معیارهای انتخاب مهندسی، الزامات MTC و بازرسی و راهنمای استعلام و خرید در پروژه‌های…",160,https://pishtaj.ir/knowledge-center/kc-fm200-co2-foam-water.html,"index, follow","راهنمای کامل سیستم اطفاء حریق صنعتی — FM200, CO2, Foam, Water",1,10,1690,2,0,35,Article|BreadcrumbList|FAQPage,fa-IR|x-default,fa,sitemap-knowledge-center.xml,38.0,
knowledge-center/kc-gas-analyzer-calibration-zero-span.html,https://pishtaj.ir/knowledge-center/kc-gas-analyzer-calibration-zero-span.html,knowledge-center,کالیبراسیون Zero و Span آنالایزر گازی | پیشرو تجهیز فرتاک,57,راهنمای فنی کالیبراسیون آنالایزر گازی صنعتی — مفهوم Zero و Span، اهمیت ردیابی‌پذیری گاز مرجع، تعیین بازهٔ کالیبراسیون و تفاوت Bump Test با کالیبراسیون کامل…,156,https://pishtaj.ir/knowledge-center/kc-gas-analyzer-calibration-zero-span.html,"index, follow",راهنمای کالیبراسیون Zero و Span آنالایزر گازی,1,21,1839,2,0,33,BreadcrumbList|TechArticle|Article|FAQPage,fa-IR|x-default,fa,sitemap-knowledge-center.xml,41.1,
knowledge-center/kc-gas-dehydration-teg.html,https://pishtaj.ir/knowledge-center/kc-gas-dehydration-teg.html,knowledge-center,راهنمای کامل تجهیزات آب‌گیری گاز (Gas Dehydration - TEG),56,راهنمای کامل تجهیزات آب‌گیری گاز (Gas Dehydration - TEG) — استانداردها، معیارهای انتخاب مهندسی، الزامات MTC و بازرسی و راهنمای استعلام و خرید در پروژه‌های نفت…,159,https://pishtaj.ir/knowledge-center/kc-gas-dehydration-teg.html,"index, follow",راهنمای کامل تجهیزات آب‌گیری گاز (Gas Dehydration - TEG),1,10,1703,2,0,35,Article|BreadcrumbList|FAQPage,fa-IR|x-default,fa,sitemap-knowledge-center.xml,38.2,
knowledge-center/kc-gas-sweetening-amine.html,https://pishtaj.ir/knowledge-center/kc-gas-sweetening-amine.html,knowledge-center,راهنمای کامل تجهیزات شیرین‌سازی گاز (Gas Sweetening - Amine),60,راهنمای کامل تجهیزات شیرین‌سازی گاز (Gas Sweetening - Amine) — استانداردها، معیارهای انتخاب مهندسی، الزامات MTC و بازرسی و راهنمای استعلام و خرید در پروژه‌های…,159,https://pishtaj.ir/knowledge-center/kc-gas-sweetening-amine.html,"index, follow",راهنمای کامل تجهیزات شیرین‌سازی گاز (Gas Sweetening - Amine),1,12,1940,2,0,35,Article|BreadcrumbList|FAQPage,fa-IR|x-default,fa,sitemap-knowledge-center.xml,42.7,
knowledge-center/kc-gasket-selection-by-fluid-temperature.html,https://pishtaj.ir/knowledge-center/kc-gasket-selection-by-fluid-temperature.html,knowledge-center,انتخاب گسکت بر اساس سیال و دما | پیشرو تجهیز فرتاک,50,راهنمای انتخاب گسکت مناسب بر اساس سازگاری شیمیایی سیال، نمودار فشار-دما (P-T Rating)، نوع فلنج و کلاس فشار، شامل مقایسه گسکت الاستومری، نیمه‌فلزی، فلزی و PTFE…,159,https://pishtaj.ir/knowledge-center/kc-gasket-selection-by-fluid-temperature.html,"index, follow",جدول انتخاب گسکت بر اساس نوع سیال، دما و فشار,1,14,1853,2,0,35,BreadcrumbList|TechArticle|Article|FAQPage,fa-IR|x-default,fa,sitemap-knowledge-center.xml,40.5,
knowledge-center/kc-gasket-spiralwound-rtj-selection.html,https://pishtaj.ir/knowledge-center/kc-gasket-spiralwound-rtj-selection.html,knowledge-center,انتخاب گسکت اسپیرال واند و RTJ برای فلنج,40,راهنمای انتخاب گسکت فلنج: تفاوت گسکت اسپیرال واند و RTJ، استاندارد ASME B16.20، متریال حلقه و پرکننده و نکات نصب برای آب‌بندی مطمئن خطوط.,137,https://pishtaj.ir/knowledge-center/kc-gasket-spiralwound-rtj-selection.html,"index, follow",انتخاب گسکت — اسپیرال واند، RTJ و معیارهای انتخاب,1,9,796,2,0,21,BreadcrumbList|Article|FAQPage,fa-IR|x-default,fa,sitemap-knowledge-center.xml,22.0,
knowledge-center/kc-gate-valve-api-600-flexible-wedge-design.html,https://pishtaj.ir/knowledge-center/kc-gate-valve-api-600-flexible-wedge-design.html,knowledge-center,طراحی گوهٔ منعطف در شیر دروازه‌ای API 600 | پیشرو تجهیز فرتاک,61,راهنمای فنی طراحی گوهٔ منعطف (Flexible Wedge) شیر دروازه‌ای API 600 — مقایسه با گوه صلب و تقسیم‌شده، تست چرخهٔ حرارتی و بازرسی نقطهٔ Flex مرکزی…,144,https://pishtaj.ir/knowledge-center/kc-gate-valve-api-600-flexible-wedge-design.html,"index, follow",راهنمای طراحی گوهٔ منعطف (Flexible Wedge) در شیر دروازه‌ای API 600,1,20,1956,2,0,42,BreadcrumbList|TechArticle|Article|FAQPage,fa-IR|x-default,fa,sitemap-knowledge-center.xml,43.5,
knowledge-center/kc-gate-valve-wedge-parallel-slide.html,https://pishtaj.ir/knowledge-center/kc-gate-valve-wedge-parallel-slide.html,knowledge-center,راهنمای کامل شیرهای Gate Valve؛ مشخصات و قیمت | پیشرو تجهیز فرتاک,65,راهنمای کامل شیرهای Gate Valve — انواع Wedge و Parallel Slide — استانداردها، معیارهای انتخاب مهندسی، الزامات MTC و بازرسی و راهنمای استعلام و خرید در پروژه‌های…,160,https://pishtaj.ir/knowledge-center/kc-gate-valve-wedge-parallel-slide.html,"index, follow",راهنمای کامل شیرهای Gate Valve — انواع Wedge و Parallel Slide,1,12,1942,2,0,36,Article|BreadcrumbList|FAQPage,fa-IR|x-default,fa,sitemap-knowledge-center.xml,42.4,
knowledge-center/kc-gate-valve-wedge-sticking-troubleshooting.html,https://pishtaj.ir/knowledge-center/kc-gate-valve-wedge-sticking-troubleshooting.html,knowledge-center,گیرکردن گوه شیر دروازه‌ای | پیشرو تجهیز فرتاک,45,راهنمای عیب‌یابی گیرکردن گوه (Wedge Sticking) شیر دروازه‌ای ناشی از انبساط حرارتی نامتقارن، تفاوت Flexible و Solid Wedge، و روش صحیح رفع بدون آسیب به شیر…,154,https://pishtaj.ir/knowledge-center/kc-gate-valve-wedge-sticking-troubleshooting.html,"index, follow",عیب‌یابی گیرکردن گوه (Wedge Sticking) در شیر دروازه‌ای,1,13,1868,2,0,36,BreadcrumbList|TechArticle|Article|FAQPage,fa-IR|x-default,fa,sitemap-knowledge-center.xml,40.2,
knowledge-center/kc-gauge-absolute-differential.html,https://pishtaj.ir/knowledge-center/kc-gauge-absolute-differential.html,knowledge-center,راهنمای کامل ترانسمیتر فشار؛ مشخصات و قیمت | پیشرو تجهیز فرتاک,62,"راهنمای کامل ترانسمیتر فشار — انواع Gauge, Absolute, Differential — استانداردها، معیارهای انتخاب مهندسی…؛ همراه نکات قیمت و مسیر استعلام.",137,https://pishtaj.ir/knowledge-center/kc-gauge-absolute-differential.html,"index, follow","راهنمای کامل ترانسمیتر فشار — انواع Gauge, Absolute, Differential",1,11,1725,2,0,35,Article|BreadcrumbList|FAQPage,fa-IR|x-default,fa,sitemap-knowledge-center.xml,39.6,
knowledge-center/kc-gc-ph-o2-h2s.html,https://pishtaj.ir/knowledge-center/kc-gc-ph-o2-h2s.html,knowledge-center,راهنمای کامل آنالایزرهای فرآیندی؛ مشخصات و قیمت | پیشرو تجهیز,61,"راهنمای کامل آنالایزرهای فرآیندی — GC, pH, O2, H2S — استانداردها، معیارهای انتخاب مهندسی، الزامات MTC و بازرسی و راهنمای استعلام و خرید در پروژه‌های نفت…",153,https://pishtaj.ir/knowledge-center/kc-gc-ph-o2-h2s.html,"index, follow","راهنمای کامل آنالایزرهای فرآیندی — GC, pH, O2, H2S",1,11,1742,2,0,36,Article|BreadcrumbList|FAQPage,fa-IR|x-default,fa,sitemap-knowledge-center.xml,40.4,
knowledge-center/kc-globe-valve-flow-direction-guide.html,https://pishtaj.ir/knowledge-center/kc-globe-valve-flow-direction-guide.html,knowledge-center,جهت صحیح نصب شیر Globe Valve | پیشرو تجهیز فرتاک,48,راهنمای اهمیت جهت صحیح جریان در نصب شیر Globe، عواقب نصب اشتباه بر عمر نشیمنگاه و آب‌بندی، و روش تایید جهت نصب پیش از راه‌اندازی خط لوله…,137,https://pishtaj.ir/knowledge-center/kc-globe-valve-flow-direction-guide.html,"index, follow",اهمیت جهت جریان صحیح در نصب شیر Globe,1,13,1856,2,0,36,BreadcrumbList|TechArticle|Article|FAQPage,fa-IR|x-default,fa,sitemap-knowledge-center.xml,39.5,
knowledge-center/kc-globe-valve-type-type.html,https://pishtaj.ir/knowledge-center/kc-globe-valve-type-type.html,knowledge-center,راهنمای کامل شیرهای Globe Valve؛ مشخصات و قیمت | پیشرو تجهیز,60,راهنمای کامل شیرهای Globe Valve — انواع Z-Type و Y-Type — استانداردها، معیارهای انتخاب مهندسی، الزامات MTC و بازرسی و راهنمای استعلام و خرید در پروژه‌های نفت…,158,https://pishtaj.ir/knowledge-center/kc-globe-valve-type-type.html,"index, follow",راهنمای کامل شیرهای Globe Valve — انواع Z-Type و Y-Type,1,12,1932,2,0,36,Article|BreadcrumbList|FAQPage,fa-IR|x-default,fa,sitemap-knowledge-center.xml,42.2,
knowledge-center/kc-heat-exchanger-tema-class-selection.html,https://pishtaj.ir/knowledge-center/kc-heat-exchanger-tema-class-selection.html,knowledge-center,راهنمای انتخاب کلاس TEMA مبدل حرارتی | پیشرو تجهیز فرتاک,56,راهنمای فنی انتخاب کلاس TEMA (R/C/B) مبدل حرارتی بر اساس شدت سرویس واقعی — تفاوت‌های فنی کلاس‌ها، چارچوب ارزیابی ریسک و ترکیب کلاس‌ها در پروژه…,143,https://pishtaj.ir/knowledge-center/kc-heat-exchanger-tema-class-selection.html,"index, follow",راهنمای انتخاب کلاس TEMA (Class R/C/B) مبدل حرارتی,1,21,1873,2,0,35,BreadcrumbList|TechArticle|Article|FAQPage,fa-IR|x-default,fa,sitemap-knowledge-center.xml,41.8,
knowledge-center/kc-heat-tracing-power-calculation-guide.html,https://pishtaj.ir/knowledge-center/kc-heat-tracing-power-calculation-guide.html,knowledge-center,محاسبهٔ توان سیستم Heat Tracing لوله | پیشرو تجهیز فرتاک,56,راهنمای گام‌به‌گام محاسبهٔ توان موردنیاز سیستم گرمایش الکتریکی لوله (Heat Tracing) — فرمول تلفات حرارتی، ضرایب ایمنی، الگوی نصب و ناحیه‌بندی کنترل…,147,https://pishtaj.ir/knowledge-center/kc-heat-tracing-power-calculation-guide.html,"index, follow",راهنمای محاسبهٔ توان سیستم گرمایش الکتریکی لوله (Heat Tracing),1,17,1853,2,0,33,BreadcrumbList|TechArticle|Article|FAQPage,fa-IR|x-default,fa,sitemap-knowledge-center.xml,38.9,
knowledge-center/kc-heat-tracing.html,https://pishtaj.ir/knowledge-center/kc-heat-tracing.html,knowledge-center,راهنمای کامل سیستم گرمایش الکتریکی (Heat Tracing) لوله,54,راهنمای کامل سیستم گرمایش الکتریکی (Heat Tracing) لوله — استانداردها، معیارهای انتخاب مهندسی، الزامات MTC و بازرسی و راهنمای استعلام و خرید در پروژه‌های نفت…,157,https://pishtaj.ir/knowledge-center/kc-heat-tracing.html,"index, follow",راهنمای کامل سیستم گرمایش الکتریکی (Heat Tracing) لوله,1,12,1929,2,0,35,Article|BreadcrumbList|FAQPage,fa-IR|x-default,fa,sitemap-knowledge-center.xml,42.6,
knowledge-center/kc-hse-permit-to-work-system-guide.html,https://pishtaj.ir/knowledge-center/kc-hse-permit-to-work-system-guide.html,knowledge-center,سیستم مجوز کار (Permit to Work) صنعتی | پیشرو تجهیز فرتاک,57,راهنمای طراحی سیستم مجوز کار موثر — انواع Hot/Cold Work و Confined Space Permit، اصل ایزولاسیون مثبت، هماهنگی چند مجوز و ممیزی کیفیت اجرا…,138,https://pishtaj.ir/knowledge-center/kc-hse-permit-to-work-system-guide.html,"index, follow",راهنمای سیستم مجوز کار (Permit to Work) در صنایع فرایندی,1,22,1846,2,0,33,BreadcrumbList|TechArticle|Article|FAQPage,fa-IR|x-default,fa,sitemap-knowledge-center.xml,39.2,
knowledge-center/kc-hse.html,https://pishtaj.ir/knowledge-center/kc-hse.html,knowledge-center,راهنمای کامل سیستم مدیریت ایمنی (HSE) در صنایع فرایندی,54,راهنمای کامل سیستم مدیریت ایمنی (HSE) در صنایع فرایندی — استانداردها، معیارهای انتخاب مهندسی، الزامات MTC و بازرسی و راهنمای استعلام و خرید در پروژه‌های نفت…,157,https://pishtaj.ir/knowledge-center/kc-hse.html,"index, follow",راهنمای کامل سیستم مدیریت ایمنی (HSE) در صنایع فرایندی,1,10,1725,2,0,35,Article|BreadcrumbList|FAQPage,fa-IR|x-default,fa,sitemap-knowledge-center.xml,38.4,
knowledge-center/kc-hvac-pressurization-control-room.html,https://pishtaj.ir/knowledge-center/kc-hvac-pressurization-control-room.html,knowledge-center,فشار مثبت اتاق کنترل طبق NFPA 496 | پیشرو تجهیز فرتاک,53,راهنمای فنی طراحی سیستم فشار مثبت اتاق کنترل و اتاق برق پالایشگاه — انواع Type X/Y/Z طبق NFPA 496، محل ورودی هوا و Interlock آشکارساز گاز…,138,https://pishtaj.ir/knowledge-center/kc-hvac-pressurization-control-room.html,"index, follow",راهنمای طراحی فشار مثبت اتاق کنترل (Control Room Pressurization),1,19,1825,2,0,33,BreadcrumbList|TechArticle|Article|FAQPage,fa-IR|x-default,fa,sitemap-knowledge-center.xml,38.8,
knowledge-center/kc-hvac.html,https://pishtaj.ir/knowledge-center/kc-hvac.html,knowledge-center,راهنمای کامل سیستم تهویه صنعتی (HVAC) و فن‌های صنعتی,52,راهنمای کامل سیستم تهویه صنعتی (HVAC) و فن‌های صنعتی — استانداردها، معیارهای انتخاب مهندسی، الزامات MTC و بازرسی و راهنمای استعلام و خرید در پروژه‌های نفت…,155,https://pishtaj.ir/knowledge-center/kc-hvac.html,"index, follow",راهنمای کامل سیستم تهویه صنعتی (HVAC) و فن‌های صنعتی,1,10,1711,2,0,35,Article|BreadcrumbList|FAQPage,fa-IR|x-default,fa,sitemap-knowledge-center.xml,38.1,
knowledge-center/kc-hydraulic-control-valves.html,https://pishtaj.ir/knowledge-center/kc-hydraulic-control-valves.html,knowledge-center,راهنمای کامل شیرهای کنترل هیدرولیک؛ مشخصات و قیمت | پیشرو تجهیز,63,راهنمای کامل شیرهای کنترل هیدرولیک — استانداردها، معیارهای انتخاب مهندسی، الزامات MTC و بازرسی و راهنمای استعلام و خرید در پروژه‌های نفت، گاز و پتروشیمی…,153,https://pishtaj.ir/knowledge-center/kc-hydraulic-control-valves.html,"index, follow",راهنمای کامل شیرهای کنترل هیدرولیک,1,12,1896,2,0,37,Article|BreadcrumbList|FAQPage,fa-IR|x-default,fa,sitemap-knowledge-center.xml,42.4,
knowledge-center/kc-hydrotest-pressure-holding-time-calculation.html,https://pishtaj.ir/knowledge-center/kc-hydrotest-pressure-holding-time-calculation.html,knowledge-center,محاسبهٔ فشار تست و زمان نگه‌داشت هیدرواستاتیک | پیشرو تجهیز فرتاک,65,راهنمای محاسباتی فشار تست هیدرواستاتیک و مدت‌زمان نگه‌داشت طبق ASME B31.3 — فرمول تصحیح دمایی St/Sd، سقف فشار مجاز و تفکیک نوسان دما از نشتی واقعی…,147,https://pishtaj.ir/knowledge-center/kc-hydrotest-pressure-holding-time-calculation.html,"index, follow",راهنمای محاسبهٔ فشار تست و زمان نگه‌داشت تست هیدرواستاتیک,1,21,1894,2,0,39,BreadcrumbList|TechArticle|Article|FAQPage,fa-IR|x-default,fa,sitemap-knowledge-center.xml,42.2,
knowledge-center/kc-incoterms-2024.html,https://pishtaj.ir/knowledge-center/kc-incoterms-2024.html,knowledge-center,راهنمای کامل اینکوترمز (Incoterms) 2024 در تامین تجهیزات صنعتی,62,راهنمای کامل اینکوترمز (Incoterms) 2024 در تامین تجهیزات صنعتی — استانداردها، معیارهای انتخاب مهندسی، الزامات MTC و بازرسی و راهنمای استعلام و خرید در پروژه‌های…,161,https://pishtaj.ir/knowledge-center/kc-incoterms-2024.html,"index, follow",راهنمای کامل اینکوترمز (Incoterms) 2024 در تامین تجهیزات صنعتی,1,10,1700,2,0,33,Article|BreadcrumbList|FAQPage,fa-IR|x-default,fa,sitemap-knowledge-center.xml,38.4,
knowledge-center/kc-incoterms-fob-cif-risk-transfer-comparison.html,https://pishtaj.ir/knowledge-center/kc-incoterms-fob-cif-risk-transfer-comparison.html,knowledge-center,مقایسهٔ انتقال ریسک در ترم‌های FOB و CIF | پیشرو تجهیز فرتاک,60,راهنمای فنی مقایسهٔ نقطهٔ انتقال ریسک در ترم‌های تجاری FOB و CIF — سوءتفاهم رایج دربارهٔ مسئولیت بیمه، سطح پوشش استاندارد CIF و تصمیم‌گیری برای تجهیزات صنعتی…,158,https://pishtaj.ir/knowledge-center/kc-incoterms-fob-cif-risk-transfer-comparison.html,"index, follow",راهنمای مقایسهٔ انتقال ریسک در ترم‌های تجاری FOB و CIF,1,19,1807,2,0,33,BreadcrumbList|TechArticle|Article|FAQPage,fa-IR|x-default,fa,sitemap-knowledge-center.xml,38.6,
knowledge-center/kc-industrial-equipment-export.html,https://pishtaj.ir/knowledge-center/kc-industrial-equipment-export.html,knowledge-center,راهنمای کامل صادرات تجهیزات صنعتی به بازارهای بین‌المللی,56,راهنمای کامل صادرات تجهیزات صنعتی به بازارهای بین‌المللی — استانداردها، معیارهای انتخاب مهندسی، الزامات MTC و بازرسی و راهنمای استعلام و خرید در پروژه‌های نفت…,159,https://pishtaj.ir/knowledge-center/kc-industrial-equipment-export.html,"index, follow",راهنمای کامل صادرات تجهیزات صنعتی به بازارهای بین‌المللی,1,10,1693,2,0,37,Article|BreadcrumbList|FAQPage,fa-IR|x-default,fa,sitemap-knowledge-center.xml,39.1,
knowledge-center/kc-industrial-laboratory-equipment.html,https://pishtaj.ir/knowledge-center/kc-industrial-laboratory-equipment.html,knowledge-center,راهنمای کامل تجهیزات آزمایشگاهی صنعتی؛ مشخصات و قیمت | پیشرو,60,راهنمای کامل تجهیزات آزمایشگاهی صنعتی — استانداردها، معیارهای انتخاب مهندسی، الزامات MTC و بازرسی و راهنمای استعلام و خرید در پروژه‌های نفت، گاز و پتروشیمی…,156,https://pishtaj.ir/knowledge-center/kc-industrial-laboratory-equipment.html,"index, follow",راهنمای کامل تجهیزات آزمایشگاهی صنعتی,1,10,1651,2,0,37,Article|BreadcrumbList|FAQPage,fa-IR|x-default,fa,sitemap-knowledge-center.xml,38.4,
knowledge-center/kc-industrial-material-handling-transport.html,https://pishtaj.ir/knowledge-center/kc-industrial-material-handling-transport.html,knowledge-center,حمل تجهیزات صنعتی و جابجایی مواد؛ راهنمای کامل | پیشرو تجهیز,60,راهنمای کامل تجهیزات حمل و نقل و جابجایی مواد صنعتی — استانداردها، معیارهای انتخاب مهندسی، الزامات MTC و بازرسی و راهنمای استعلام و خرید در پروژه‌های نفت…,154,https://pishtaj.ir/knowledge-center/kc-industrial-material-handling-transport.html,"index, follow",حمل تجهیزات صنعتی و جابجایی مواد؛ راهنمای کامل,1,10,1715,2,0,35,Article|BreadcrumbList|FAQPage,fa-IR|x-default,fa,sitemap-knowledge-center.xml,37.4,
knowledge-center/kc-industrial-power-cable-sizing.html,https://pishtaj.ir/knowledge-center/kc-industrial-power-cable-sizing.html,knowledge-center,راهنمای کامل کابل‌های قدرت صنعتی؛ مشخصات و قیمت | پیشرو تجهیز,61,راهنمای کامل کابل‌های قدرت صنعتی — انتخاب و محاسبه سطح مقطع — استانداردها، معیارهای انتخاب مهندسی، الزامات MTC و بازرسی و راهنمای استعلام و خرید در پروژه‌های نفت…,162,https://pishtaj.ir/knowledge-center/kc-industrial-power-cable-sizing.html,"index, follow",راهنمای کامل کابل‌های قدرت صنعتی — انتخاب و محاسبه سطح مقطع,1,11,1702,2,0,34,Article|BreadcrumbList|FAQPage,fa-IR|x-default,fa,sitemap-knowledge-center.xml,38.8,
knowledge-center/kc-instrumentation-communication-protocols.html,https://pishtaj.ir/knowledge-center/kc-instrumentation-communication-protocols.html,knowledge-center,راهنمای کامل پروتکل‌های ارتباطی ابزار دقیق؛ مشخصات و قیمت | پیشرو,65,راهنمای کامل پروتکل‌های ارتباطی ابزار دقیق — استانداردها، معیارهای انتخاب مهندسی، الزامات MTC و بازرسی و راهنمای استعلام و خرید در پروژه‌های نفت، گاز و پتروشیمی…,161,https://pishtaj.ir/knowledge-center/kc-instrumentation-communication-protocols.html,"index, follow",راهنمای کامل پروتکل‌های ارتباطی ابزار دقیق,1,11,1750,2,0,37,Article|BreadcrumbList|FAQPage,fa-IR|x-default,fa,sitemap-knowledge-center.xml,41.1,
knowledge-center/kc-instrumentation-control-cables.html,https://pishtaj.ir/knowledge-center/kc-instrumentation-control-cables.html,knowledge-center,راهنمای کامل کابل‌های ابزار دقیق و کنترل صنعتی,46,راهنمای کامل کابل‌های ابزار دقیق و کنترل صنعتی — استانداردها، معیارهای انتخاب مهندسی، الزامات MTC و بازرسی و راهنمای استعلام و خرید در پروژه‌های نفت…,149,https://pishtaj.ir/knowledge-center/kc-instrumentation-control-cables.html,"index, follow",راهنمای کامل کابل‌های ابزار دقیق و کنترل صنعتی,1,11,1744,2,0,34,Article|BreadcrumbList|FAQPage,fa-IR|x-default,fa,sitemap-knowledge-center.xml,39.4,
knowledge-center/kc-international-lc-payment-terms-guide.html,https://pishtaj.ir/knowledge-center/kc-international-lc-payment-terms-guide.html,knowledge-center,راهنمای اعتبار اسنادی (LC) در خرید بین‌المللی | پیشرو تجهیز فرتاک,65,راهنمای فنی اعتبار اسنادی (LC) در خرید بین‌المللی تجهیزات صنعتی — انواع Irrevocable/Confirmed/Usance، اصل انطباق دقیق اسناد و چک‌لیست مدارک موردنیاز…,149,https://pishtaj.ir/knowledge-center/kc-international-lc-payment-terms-guide.html,"index, follow",راهنمای اعتبار اسنادی (LC) در خرید بین‌المللی تجهیزات صنعتی,1,20,1779,2,0,33,BreadcrumbList|TechArticle|Article|FAQPage,fa-IR|x-default,fa,sitemap-knowledge-center.xml,39.1,
knowledge-center/kc-international-marketing-oil-gas.html,https://pishtaj.ir/knowledge-center/kc-international-marketing-oil-gas.html,knowledge-center,راهنمای کامل بازاریابی بین‌المللی در صنایع نفت و گاز,52,راهنمای کامل بازاریابی بین‌المللی در صنایع نفت و گاز — استانداردها، معیارهای انتخاب مهندسی، الزامات MTC و بازرسی و راهنمای استعلام و خرید در پروژه‌های نفت…,155,https://pishtaj.ir/knowledge-center/kc-international-marketing-oil-gas.html,"index, follow",راهنمای کامل بازاریابی بین‌المللی در صنایع نفت و گاز,1,10,1725,2,0,37,Article|BreadcrumbList|FAQPage,fa-IR|x-default,fa,sitemap-knowledge-center.xml,39.0,
knowledge-center/kc-international-supply-contracts.html,https://pishtaj.ir/knowledge-center/kc-international-supply-contracts.html,knowledge-center,راهنمای کامل قراردادهای تامین بین‌المللی تجهیزات صنعتی,54,راهنمای کامل قراردادهای تامین بین‌المللی تجهیزات صنعتی — استانداردها، معیارهای انتخاب مهندسی، الزامات MTC و بازرسی و راهنمای استعلام و خرید در پروژه‌های نفت…,157,https://pishtaj.ir/knowledge-center/kc-international-supply-contracts.html,"index, follow",راهنمای کامل قراردادهای تامین بین‌المللی تجهیزات صنعتی,1,10,1697,2,0,35,Article|BreadcrumbList|FAQPage,fa-IR|x-default,fa,sitemap-knowledge-center.xml,37.7,
knowledge-center/kc-intrusion-detection-access-control.html,https://pishtaj.ir/knowledge-center/kc-intrusion-detection-access-control.html,knowledge-center,راهنمای کامل سیستم اعلام سرقت و کنترل دسترسی صنعتی,50,راهنمای کامل سیستم اعلام سرقت و کنترل دسترسی صنعتی — استانداردها، معیارهای انتخاب مهندسی، الزامات MTC و بازرسی و راهنمای استعلام و خرید در پروژه‌های نفت…,153,https://pishtaj.ir/knowledge-center/kc-intrusion-detection-access-control.html,"index, follow",راهنمای کامل سیستم اعلام سرقت و کنترل دسترسی صنعتی,1,10,1697,2,0,34,Article|BreadcrumbList|FAQPage,fa-IR|x-default,fa,sitemap-knowledge-center.xml,37.3,
knowledge-center/kc-lap-joint-stub-end-rotation-installation.html,https://pishtaj.ir/knowledge-center/kc-lap-joint-stub-end-rotation-installation.html,knowledge-center,نصب و چرخش صحیح فلنج Lap Joint روی Stub End | پیشرو تجهیز فرتاک,63,راهنمای اجرایی نصب فلنج Lap Joint روی Stub End — تشخیص وضعیت اریب، رویهٔ گام‌به‌گام نصب، قفل مکانیکی برای خطوط لرزشی و مزیت اقتصادی ترکیب متریال…,145,https://pishtaj.ir/knowledge-center/kc-lap-joint-stub-end-rotation-installation.html,"index, follow",راهنمای نصب و چرخش صحیح فلنج Lap Joint (LJ) روی Stub End,1,22,1945,2,0,35,BreadcrumbList|TechArticle|Article|FAQPage,fa-IR|x-default,fa,sitemap-knowledge-center.xml,39.7,
knowledge-center/kc-led.html,https://pishtaj.ir/knowledge-center/kc-led.html,knowledge-center,راهنمای کامل سیستم روشنایی صنعتی؛ مشخصات و قیمت | پیشرو تجهیز,61,راهنمای کامل سیستم روشنایی صنعتی — LED صنعتی و ضد انفجار — استانداردها، معیارهای انتخاب مهندسی، الزامات MTC و بازرسی و راهنمای استعلام و خرید در پروژه‌های نفت…,159,https://pishtaj.ir/knowledge-center/kc-led.html,"index, follow",راهنمای کامل سیستم روشنایی صنعتی — LED صنعتی و ضد انفجار,1,11,1718,2,0,35,Article|BreadcrumbList|FAQPage,fa-IR|x-default,fa,sitemap-knowledge-center.xml,39.8,
knowledge-center/kc-level-measurement-6-methods.html,https://pishtaj.ir/knowledge-center/kc-level-measurement-6-methods.html,knowledge-center,راهنمای کامل اندازه‌گیری سطح در صنایع نفت و گاز,47,راهنمای کامل اندازه‌گیری سطح در صنایع نفت و گاز — ۶ روش برتر — استانداردها، معیارهای انتخاب مهندسی، الزامات MTC و بازرسی و راهنمای استعلام و خرید در پروژه‌های…,159,https://pishtaj.ir/knowledge-center/kc-level-measurement-6-methods.html,"index, follow",راهنمای کامل اندازه‌گیری سطح در صنایع نفت و گاز — ۶ روش برتر,1,10,1769,2,0,35,Article|BreadcrumbList|FAQPage,fa-IR|x-default,fa,sitemap-knowledge-center.xml,37.8,
knowledge-center/kc-lightning-arrester-coordination-study.html,https://pishtaj.ir/knowledge-center/kc-lightning-arrester-coordination-study.html,knowledge-center,مطالعهٔ هماهنگی برقگیر صنعتی | پیشرو تجهیز فرتاک,48,راهنمای فنی مطالعهٔ هماهنگی برقگیر با سطح عایقی تجهیزات — محاسبهٔ حاشیهٔ حفاظتی، اثر فاصلهٔ نصب، انتخاب کلاس انرژی و تست دورهٔ جریان نشتی برقگیر MOV…,149,https://pishtaj.ir/knowledge-center/kc-lightning-arrester-coordination-study.html,"index, follow",راهنمای مطالعهٔ هماهنگی برقگیر (Insulation Coordination Study),1,19,1815,2,0,33,BreadcrumbList|TechArticle|Article|FAQPage,fa-IR|x-default,fa,sitemap-knowledge-center.xml,39.5,
knowledge-center/kc-lightning-protection-arrester.html,https://pishtaj.ir/knowledge-center/kc-lightning-protection-arrester.html,knowledge-center,راهنمای کامل برقگیر و سیستم حفاظت در برابر صاعقه صنعتی,54,راهنمای کامل برقگیر و سیستم حفاظت در برابر صاعقه صنعتی — استانداردها، معیارهای انتخاب مهندسی، الزامات MTC و بازرسی و راهنمای استعلام و خرید در پروژه‌های نفت…,157,https://pishtaj.ir/knowledge-center/kc-lightning-protection-arrester.html,"index, follow",راهنمای کامل برقگیر و سیستم حفاظت در برابر صاعقه صنعتی,1,10,1762,2,0,35,Article|BreadcrumbList|FAQPage,fa-IR|x-default,fa,sitemap-knowledge-center.xml,37.7,
knowledge-center/kc-lng-boil-off-gas-management.html,https://pishtaj.ir/knowledge-center/kc-lng-boil-off-gas-management.html,knowledge-center,مدیریت گاز تبخیرشدهٔ LNG (Boil-Off Gas) | پیشرو تجهیز فرتاک,59,راهنمای فنی مدیریت گاز تبخیرشدهٔ LNG — مقایسه فلرینگ، مایع‌سازی مجدد و سوخت کشتی، تعادل ظرفیت بازیافت با نرخ تبخیر و مدیریت اوج BOG حین بارگیری…,144,https://pishtaj.ir/knowledge-center/kc-lng-boil-off-gas-management.html,"index, follow",راهنمای مدیریت گاز تبخیرشدهٔ LNG (Boil-Off Gas Management),1,20,1848,2,0,33,BreadcrumbList|TechArticle|Article|FAQPage,fa-IR|x-default,fa,sitemap-knowledge-center.xml,39.6,
knowledge-center/kc-load-cell-calibration-procedure.html,https://pishtaj.ir/knowledge-center/kc-load-cell-calibration-procedure.html,knowledge-center,کالیبراسیون لودسل با وزنه مرجع OIML | پیشرو تجهیز فرتاک,55,راهنمای فنی کالیبراسیون لودسل با وزنه‌های مرجع OIML، تشخیص خطای Creep و Non-linearity، انتخاب کلاس دقت وزنه مرجع و بازه زمانی مناسب کالیبراسیون…,144,https://pishtaj.ir/knowledge-center/kc-load-cell-calibration-procedure.html,"index, follow",رویهٔ کالیبراسیون لودسل با وزنه‌های مرجع OIML,1,12,1776,2,0,33,BreadcrumbList|TechArticle|Article|FAQPage,fa-IR|x-default,fa,sitemap-knowledge-center.xml,38.8,
knowledge-center/kc-load-cell.html,https://pishtaj.ir/knowledge-center/kc-load-cell.html,knowledge-center,راهنمای کامل لودسل (Load Cell) و سیستم توزین صنعتی,50,راهنمای کامل لودسل (Load Cell) و سیستم توزین صنعتی — استانداردها، معیارهای انتخاب مهندسی، الزامات MTC و بازرسی و راهنمای استعلام و خرید در پروژه‌های نفت…,153,https://pishtaj.ir/knowledge-center/kc-load-cell.html,"index, follow",راهنمای کامل لودسل (Load Cell) و سیستم توزین صنعتی,1,11,1768,2,0,35,Article|BreadcrumbList|FAQPage,fa-IR|x-default,fa,sitemap-knowledge-center.xml,40.2,
knowledge-center/kc-lubrication-oil-analysis-condition-monitoring.html,https://pishtaj.ir/knowledge-center/kc-lubrication-oil-analysis-condition-monitoring.html,knowledge-center,آنالیز روغن و پایش وضعیت تجهیزات دوار | پیشرو تجهیز فرتاک,57,راهنمای فنی آنالیز دورهٔ روغن برای نگهداری پیشگویانهٔ تجهیزات دوار — پارامترهای کلیدی، روش نمونه‌گیری صحیح، Ferrography و تعویض روغن بر اساس وضعیت…,147,https://pishtaj.ir/knowledge-center/kc-lubrication-oil-analysis-condition-monitoring.html,"index, follow",راهنمای آنالیز روغن و پایش وضعیت (Condition Monitoring) تجهیزات دوار,1,20,1837,2,0,33,BreadcrumbList|TechArticle|Article|FAQPage,fa-IR|x-default,fa,sitemap-knowledge-center.xml,40.9,
knowledge-center/kc-lubrication-system.html,https://pishtaj.ir/knowledge-center/kc-lubrication-system.html,knowledge-center,راهنمای کامل سیستم روغن‌کاری صنعتی (Lubrication System),55,راهنمای کامل سیستم روغن‌کاری صنعتی (Lubrication System) — استانداردها، معیارهای انتخاب مهندسی، الزامات MTC و بازرسی و راهنمای استعلام و خرید در پروژه‌های نفت…,158,https://pishtaj.ir/knowledge-center/kc-lubrication-system.html,"index, follow",راهنمای کامل سیستم روغن‌کاری صنعتی (Lubrication System),1,10,1680,2,0,35,Article|BreadcrumbList|FAQPage,fa-IR|x-default,fa,sitemap-knowledge-center.xml,38.0,
knowledge-center/kc-mv-switchgear-arc-flash-study.html,https://pishtaj.ir/knowledge-center/kc-mv-switchgear-arc-flash-study.html,knowledge-center,مطالعهٔ قوس الکتریکی تابلوهای فشار متوسط | پیشرو تجهیز فرتاک,60,راهنمای فنی مطالعهٔ Arc Flash تابلوهای MV — محاسبهٔ انرژی حادثه، بهینه‌سازی زمان قطع رله، حالت Maintenance Mode و برچسب‌گذاری هشدار طبق استاندارد…,146,https://pishtaj.ir/knowledge-center/kc-mv-switchgear-arc-flash-study.html,"index, follow",راهنمای مطالعهٔ قوس الکتریکی (Arc Flash Study) تابلوهای فشار متوسط,1,19,1850,2,0,34,BreadcrumbList|TechArticle|Article|FAQPage,fa-IR|x-default,fa,sitemap-knowledge-center.xml,39.9,
knowledge-center/kc-mv-switchgear.html,https://pishtaj.ir/knowledge-center/kc-mv-switchgear.html,knowledge-center,راهنمای کامل تابلوهای برق فشار متوسط (MV Switchgear),52,راهنمای کامل تابلوهای برق فشار متوسط (MV Switchgear) — استانداردها، معیارهای انتخاب مهندسی، الزامات MTC و بازرسی و راهنمای استعلام و خرید در پروژه‌های نفت…,155,https://pishtaj.ir/knowledge-center/kc-mv-switchgear.html,"index, follow",راهنمای کامل تابلوهای برق فشار متوسط (MV Switchgear),1,11,1872,2,0,38,Article|BreadcrumbList|FAQPage,fa-IR|x-default,fa,sitemap-knowledge-center.xml,42.8,
knowledge-center/kc-ndt-method-selection-by-defect-type.html,https://pishtaj.ir/knowledge-center/kc-ndt-method-selection-by-defect-type.html,knowledge-center,راهنمای انتخاب روش NDT بر اساس نوع عیب | پیشرو تجهیز فرتاک,58,راهنمای فنی انتخاب روش تست غیرمخرب متناسب با نوع عیب — ماتریس تصمیم‌گیری MT/PT/UT/RT، مقایسه رادیوگرافی و فراصوتی، روش‌های نوین PAUT/TOFD…,138,https://pishtaj.ir/knowledge-center/kc-ndt-method-selection-by-defect-type.html,"index, follow",راهنمای انتخاب روش NDT بر اساس نوع و موقعیت عیب,1,21,1885,2,0,33,BreadcrumbList|TechArticle|Article|FAQPage,fa-IR|x-default,fa,sitemap-knowledge-center.xml,39.6,
knowledge-center/kc-ndt.html,https://pishtaj.ir/knowledge-center/kc-ndt.html,knowledge-center,راهنمای کامل تست‌های غیرمخرب (NDT) در پایپینگ؛ مشخصات و قیمت,60,راهنمای کامل تست‌های غیرمخرب (NDT) در پایپینگ — استانداردها، معیارهای انتخاب مهندسی، الزامات MTC و بازرسی و راهنمای استعلام و خرید در پروژه‌های نفت، گاز و پتروشیمی…,164,https://pishtaj.ir/knowledge-center/kc-ndt.html,"index, follow",راهنمای کامل تست‌های غیرمخرب (NDT) در پایپینگ,1,10,1700,2,0,35,Article|BreadcrumbList|FAQPage,fa-IR|x-default,fa,sitemap-knowledge-center.xml,38.2,
knowledge-center/kc-ngl-lpg-lng.html,https://pishtaj.ir/knowledge-center/kc-ngl-lpg-lng.html,knowledge-center,"راهنمای کامل تجهیزات خطوط گاز طبیعی (NGL, LPG, LNG)",51,"راهنمای کامل تجهیزات خطوط گاز طبیعی (NGL, LPG, LNG) — استانداردها، معیارهای انتخاب مهندسی، الزامات MTC و بازرسی و راهنمای استعلام و خرید در پروژه‌های نفت…",154,https://pishtaj.ir/knowledge-center/kc-ngl-lpg-lng.html,"index, follow","راهنمای کامل تجهیزات خطوط گاز طبیعی (NGL, LPG, LNG)",1,10,1767,2,0,35,Article|BreadcrumbList|FAQPage,fa-IR|x-default,fa,sitemap-knowledge-center.xml,38.6,
knowledge-center/kc-ngl-recovery-turboexpander-process.html,https://pishtaj.ir/knowledge-center/kc-ngl-recovery-turboexpander-process.html,knowledge-center,فرآیند Turboexpander در بازیافت NGL | پیشرو تجهیز فرتاک,55,راهنمای فنی فرآیند توربواکسپندر در واحدهای بازیافت NGL — مقایسه با شیر JT، یاتاقان مغناطیسی، چالش یخ‌زدگی و طراحی تک‌شفت با کمپرسور تراکم مجدد…,143,https://pishtaj.ir/knowledge-center/kc-ngl-recovery-turboexpander-process.html,"index, follow",راهنمای فرآیند Turboexpander در واحدهای بازیافت NGL,1,19,1838,2,0,33,BreadcrumbList|TechArticle|Article|FAQPage,fa-IR|x-default,fa,sitemap-knowledge-center.xml,40.5,
knowledge-center/kc-ngl-recovery.html,https://pishtaj.ir/knowledge-center/kc-ngl-recovery.html,knowledge-center,راهنمای کامل تجهیزات خطوط انتقال گاز (NGL Recovery),51,راهنمای کامل تجهیزات خطوط انتقال گاز (NGL Recovery) — استانداردها، معیارهای انتخاب مهندسی، الزامات MTC و بازرسی و راهنمای استعلام و خرید در پروژه‌های نفت…,154,https://pishtaj.ir/knowledge-center/kc-ngl-recovery.html,"index, follow",راهنمای کامل تجهیزات خطوط انتقال گاز (NGL Recovery),1,10,1708,2,0,35,Article|BreadcrumbList|FAQPage,fa-IR|x-default,fa,sitemap-knowledge-center.xml,38.2,
knowledge-center/kc-nitrogen-air-natural-gas.html,https://pishtaj.ir/knowledge-center/kc-nitrogen-air-natural-gas.html,knowledge-center,"راهنمای کامل سیستم گازرسانی صنعتی (Nitrogen, Air, Natural Gas)",62,"راهنمای کامل سیستم گازرسانی صنعتی (Nitrogen, Air, Natural Gas) — استانداردها، معیارهای انتخاب مهندسی، الزامات MTC و بازرسی و راهنمای استعلام و خرید در پروژه‌های…",161,https://pishtaj.ir/knowledge-center/kc-nitrogen-air-natural-gas.html,"index, follow","راهنمای کامل سیستم گازرسانی صنعتی (Nitrogen, Air, Natural Gas)",1,10,1724,2,0,35,Article|BreadcrumbList|FAQPage,fa-IR|x-default,fa,sitemap-knowledge-center.xml,38.5,
knowledge-center/kc-nitrogen-purging-procedure-safety.html,https://pishtaj.ir/knowledge-center/kc-nitrogen-purging-procedure-safety.html,knowledge-center,رویهٔ ایمن پرج نیتروژن (Nitrogen Purging) | پیشرو تجهیز فرتاک,61,راهنمای ایمنی عملیات پرج نیتروژن تجهیزات و خطوط لوله — تفاوت Inerting و Purging، خطر خفگی خاموش، شناسایی Dead Leg و مجوز کار رسمی برای ورود پرسنل…,146,https://pishtaj.ir/knowledge-center/kc-nitrogen-purging-procedure-safety.html,"index, follow",راهنمای رویهٔ ایمن پرج نیتروژن (Nitrogen Purging) تجهیزات صنعتی,1,19,1825,2,0,33,BreadcrumbList|TechArticle|Article|FAQPage,fa-IR|x-default,fa,sitemap-knowledge-center.xml,39.0,
knowledge-center/kc-nps-dn-schedule-od-wt.html,https://pishtaj.ir/knowledge-center/kc-nps-dn-schedule-od-wt.html,knowledge-center,راهنمای کامل ابعاد لوله‌های صنعتی؛ مشخصات و قیمت | پیشرو تجهیز,62,"راهنمای کامل ابعاد لوله‌های صنعتی — NPS, DN, Schedule, OD, WT — استانداردها، معیارهای انتخاب مهندسی، الزامات MTC و بازرسی و راهنمای استعلام و خرید در پروژه‌های…",160,https://pishtaj.ir/knowledge-center/kc-nps-dn-schedule-od-wt.html,"index, follow","راهنمای کامل ابعاد لوله‌های صنعتی — NPS, DN, Schedule, OD, WT",1,12,1921,2,0,35,Article|BreadcrumbList|FAQPage,fa-IR|x-default,fa,sitemap-knowledge-center.xml,42.5,
knowledge-center/kc-offshore-subsea-pipeline-cathodic-protection.html,https://pishtaj.ir/knowledge-center/kc-offshore-subsea-pipeline-cathodic-protection.html,knowledge-center,حفاظت کاتدی خط لولهٔ زیردریایی Offshore | پیشرو تجهیز فرتاک,59,راهنمای فنی حفاظت کاتدی خط لولهٔ زیردریایی — آند فداشونده در برابر جریان اعمالی، محاسبهٔ حجم آند، هماهنگی با پوشش خارجی و پایش با ROV در اعماق دریا…,148,https://pishtaj.ir/knowledge-center/kc-offshore-subsea-pipeline-cathodic-protection.html,"index, follow",راهنمای حفاظت کاتدی خط لولهٔ زیردریایی (Subsea Pipeline Cathodic Protection),1,20,1850,2,0,33,BreadcrumbList|TechArticle|Article|FAQPage,fa-IR|x-default,fa,sitemap-knowledge-center.xml,40.3,
knowledge-center/kc-offshore.html,https://pishtaj.ir/knowledge-center/kc-offshore.html,knowledge-center,راهنمای کامل تجهیزات صنایع نفت و گاز فراساحل (Offshore),55,راهنمای کامل تجهیزات صنایع نفت و گاز فراساحل (Offshore)؛ کاربردها، استانداردهای کلیدی، نکات انتخاب فنی، قیمت و مسیر استعلام برای پروژه‌های صنعتی و EPC.,151,https://pishtaj.ir/knowledge-center/kc-offshore.html,"index, follow",راهنمای کامل تجهیزات صنایع نفت و گاز فراساحل (Offshore),1,10,1769,2,0,35,Article|BreadcrumbList|FAQPage,fa-IR|x-default,fa,sitemap-knowledge-center.xml,38.8,
knowledge-center/kc-oil-gas-export-terminal-equipment.html,https://pishtaj.ir/knowledge-center/kc-oil-gas-export-terminal-equipment.html,knowledge-center,راهنمای کامل تجهیزات پایانه‌های صادراتی نفت و گاز,49,راهنمای کامل تجهیزات پایانه‌های صادراتی نفت و گاز — استانداردها، معیارهای انتخاب مهندسی، الزامات MTC و بازرسی و راهنمای استعلام و خرید در پروژه‌های نفت…,152,https://pishtaj.ir/knowledge-center/kc-oil-gas-export-terminal-equipment.html,"index, follow",راهنمای کامل تجهیزات پایانه‌های صادراتی نفت و گاز,1,10,1710,2,0,37,Article|BreadcrumbList|FAQPage,fa-IR|x-default,fa,sitemap-knowledge-center.xml,38.9,
knowledge-center/kc-oil-gas-pipeline-equipment.html,https://pishtaj.ir/knowledge-center/kc-oil-gas-pipeline-equipment.html,knowledge-center,راهنمای کامل تجهیزات خطوط لوله انتقال نفت و گاز,47,راهنمای کامل تجهیزات خطوط لوله انتقال نفت و گاز — استانداردها، معیارهای انتخاب مهندسی، الزامات MTC و بازرسی و راهنمای استعلام و خرید در پروژه‌های نفت…,150,https://pishtaj.ir/knowledge-center/kc-oil-gas-pipeline-equipment.html,"index, follow",راهنمای کامل تجهیزات خطوط لوله انتقال نفت و گاز,1,12,1972,2,0,35,Article|BreadcrumbList|FAQPage,fa-IR|x-default,fa,sitemap-knowledge-center.xml,41.7,
knowledge-center/kc-oil-refinery-equipment.html,https://pishtaj.ir/knowledge-center/kc-oil-refinery-equipment.html,knowledge-center,راهنمای کامل تجهیزات پالایشگاه نفت؛ مشخصات و قیمت | پیشرو تجهیز,63,"تجهیزات پالایشگاه نفت شامل برج تقطیر, کوره, مبدل حرارتی, پمپ API 610, کمپرسور و شیرآلات API؛ همراه نکات قیمت و مسیر استعلام.",124,https://pishtaj.ir/knowledge-center/kc-oil-refinery-equipment.html,"index, follow",راهنمای کامل تجهیزات پالایشگاه نفت — از واحد تقطیر تا واحد گوگرد زدایی,1,10,1773,2,0,35,Article|BreadcrumbList|FAQPage,fa-IR|x-default,fa,sitemap-knowledge-center.xml,37.4,
knowledge-center/kc-olefin-cracking-furnace-coil-design.html,https://pishtaj.ir/knowledge-center/kc-olefin-cracking-furnace-coil-design.html,knowledge-center,طراحی کویل کورهٔ کراکینگ الفین | پیشرو تجهیز فرتاک,50,راهنمای فنی طراحی کویل کورهٔ کراکینگ الفین — اهمیت زمان اقامت کوتاه، مقایسه آرایش کویل، متریال مقاوم به کربوریزاسیون و پایش دمای سطح لوله…,138,https://pishtaj.ir/knowledge-center/kc-olefin-cracking-furnace-coil-design.html,"index, follow",راهنمای طراحی کویل کورهٔ کراکینگ الفین (Olefin Cracking Furnace),1,22,1890,2,0,34,BreadcrumbList|TechArticle|Article|FAQPage,fa-IR|x-default,fa,sitemap-knowledge-center.xml,40.8,
knowledge-center/kc-orifice-plate-beta-ratio-sizing.html,https://pishtaj.ir/knowledge-center/kc-orifice-plate-beta-ratio-sizing.html,knowledge-center,محاسبهٔ نسبت بتا صفحهٔ اریفیس (ISO 5167) | پیشرو تجهیز فرتاک,60,راهنمای محاسباتی نسبت بتا (Beta Ratio) صفحهٔ اریفیس طبق ISO 5167 — تعادل افت فشار و دقت، فرآیند گام‌به‌گام سایزینگ و تاثیر بر طول مستقیم لوله موردنیاز…,151,https://pishtaj.ir/knowledge-center/kc-orifice-plate-beta-ratio-sizing.html,"index, follow",راهنمای محاسبهٔ نسبت بتا (Beta Ratio) صفحهٔ اریفیس طبق ISO 5167,1,20,1844,2,0,33,BreadcrumbList|TechArticle|Article|FAQPage,fa-IR|x-default,fa,sitemap-knowledge-center.xml,39.8,
knowledge-center/kc-petrochemical-complex-equipment.html,https://pishtaj.ir/knowledge-center/kc-petrochemical-complex-equipment.html,knowledge-center,راهنمای کامل تجهیزات مجتمع پتروشیمی؛ مشخصات و قیمت | پیشرو تجهیز,64,راهنمای کامل تجهیزات مجتمع پتروشیمی؛ واحدهای الفین و آروماتیک، کمپرسورها، مبدل‌های حرارتی، برج‌ها و استانداردهای API برای تامین تجهیزات پروژه‌های پتروشیمی…,155,https://pishtaj.ir/knowledge-center/kc-petrochemical-complex-equipment.html,"index, follow",راهنمای کامل تجهیزات مجتمع پتروشیمی — واحدهای الفین و آروماتیک,1,10,1726,2,0,35,Article|BreadcrumbList|FAQPage,fa-IR|x-default,fa,sitemap-knowledge-center.xml,37.6,
knowledge-center/kc-pipe-support-steel-structure.html,https://pishtaj.ir/knowledge-center/kc-pipe-support-steel-structure.html,knowledge-center,راهنمای کامل سازه فلزی و ساپورت لوله در خطوط لوله کشی صنعتی,59,راهنمای کامل سازه فلزی و ساپورت لوله در خطوط لوله کشی صنعتی — استانداردها، معیارهای انتخاب مهندسی، الزامات MTC و بازرسی و راهنمای استعلام و خرید در پروژه‌های نفت…,162,https://pishtaj.ir/knowledge-center/kc-pipe-support-steel-structure.html,"index, follow",راهنمای کامل سازه فلزی و ساپورت لوله در خطوط لوله کشی صنعتی,1,12,1953,2,0,34,Article|BreadcrumbList|FAQPage,fa-IR|x-default,fa,sitemap-knowledge-center.xml,41.9,
knowledge-center/kc-pipe-thermal-insulation.html,https://pishtaj.ir/knowledge-center/kc-pipe-thermal-insulation.html,knowledge-center,راهنمای کامل عایق‌کاری حرارتی لوله‌های صنعتی؛ مشخصات و قیمت,59,راهنمای کامل عایق‌کاری حرارتی لوله‌های صنعتی — استانداردها، معیارهای انتخاب مهندسی، الزامات MTC و بازرسی و راهنمای استعلام و خرید در پروژه‌های نفت، گاز و پتروشیمی…,163,https://pishtaj.ir/knowledge-center/kc-pipe-thermal-insulation.html,"index, follow",راهنمای کامل عایق‌کاری حرارتی لوله‌های صنعتی,1,12,1874,2,0,34,Article|BreadcrumbList|FAQPage,fa-IR|x-default,fa,sitemap-knowledge-center.xml,41.5,
knowledge-center/kc-pipe-wall-thickness-corrosion-allowance.html,https://pishtaj.ir/knowledge-center/kc-pipe-wall-thickness-corrosion-allowance.html,knowledge-center,محاسبهٔ ضخامت لوله و حاشیهٔ خوردگی | پیشرو تجهیز فرتاک,54,راهنمای فنی محاسبهٔ ضخامت موردنیاز لوله صنعتی و حاشیهٔ خوردگی طبق ASME B31.3 — فرمول پایه، تعیین CA بر اساس نرخ خوردگی و بازرسی ضخامت‌سنجی دورهٔ…,145,https://pishtaj.ir/knowledge-center/kc-pipe-wall-thickness-corrosion-allowance.html,"index, follow",راهنمای محاسبهٔ ضخامت لوله و حاشیهٔ خوردگی (Corrosion Allowance),1,20,1812,2,0,33,BreadcrumbList|TechArticle|Article|FAQPage,fa-IR|x-default,fa,sitemap-knowledge-center.xml,40.2,
knowledge-center/kc-pipeline-coating-holiday-detection.html,https://pishtaj.ir/knowledge-center/kc-pipeline-coating-holiday-detection.html,knowledge-center,پوشش خط لوله و تشخیص عیب پوشش Holiday | پیشرو تجهیز فرتاک,57,راهنمای فنی تشخیص عیب پوشش خط لوله (Holiday Detection) — مقایسه آشکارساز جرقه‌ای، اسفنج خیس و DCVG، اهمیت بازرسی پیش از دفن و پوشش محل جوش…,139,https://pishtaj.ir/knowledge-center/kc-pipeline-coating-holiday-detection.html,"index, follow",راهنمای پوشش خط لوله و تشخیص عیب پوشش (Holiday Detection),1,20,1856,2,0,33,BreadcrumbList|TechArticle|Article|FAQPage,fa-IR|x-default,fa,sitemap-knowledge-center.xml,39.6,
knowledge-center/kc-pipeline-corrosion-prevention.html,https://pishtaj.ir/knowledge-center/kc-pipeline-corrosion-prevention.html,knowledge-center,راهنمای کامل خوردگی در خطوط لوله و روش‌های پیشگیری,50,راهنمای کامل خوردگی در خطوط لوله و روش‌های پیشگیری — استانداردها، معیارهای انتخاب مهندسی، الزامات MTC و بازرسی و راهنمای استعلام و خرید در پروژه‌های نفت…,153,https://pishtaj.ir/knowledge-center/kc-pipeline-corrosion-prevention.html,"index, follow",راهنمای کامل خوردگی در خطوط لوله و روش‌های پیشگیری,1,12,1950,2,0,35,Article|BreadcrumbList|FAQPage,fa-IR|x-default,fa,sitemap-knowledge-center.xml,41.8,
knowledge-center/kc-pipeline-pigging-cleaning-operations.html,https://pishtaj.ir/knowledge-center/kc-pipeline-pigging-cleaning-operations.html,knowledge-center,عملیات پیگینگ و تمیزکاری خط لوله (Pigging) | پیشرو تجهیز فرتاک,62,راهنمای فنی عملیات پیگینگ خط لوله — انواع پیگ فومی/سخت/هوشمند/باچینگ، طراحی Launcher/Receiver، کنترل سرعت پیگ و مدیریت ریسک گیرکردن پیگ…,136,https://pishtaj.ir/knowledge-center/kc-pipeline-pigging-cleaning-operations.html,"index, follow",راهنمای عملیات پیگینگ و تمیزکاری خط لوله (Pipeline Pigging),1,20,1852,2,0,33,BreadcrumbList|TechArticle|Article|FAQPage,fa-IR|x-default,fa,sitemap-knowledge-center.xml,39.7,
knowledge-center/kc-pipeline-welding-npi-qualification.html,https://pishtaj.ir/knowledge-center/kc-pipeline-welding-npi-qualification.html,knowledge-center,تایید صلاحیت جوشکار و روش جوشکاری خط لوله | پیشرو تجهیز فرتاک,61,راهنمای فنی تایید صلاحیت WPS، PQR و WPQ در جوشکاری خط لوله — فرآیند تدوین و تایید روش، محدودهٔ متغیرهای اساسی و مدیریت تمدید صلاحیت جوشکار…,139,https://pishtaj.ir/knowledge-center/kc-pipeline-welding-npi-qualification.html,"index, follow",راهنمای تایید صلاحیت جوشکار و روش جوشکاری خط لوله (WPS/PQR/WPQ),1,20,1834,2,0,33,BreadcrumbList|TechArticle|Article|FAQPage,fa-IR|x-default,fa,sitemap-knowledge-center.xml,39.7,
knowledge-center/kc-pipeline-welding-standards.html,https://pishtaj.ir/knowledge-center/kc-pipeline-welding-standards.html,knowledge-center,راهنمای کامل جوشکاری خطوط لوله؛ مشخصات و قیمت | پیشرو تجهیز فرتاک,65,راهنمای کامل جوشکاری خطوط لوله — روش‌ها و استانداردها — استانداردها، معیارهای انتخاب مهندسی، الزامات MTC و بازرسی و راهنمای استعلام و خرید در پروژه‌های نفت…,156,https://pishtaj.ir/knowledge-center/kc-pipeline-welding-standards.html,"index, follow",راهنمای کامل جوشکاری خطوط لوله — روش‌ها و استانداردها,1,12,1912,2,0,35,Article|BreadcrumbList|FAQPage,fa-IR|x-default,fa,sitemap-knowledge-center.xml,41.2,
knowledge-center/kc-plc-programming-languages-guide.html,https://pishtaj.ir/knowledge-center/kc-plc-programming-languages-guide.html,knowledge-center,زبان‌های برنامه‌نویسی PLC | پیشرو تجهیز فرتاک,45,راهنمای ۵ زبان استاندارد برنامه‌نویسی PLC طبق IEC 61131-3 شامل Ladder، FBD، SFC، ST و IL، جدول تصمیم‌گیری کاربرد و اثر انتخاب زبان بر هزینه نگهداری بلندمدت…,156,https://pishtaj.ir/knowledge-center/kc-plc-programming-languages-guide.html,"index, follow",پنج زبان استاندارد برنامه‌نویسی PLC طبق IEC 61131-3,1,12,1781,2,0,33,BreadcrumbList|TechArticle|Article|FAQPage,fa-IR|x-default,fa,sitemap-knowledge-center.xml,38.9,
knowledge-center/kc-plc.html,https://pishtaj.ir/knowledge-center/kc-plc.html,knowledge-center,راهنمای کامل تابلوهای PLC و اتوماسیون صنعتی؛ مشخصات و قیمت,58,راهنمای کامل تابلوهای PLC و اتوماسیون صنعتی — استانداردها، معیارهای انتخاب مهندسی، الزامات MTC و بازرسی و راهنمای استعلام و خرید در پروژه‌های نفت، گاز و پتروشیمی…,162,https://pishtaj.ir/knowledge-center/kc-plc.html,"index, follow",راهنمای کامل تابلوهای PLC و اتوماسیون صنعتی,1,11,1733,2,0,35,Article|BreadcrumbList|FAQPage,fa-IR|x-default,fa,sitemap-knowledge-center.xml,40.2,
knowledge-center/kc-pm-predictive-vs-preventive-strategy.html,https://pishtaj.ir/knowledge-center/kc-pm-predictive-vs-preventive-strategy.html,knowledge-center,نگهداری پیشگویانه در برابر پیشگیرانه | پیشرو تجهیز فرتاک,56,راهنمای انتخاب استراتژی نگهداری صنعتی — تفاوت Preventive و Predictive Maintenance، معیار توجیه اقتصادی PdM و پیاده‌سازی RCM بر اساس تحلیل ریسک تجهیزات…,151,https://pishtaj.ir/knowledge-center/kc-pm-predictive-vs-preventive-strategy.html,"index, follow",راهنمای انتخاب استراتژی نگهداری پیشگویانه در برابر پیشگیرانه,1,22,1822,2,0,33,BreadcrumbList|TechArticle|Article|FAQPage,fa-IR|x-default,fa,sitemap-knowledge-center.xml,40.4,
knowledge-center/kc-pm.html,https://pishtaj.ir/knowledge-center/kc-pm.html,knowledge-center,راهنمای کامل نگهداری و تعمیرات (PM) تجهیزات صنعتی,49,راهنمای کامل نگهداری و تعمیرات (PM) تجهیزات صنعتی — استانداردها، معیارهای انتخاب مهندسی، الزامات MTC و بازرسی و راهنمای استعلام و خرید در پروژه‌های نفت…,152,https://pishtaj.ir/knowledge-center/kc-pm.html,"index, follow",راهنمای کامل نگهداری و تعمیرات (PM) تجهیزات صنعتی,1,10,1707,2,0,35,Article|BreadcrumbList|FAQPage,fa-IR|x-default,fa,sitemap-knowledge-center.xml,38.3,
knowledge-center/kc-pneumatic-electropneumatic-control-valves.html,https://pishtaj.ir/knowledge-center/kc-pneumatic-electropneumatic-control-valves.html,knowledge-center,راهنمای کامل شیرهای کنترل پنوماتیک و الکتروپنوماتیک,51,راهنمای کامل شیرهای کنترل پنوماتیک و الکتروپنوماتیک — استانداردها، معیارهای انتخاب مهندسی، الزامات MTC و بازرسی و راهنمای استعلام و خرید در پروژه‌های نفت…,154,https://pishtaj.ir/knowledge-center/kc-pneumatic-electropneumatic-control-valves.html,"index, follow",راهنمای کامل شیرهای کنترل پنوماتیک و الکتروپنوماتیک,1,12,1925,2,0,37,Article|BreadcrumbList|FAQPage,fa-IR|x-default,fa,sitemap-knowledge-center.xml,43.1,
knowledge-center/kc-ppe-selection-by-hazard-category.html,https://pishtaj.ir/knowledge-center/kc-ppe-selection-by-hazard-category.html,knowledge-center,راهنمای انتخاب PPE بر اساس دستهٔ خطر | پیشرو تجهیز فرتاک,56,راهنمای فنی انتخاب تجهیزات حفاظت فردی متناسب با نوع خطر — انتخاب دستکش شیمیایی، رتبه حرارتی Arc Flash، تجهیز تنفسی و سیستم جلوگیری از سقوط…,139,https://pishtaj.ir/knowledge-center/kc-ppe-selection-by-hazard-category.html,"index, follow",راهنمای انتخاب تجهیزات حفاظت فردی (PPE) بر اساس دستهٔ خطر,1,22,1856,2,0,33,BreadcrumbList|TechArticle|Article|FAQPage,fa-IR|x-default,fa,sitemap-knowledge-center.xml,39.3,
knowledge-center/kc-ppe.html,https://pishtaj.ir/knowledge-center/kc-ppe.html,knowledge-center,راهنمای کامل تجهیزات حفاظت فردی (PPE) صنعتی؛ مشخصات و قیمت,58,راهنمای کامل تجهیزات حفاظت فردی (PPE) صنعتی — استانداردها، معیارهای انتخاب مهندسی، الزامات MTC و بازرسی و راهنمای استعلام و خرید در پروژه‌های نفت، گاز و پتروشیمی…,162,https://pishtaj.ir/knowledge-center/kc-ppe.html,"index, follow",راهنمای کامل تجهیزات حفاظت فردی (PPE) صنعتی,1,10,1692,2,0,35,Article|BreadcrumbList|FAQPage,fa-IR|x-default,fa,sitemap-knowledge-center.xml,38.0,
knowledge-center/kc-pressure-gauge-glycerin-fill-guide.html,https://pishtaj.ir/knowledge-center/kc-pressure-gauge-glycerin-fill-guide.html,knowledge-center,گیج فشار پرشده با گلیسیرین | پیشرو تجهیز فرتاک,46,راهنمای فنی گیج فشار پرشده با گلیسیرین یا سیلیکون برای محیط‌های ارتعاشی و پالسی، مقایسه دو نوع مایع میراگر، و ترکیب با Diaphragm Seal برای سیالات چسبناک…,153,https://pishtaj.ir/knowledge-center/kc-pressure-gauge-glycerin-fill-guide.html,"index, follow",کاربرد گیج فشار پرشده با گلیسیرین در محیط‌های ارتعاشی و پالسی,1,13,1777,2,0,33,BreadcrumbList|TechArticle|Article|FAQPage,fa-IR|x-default,fa,sitemap-knowledge-center.xml,38.1,
knowledge-center/kc-pressure-gauge.html,https://pishtaj.ir/knowledge-center/kc-pressure-gauge.html,knowledge-center,راهنمای کامل گیج فشار (Pressure Gauge)؛ مشخصات و قیمت | پیشرو,61,راهنمای کامل گیج فشار (Pressure Gauge) — انواع و کالیبراسیون — استانداردها، معیارهای انتخاب مهندسی، الزامات MTC و بازرسی و راهنمای استعلام و خرید در پروژه‌های…,159,https://pishtaj.ir/knowledge-center/kc-pressure-gauge.html,"index, follow",راهنمای کامل گیج فشار (Pressure Gauge) — انواع و کالیبراسیون,1,11,1757,2,0,35,Article|BreadcrumbList|FAQPage,fa-IR|x-default,fa,sitemap-knowledge-center.xml,40.2,
knowledge-center/kc-pressure-transmitter-range-selection.html,https://pishtaj.ir/knowledge-center/kc-pressure-transmitter-range-selection.html,knowledge-center,انتخاب رنج ترانسمیتر فشار | پیشرو تجهیز فرتاک,45,راهنمای فنی انتخاب رنج صحیح ترانسمیتر فشار، مفهوم Turndown Ratio، اثر انتخاب رنج نامناسب بر دقت اندازه‌گیری و پایداری حلقه کنترل، و مزیت ترانسمیترهای مالتی‌رنج…,160,https://pishtaj.ir/knowledge-center/kc-pressure-transmitter-range-selection.html,"index, follow",راهنمای انتخاب رنج صحیح ترانسمیتر فشار,1,13,1863,2,0,36,BreadcrumbList|TechArticle|Article|FAQPage,fa-IR|x-default,fa,sitemap-knowledge-center.xml,41.8,
knowledge-center/kc-project-management-equipment-supply.html,https://pishtaj.ir/knowledge-center/kc-project-management-equipment-supply.html,knowledge-center,راهنمای کامل مدیریت پروژه در تامین تجهیزات صنعتی,48,راهنمای کامل مدیریت پروژه در تامین تجهیزات صنعتی — استانداردها، معیارهای انتخاب مهندسی، الزامات MTC و بازرسی و راهنمای استعلام و خرید در پروژه‌های نفت…,151,https://pishtaj.ir/knowledge-center/kc-project-management-equipment-supply.html,"index, follow",راهنمای کامل مدیریت پروژه در تامین تجهیزات صنعتی,1,10,1687,2,0,34,Article|BreadcrumbList|FAQPage,fa-IR|x-default,fa,sitemap-knowledge-center.xml,37.2,
knowledge-center/kc-protective-relay-coordination-curve.html,https://pishtaj.ir/knowledge-center/kc-protective-relay-coordination-curve.html,knowledge-center,منحنی هماهنگی رله‌های حفاظتی (Coordination) | پیشرو تجهیز فرتاک,63,راهنمای فنی هماهنگی رله‌های حفاظتی صنعتی — اصل Time Grading، فاصلهٔ زمانی CTI، منحنی معکوس زمان-جریان و تفاوت رله دیفرانسیل با اضافه‌جریان…,139,https://pishtaj.ir/knowledge-center/kc-protective-relay-coordination-curve.html,"index, follow",راهنمای منحنی هماهنگی رله‌های حفاظتی (Protective Relay Coordination),1,19,1826,2,0,33,BreadcrumbList|TechArticle|Article|FAQPage,fa-IR|x-default,fa,sitemap-knowledge-center.xml,39.5,
knowledge-center/kc-psv-set-pressure-blowdown-adjustment.html,https://pishtaj.ir/knowledge-center/kc-psv-set-pressure-blowdown-adjustment.html,knowledge-center,تنظیم فشار ست و Blowdown شیر اطمینان PSV | پیشرو تجهیز فرتاک,60,راهنمای فنی تنظیم دقیق فشار ست و درصد Blowdown شیر اطمینان — جلوگیری از Chattering، تاثیر پس‌فشار متغیر و شیرهای Balanced Bellows طبق API 527…,142,https://pishtaj.ir/knowledge-center/kc-psv-set-pressure-blowdown-adjustment.html,"index, follow",راهنمای تنظیم فشار ست (Set Pressure) و Blowdown شیر اطمینان,1,20,1908,2,0,35,BreadcrumbList|TechArticle|Article|FAQPage,fa-IR|x-default,fa,sitemap-knowledge-center.xml,40.8,
knowledge-center/kc-psv.html,https://pishtaj.ir/knowledge-center/kc-psv.html,knowledge-center,راهنمای کامل شیرهای اطمینان (PSV)؛ مشخصات و قیمت | پیشرو تجهیز,62,راهنمای کامل شیرهای اطمینان (PSV) — انواع، سایزینگ و نصب — استانداردها، معیارهای انتخاب مهندسی، الزامات MTC و بازرسی و راهنمای استعلام و خرید در پروژه‌های نفت…,159,https://pishtaj.ir/knowledge-center/kc-psv.html,"index, follow",راهنمای کامل شیرهای اطمینان (PSV) — انواع، سایزینگ و نصب,1,12,1997,2,0,37,TechArticle|Article|BreadcrumbList|FAQPage,fa-IR|x-default,fa,sitemap-knowledge-center.xml,44.1,
knowledge-center/kc-purchase-order-management.html,https://pishtaj.ir/knowledge-center/kc-purchase-order-management.html,knowledge-center,راهنمای کامل مدیریت سفارشات خرید (Purchase Order Management),60,راهنمای کامل مدیریت سفارشات خرید (Purchase Order Management) — استانداردها، معیارهای انتخاب مهندسی، الزامات MTC و بازرسی و راهنمای استعلام و خرید در پروژه‌های…,159,https://pishtaj.ir/knowledge-center/kc-purchase-order-management.html,"index, follow",راهنمای کامل مدیریت سفارشات خرید (Purchase Order Management),1,10,1714,2,0,35,Article|BreadcrumbList|FAQPage,fa-IR|x-default,fa,sitemap-knowledge-center.xml,38.4,
knowledge-center/kc-purchase-order-terms-conditions-guide.html,https://pishtaj.ir/knowledge-center/kc-purchase-order-terms-conditions-guide.html,knowledge-center,بندهای حقوقی سفارش خرید (PO) | پیشرو تجهیز فرتاک,48,راهنمای بندهای حقوقی و تجاری مهم در سفارش خرید تجهیزات صنعتی شامل خسارت تاخیر (LD)، نقطه شروع گارانتی، انتخاب صحیح Incoterm و بند فورس ماژور…,141,https://pishtaj.ir/knowledge-center/kc-purchase-order-terms-conditions-guide.html,"index, follow",بندهای حقوقی و تجاری حیاتی در متن سفارش خرید (PO),1,12,1795,2,0,33,BreadcrumbList|TechArticle|Article|FAQPage,fa-IR|x-default,fa,sitemap-knowledge-center.xml,37.8,
knowledge-center/kc-radar-level-transmitter-tank-installation.html,https://pishtaj.ir/knowledge-center/kc-radar-level-transmitter-tank-installation.html,knowledge-center,نصب صحیح ترانسمیتر سطح راداری در مخازن | پیشرو تجهیز فرتاک,58,راهنمای فنی نصب ترانسمیتر سطح راداری در مخازن ذخیره — فاصلهٔ ایمن از دیواره، تداخل موانع داخلی، لولهٔ آرام‌کننده و کالیبراسیون نرم‌افزاری پس از نصب…,148,https://pishtaj.ir/knowledge-center/kc-radar-level-transmitter-tank-installation.html,"index, follow",راهنمای نصب صحیح ترانسمیتر سطح راداری در مخازن ذخیره,1,22,1937,2,0,35,BreadcrumbList|TechArticle|Article|FAQPage,fa-IR|x-default,fa,sitemap-knowledge-center.xml,42.8,
knowledge-center/kc-reciprocating-pump-packing-seal-guide.html,https://pishtaj.ir/knowledge-center/kc-reciprocating-pump-packing-seal-guide.html,knowledge-center,آب‌بندی Packing پمپ رفت‌وبرگشتی | پیشرو تجهیز فرتاک,51,راهنمای فنی انتخاب پکینگ پمپ رفت‌وبرگشتی، انواع متریال PTFE و گرافیت، علل نشتی و فرسایش زودرس، و رویه صحیح نصب و تنظیم آب‌بندی ساقه پیستون…,139,https://pishtaj.ir/knowledge-center/kc-reciprocating-pump-packing-seal-guide.html,"index, follow",راهنمای انتخاب و نگهداری آب‌بندی (Packing/Seal) در پمپ‌های رفت‌وبرگشتی,1,14,1790,2,0,33,BreadcrumbList|TechArticle|Article|FAQPage,fa-IR|x-default,fa,sitemap-knowledge-center.xml,39.3,
knowledge-center/kc-reciprocating-pump.html,https://pishtaj.ir/knowledge-center/kc-reciprocating-pump.html,knowledge-center,راهنمای کامل پمپ‌های رفت و برگشتی (Reciprocating Pump),54,راهنمای کامل پمپ‌های رفت و برگشتی (Reciprocating Pump) — استانداردها، معیارهای انتخاب مهندسی، الزامات MTC و بازرسی و راهنمای استعلام و خرید در پروژه‌های نفت…,157,https://pishtaj.ir/knowledge-center/kc-reciprocating-pump.html,"index, follow",راهنمای کامل پمپ‌های رفت و برگشتی (Reciprocating Pump),1,11,1767,2,0,35,Article|BreadcrumbList|FAQPage,fa-IR|x-default,fa,sitemap-knowledge-center.xml,40.5,
knowledge-center/kc-refinery-distillation-column-tray-design.html,https://pishtaj.ir/knowledge-center/kc-refinery-distillation-column-tray-design.html,knowledge-center,طراحی سینی برج تقطیر پالایشگاه | پیشرو تجهیز فرتاک,50,راهنمای فنی طراحی سینی برج تقطیر پالایشگاه — مقایسه سینی سوراخ‌دار و دریچه‌ای، پدیدهٔ طغیان و Weeping، راندمان سینی واقعی و بازرسی حین Turnaround…,146,https://pishtaj.ir/knowledge-center/kc-refinery-distillation-column-tray-design.html,"index, follow",راهنمای طراحی سینی برج تقطیر پالایشگاه (Distillation Column Tray),1,20,1842,2,0,33,BreadcrumbList|TechArticle|Article|FAQPage,fa-IR|x-default,fa,sitemap-knowledge-center.xml,39.9,
knowledge-center/kc-rtd-thermocouple-thermistor.html,https://pishtaj.ir/knowledge-center/kc-rtd-thermocouple-thermistor.html,knowledge-center,راهنمای کامل سنسورهای دما؛ مشخصات و قیمت | پیشرو تجهیز فرتاک,60,"راهنمای کامل سنسورهای دما — RTD, Thermocouple, Thermistor — استانداردها، معیارهای انتخاب مهندسی، الزامات MTC و بازرسی و راهنمای استعلام و خرید در پروژه‌های نفت…",160,https://pishtaj.ir/knowledge-center/kc-rtd-thermocouple-thermistor.html,"index, follow","راهنمای کامل سنسورهای دما — RTD, Thermocouple, Thermistor",1,11,1723,2,0,35,Article|BreadcrumbList|FAQPage,fa-IR|x-default,fa,sitemap-knowledge-center.xml,39.8,
knowledge-center/kc-sawh-vs-lsaw-comparison.html,https://pishtaj.ir/knowledge-center/kc-sawh-vs-lsaw-comparison.html,knowledge-center,مقایسه لوله اسپیرال SAWH و LSAW | پیشرو تجهیز فرتاک,51,مقایسه فنی و اقتصادی لوله‌های اسپیرال SAWH و لوله درزدار طولی LSAW، اثر جهت درز جوش بر تنش حلقوی و راهنمای انتخاب برای خطوط انتقال قطر بزرگ…,140,https://pishtaj.ir/knowledge-center/kc-sawh-vs-lsaw-comparison.html,"index, follow",مقایسهٔ لوله‌های اسپیرال (SAWH) با لوله‌های درزدار طولی (LSAW),1,12,1794,2,0,33,BreadcrumbList|TechArticle|Article|FAQPage,fa-IR|x-default,fa,sitemap-knowledge-center.xml,37.5,
knowledge-center/kc-sawh.html,https://pishtaj.ir/knowledge-center/kc-sawh.html,knowledge-center,راهنمای کامل لوله‌های اسپیرال (SAWH)؛ مشخصات و قیمت | پیشرو تجهیز,65,راهنمای کامل لوله‌های اسپیرال (SAWH) — استانداردها، معیارهای انتخاب مهندسی، الزامات MTC و بازرسی و راهنمای استعلام و خرید در پروژه‌های نفت، گاز و پتروشیمی…,155,https://pishtaj.ir/knowledge-center/kc-sawh.html,"index, follow",راهنمای کامل لوله‌های اسپیرال (SAWH),1,12,1887,2,0,35,Article|BreadcrumbList|FAQPage,fa-IR|x-default,fa,sitemap-knowledge-center.xml,42.2,
knowledge-center/kc-shell-tube-heat-exchanger-tema-guide.html,https://pishtaj.ir/knowledge-center/kc-shell-tube-heat-exchanger-tema-guide.html,knowledge-center,انتخاب کلاس TEMA مبدل Shell & Tube | پیشرو تجهیز فرتاک,54,مقایسه فنی کلاس‌های TEMA-R/C/B و آرایش‌های Fixed Tube Sheet، U-Tube و Floating Head مبدل حرارتی Shell & Tube…؛ همراه نکات قیمت و مسیر استعلام.,142,https://pishtaj.ir/knowledge-center/kc-shell-tube-heat-exchanger-tema-guide.html,"index, follow",انتخاب کلاس TEMA و آرایش مبدل حرارتی Shell & Tube,1,10,1842,2,0,35,BreadcrumbList|TechArticle|Article|FAQPage,fa-IR|x-default,fa,sitemap-knowledge-center.xml,39.7,
knowledge-center/kc-shell-tube.html,https://pishtaj.ir/knowledge-center/kc-shell-tube.html,knowledge-center,راهنمای کامل مبدل‌های حرارتی Shell &amp; Tube؛ مشخصات و قیمت,60,راهنمای کامل مبدل‌های حرارتی Shell &amp; Tube — استانداردها، معیارهای انتخاب مهندسی، الزامات MTC و بازرسی و راهنمای استعلام و خرید در پروژه‌های نفت، گاز و پتروشیمی…,164,https://pishtaj.ir/knowledge-center/kc-shell-tube.html,"index, follow",راهنمای کامل مبدل‌های حرارتی Shell &amp; Tube,1,11,1727,2,0,35,Article|BreadcrumbList|FAQPage,fa-IR|x-default,fa,sitemap-knowledge-center.xml,39.9,
knowledge-center/kc-slurry-valve-abrasion-wear-life-estimation.html,https://pishtaj.ir/knowledge-center/kc-slurry-valve-abrasion-wear-life-estimation.html,knowledge-center,تخمین عمر سایشی شیرهای دوغاب Slurry Valve | پیشرو تجهیز فرتاک,61,راهنمای فنی تخمین عمر سایشی شیرهای دوغاب — عوامل موثر بر نرخ سایش، مقایسه شیر پینچ/Knife Gate/سرامیکی و محاسبه هزینه کل مالکیت؛ همراه نکات قیمت و مسیر استعلام.,159,https://pishtaj.ir/knowledge-center/kc-slurry-valve-abrasion-wear-life-estimation.html,"index, follow",راهنمای تخمین عمر سایشی (Abrasion Wear Life) شیرهای دوغاب,1,21,1867,2,0,33,BreadcrumbList|TechArticle|Article|FAQPage,fa-IR|x-default,fa,sitemap-knowledge-center.xml,40.2,
knowledge-center/kc-slurry-valves.html,https://pishtaj.ir/knowledge-center/kc-slurry-valves.html,knowledge-center,راهنمای کامل شیرهای دوغاب (Slurry Valves)؛ مشخصات و قیمت | پیشرو,64,راهنمای کامل شیرهای دوغاب (Slurry Valves) — استانداردها، معیارهای انتخاب مهندسی، الزامات MTC و بازرسی و راهنمای استعلام و خرید در پروژه‌های نفت، گاز و پتروشیمی…,160,https://pishtaj.ir/knowledge-center/kc-slurry-valves.html,"index, follow",راهنمای کامل شیرهای دوغاب (Slurry Valves),1,12,1937,2,0,35,Article|BreadcrumbList|FAQPage,fa-IR|x-default,fa,sitemap-knowledge-center.xml,42.1,
knowledge-center/kc-spare-parts-warehousing-inventory.html,https://pishtaj.ir/knowledge-center/kc-spare-parts-warehousing-inventory.html,knowledge-center,مدیریت انبار قطعات یدکی صنعتی؛ راهنمای کامل | پیشرو تجهیز فرتاک,63,راهنمای مدیریت انبار و موجودی قطعات یدکی صنعتی؛ کدگذاری، حداقل موجودی، MTC، بازرسی، خرید و استعلام قطعات برای پروژه‌های نفت، گاز و پتروشیمی.,140,https://pishtaj.ir/knowledge-center/kc-spare-parts-warehousing-inventory.html,"index, follow",مدیریت انبار قطعات یدکی صنعتی؛ راهنمای کامل,1,11,1730,2,0,39,Article|BreadcrumbList|FAQPage,fa-IR|x-default,fa,sitemap-knowledge-center.xml,39.2,
knowledge-center/kc-spiral-wound-kammprofile.html,https://pishtaj.ir/knowledge-center/kc-spiral-wound-kammprofile.html,knowledge-center,راهنمای کامل گسکت Spiral Wound و Kammprofile؛ مشخصات و قیمت,59,راهنمای کامل گسکت Spiral Wound و Kammprofile — استانداردها، معیارهای انتخاب مهندسی، الزامات MTC و بازرسی و راهنمای استعلام و خرید در پروژه‌های نفت، گاز و پتروشیمی…,163,https://pishtaj.ir/knowledge-center/kc-spiral-wound-kammprofile.html,"index, follow",راهنمای کامل گسکت Spiral Wound و Kammprofile,1,10,1688,2,0,34,Article|BreadcrumbList|FAQPage,fa-IR|x-default,fa,sitemap-knowledge-center.xml,37.5,
knowledge-center/kc-sru-claus-process-efficiency.html,https://pishtaj.ir/knowledge-center/kc-sru-claus-process-efficiency.html,knowledge-center,راندمان فرآیند کلاوس (Claus) در واحد SRU | پیشرو تجهیز فرتاک,60,راهنمای فنی راندمان فرآیند کلاوس در واحد گوگردزدا — محدودیت ترمودینامیکی، نسبت H2S/SO2، مسمومیت کاتالیست و محاسبهٔ راندمان واقعی از موازنهٔ جرمی…,145,https://pishtaj.ir/knowledge-center/kc-sru-claus-process-efficiency.html,"index, follow",راهنمای راندمان فرآیند کلاوس (Claus Process) در واحد SRU,1,20,1864,2,0,33,BreadcrumbList|TechArticle|Article|FAQPage,fa-IR|x-default,fa,sitemap-knowledge-center.xml,40.5,
knowledge-center/kc-stainless-steel-pipe-passivation-procedure.html,https://pishtaj.ir/knowledge-center/kc-stainless-steel-pipe-passivation-procedure.html,knowledge-center,پسیو کردن لولهٔ استینلس استیل بعد از جوش | پیشرو تجهیز فرتاک,60,راهنمای اجرایی پسیو کردن لولهٔ استینلس استیل پس از جوشکاری — حذف رنگ‌گرفتگی حرارتی، تفاوت Pickling و Passivation و تست تایید کیفیت طبق ASTM A967…,145,https://pishtaj.ir/knowledge-center/kc-stainless-steel-pipe-passivation-procedure.html,"index, follow",راهنمای رویهٔ پسیو کردن (Passivation) لولهٔ استینلس استیل بعد از جوشکاری,1,21,1883,2,0,39,BreadcrumbList|TechArticle|Article|FAQPage,fa-IR|x-default,fa,sitemap-knowledge-center.xml,42.1,
knowledge-center/kc-steam-boiler-system.html,https://pishtaj.ir/knowledge-center/kc-steam-boiler-system.html,knowledge-center,راهنمای کامل تجهیزات سیستم بخار و بویلر صنعتی؛ مشخصات و قیمت,60,راهنمای کامل تجهیزات سیستم بخار و بویلر صنعتی — استانداردها، معیارهای انتخاب مهندسی، الزامات MTC و بازرسی و راهنمای استعلام و خرید در پروژه‌های نفت، گاز و پتروشیمی…,164,https://pishtaj.ir/knowledge-center/kc-steam-boiler-system.html,"index, follow",راهنمای کامل تجهیزات سیستم بخار و بویلر صنعتی,1,10,1755,2,0,35,Article|BreadcrumbList|FAQPage,fa-IR|x-default,fa,sitemap-knowledge-center.xml,37.5,
knowledge-center/kc-steam-turbine-blade-erosion-prevention.html,https://pishtaj.ir/knowledge-center/kc-steam-turbine-blade-erosion-prevention.html,knowledge-center,پیشگیری از فرسایش پرهٔ توربین بخار | پیشرو تجهیز فرتاک,54,راهنمای فنی پیشگیری از فرسایش قطرات آب روی پرهٔ توربین بخار — نقش جداکنندهٔ رطوبت، سیستم Reheat، روکش استلایت و بازرسی دورهٔ طبقات آخر توربین…,142,https://pishtaj.ir/knowledge-center/kc-steam-turbine-blade-erosion-prevention.html,"index, follow",راهنمای پیشگیری از فرسایش پرهٔ توربین بخار (Water Droplet Erosion),1,22,1856,2,0,33,BreadcrumbList|TechArticle|Article|FAQPage,fa-IR|x-default,fa,sitemap-knowledge-center.xml,40.3,
knowledge-center/kc-steel-beam-rebar-specifications.html,https://pishtaj.ir/knowledge-center/kc-steel-beam-rebar-specifications.html,knowledge-center,راهنمای کامل مشخصات فنی تیرآهن و میلگرد صنعتی؛ مشخصات و قیمت,60,راهنمای کامل مشخصات فنی تیرآهن و میلگرد صنعتی — استانداردها، معیارهای انتخاب مهندسی، الزامات MTC و بازرسی و راهنمای استعلام و خرید در پروژه‌های نفت، گاز و پتروشیمی…,164,https://pishtaj.ir/knowledge-center/kc-steel-beam-rebar-specifications.html,"index, follow",راهنمای کامل مشخصات فنی تیرآهن و میلگرد صنعتی,1,10,1700,2,0,37,Article|BreadcrumbList|FAQPage,fa-IR|x-default,fa,sitemap-knowledge-center.xml,38.5,
knowledge-center/kc-steel-continuous-casting-mold-cooling.html,https://pishtaj.ir/knowledge-center/kc-steel-continuous-casting-mold-cooling.html,knowledge-center,خنک‌کاری قالب ریخته‌گری مداوم فولاد | پیشرو تجهیز فرتاک,55,راهنمای فنی خنک‌کاری قالب ریخته‌گری مداوم فولاد — کنترل دبی و ΔT آب، پیشگیری از پارگی Breakout، نقش پودر قالب‌گیری و هماهنگی سرعت ریخته‌گری با ظرفیت خنک‌کاری…,158,https://pishtaj.ir/knowledge-center/kc-steel-continuous-casting-mold-cooling.html,"index, follow",راهنمای خنک‌کاری قالب ریخته‌گری مداوم فولاد (Mold Cooling),1,20,1829,2,0,33,BreadcrumbList|TechArticle|Article|FAQPage,fa-IR|x-default,fa,sitemap-knowledge-center.xml,40.2,
knowledge-center/kc-steel-industry-equipment.html,https://pishtaj.ir/knowledge-center/kc-steel-industry-equipment.html,knowledge-center,راهنمای کامل تجهیزات صنعت فولاد؛ مشخصات و قیمت | پیشرو تجهیز,60,راهنمای کامل تجهیزات صنعت فولاد — از احیاء مستقیم تا نورد — استانداردها، معیارهای انتخاب مهندسی، الزامات MTC و بازرسی و راهنمای استعلام و خرید در پروژه‌های نفت…,160,https://pishtaj.ir/knowledge-center/kc-steel-industry-equipment.html,"index, follow",راهنمای کامل تجهیزات صنعت فولاد — از احیاء مستقیم تا نورد,1,10,1729,2,0,35,Article|BreadcrumbList|FAQPage,fa-IR|x-default,fa,sitemap-knowledge-center.xml,37.2,
knowledge-center/kc-steel-plate-specifications.html,https://pishtaj.ir/knowledge-center/kc-steel-plate-specifications.html,knowledge-center,راهنمای کامل مشخصات فنی ورق‌های فولادی صنعتی؛ مشخصات و قیمت,59,راهنمای کامل مشخصات فنی ورق‌های فولادی صنعتی — استانداردها، معیارهای انتخاب مهندسی، الزامات MTC و بازرسی و راهنمای استعلام و خرید در پروژه‌های نفت، گاز و پتروشیمی…,163,https://pishtaj.ir/knowledge-center/kc-steel-plate-specifications.html,"index, follow",راهنمای کامل مشخصات فنی ورق‌های فولادی صنعتی,1,10,1685,2,0,37,Article|BreadcrumbList|FAQPage,fa-IR|x-default,fa,sitemap-knowledge-center.xml,38.5,
knowledge-center/kc-sulfur-recovery-tail-gas-treatment.html,https://pishtaj.ir/knowledge-center/kc-sulfur-recovery-tail-gas-treatment.html,knowledge-center,واحد تصفیهٔ گاز دنباله TGTU در بازیافت گوگرد | پیشرو تجهیز فرتاک,64,راهنمای فنی واحد تصفیهٔ گاز دنباله (TGTU) — مقایسه فرآیند SCOT و Sub-dew Point، هیدروژناسیون کاتالیستی، واحد آمین گزینشی و پایش پیوستهٔ انتشار SO2…,147,https://pishtaj.ir/knowledge-center/kc-sulfur-recovery-tail-gas-treatment.html,"index, follow",راهنمای واحد تصفیهٔ گاز دنباله (Tail Gas Treatment Unit) در بازیافت گوگرد,1,21,1852,2,0,33,BreadcrumbList|TechArticle|Article|FAQPage,fa-IR|x-default,fa,sitemap-knowledge-center.xml,40.2,
knowledge-center/kc-sulfur-recovery-unit-sru.html,https://pishtaj.ir/knowledge-center/kc-sulfur-recovery-unit-sru.html,knowledge-center,راهنمای کامل تجهیزات گوگردزدا (Sulfur Recovery Unit - SRU),58,راهنمای کامل تجهیزات گوگردزدا (Sulfur Recovery Unit - SRU) — استانداردها، معیارهای انتخاب مهندسی، الزامات MTC و بازرسی و راهنمای استعلام و خرید در پروژه‌های نفت…,161,https://pishtaj.ir/knowledge-center/kc-sulfur-recovery-unit-sru.html,"index, follow",راهنمای کامل تجهیزات گوگردزدا (Sulfur Recovery Unit - SRU),1,10,1703,2,0,35,Article|BreadcrumbList|FAQPage,fa-IR|x-default,fa,sitemap-knowledge-center.xml,38.2,
knowledge-center/kc-sulfur-recovery.html,https://pishtaj.ir/knowledge-center/kc-sulfur-recovery.html,knowledge-center,راهنمای کامل تجهیزات واحد بازیافت گوگرد (Sulfur Recovery),57,راهنمای کامل تجهیزات واحد بازیافت گوگرد (Sulfur Recovery) — استانداردها، معیارهای انتخاب مهندسی، الزامات MTC و بازرسی و راهنمای استعلام و خرید در پروژه‌های نفت…,160,https://pishtaj.ir/knowledge-center/kc-sulfur-recovery.html,"index, follow",راهنمای کامل تجهیزات واحد بازیافت گوگرد (Sulfur Recovery),1,10,1719,2,0,35,Article|BreadcrumbList|FAQPage,fa-IR|x-default,fa,sitemap-knowledge-center.xml,38.5,
knowledge-center/kc-supplier-qualification-assessment.html,https://pishtaj.ir/knowledge-center/kc-supplier-qualification-assessment.html,knowledge-center,راهنمای کامل ارزیابی و تایید صلاحیت تامین‌کنندگان,49,راهنمای کامل ارزیابی و تایید صلاحیت تامین‌کنندگان — استانداردها، معیارهای انتخاب مهندسی، الزامات MTC و بازرسی و راهنمای استعلام و خرید در پروژه‌های نفت…,152,https://pishtaj.ir/knowledge-center/kc-supplier-qualification-assessment.html,"index, follow",راهنمای کامل ارزیابی و تایید صلاحیت تامین‌کنندگان,1,10,1696,2,0,37,Article|BreadcrumbList|FAQPage,fa-IR|x-default,fa,sitemap-knowledge-center.xml,39.0,
knowledge-center/kc-surge-arrester-emergency-shutdown-valves.html,https://pishtaj.ir/knowledge-center/kc-surge-arrester-emergency-shutdown-valves.html,knowledge-center,راهنمای کامل شیرهای برقگیر و شیرهای قطع اضطراری,47,راهنمای کامل شیرهای برقگیر و شیرهای قطع اضطراری — استانداردها، معیارهای انتخاب مهندسی، الزامات MTC و بازرسی و راهنمای استعلام و خرید در پروژه‌های نفت…,150,https://pishtaj.ir/knowledge-center/kc-surge-arrester-emergency-shutdown-valves.html,"index, follow",راهنمای کامل شیرهای برقگیر و شیرهای قطع اضطراری,1,12,1927,2,0,37,Article|BreadcrumbList|FAQPage,fa-IR|x-default,fa,sitemap-knowledge-center.xml,42.7,
knowledge-center/kc-technical-certifications-supplier-qualification.html,https://pishtaj.ir/knowledge-center/kc-technical-certifications-supplier-qualification.html,knowledge-center,راهنمای کامل گواهینامه‌های فنی و صلاحیت تامین‌کنندگان,53,راهنمای کامل گواهینامه‌های فنی و صلاحیت تامین‌کنندگان — استانداردها، معیارهای انتخاب مهندسی، الزامات MTC و بازرسی و راهنمای استعلام و خرید در پروژه‌های نفت…,156,https://pishtaj.ir/knowledge-center/kc-technical-certifications-supplier-qualification.html,"index, follow",راهنمای کامل گواهینامه‌های فنی و صلاحیت تامین‌کنندگان,1,10,1695,2,0,37,Article|BreadcrumbList|FAQPage,fa-IR|x-default,fa,sitemap-knowledge-center.xml,39.2,
knowledge-center/kc-technical-personnel-training.html,https://pishtaj.ir/knowledge-center/kc-technical-personnel-training.html,knowledge-center,راهنمای کامل آموزش و توانمندسازی پرسنل فنی صنعتی,48,راهنمای کامل آموزش و توانمندسازی پرسنل فنی صنعتی — استانداردها، معیارهای انتخاب مهندسی، الزامات MTC و بازرسی و راهنمای استعلام و خرید در پروژه‌های نفت…,151,https://pishtaj.ir/knowledge-center/kc-technical-personnel-training.html,"index, follow",راهنمای کامل آموزش و توانمندسازی پرسنل فنی صنعتی,1,10,1746,2,0,37,Article|BreadcrumbList|FAQPage,fa-IR|x-default,fa,sitemap-knowledge-center.xml,39.2,
knowledge-center/kc-teg-dehydration-glycol-loss-control.html,https://pishtaj.ir/knowledge-center/kc-teg-dehydration-glycol-loss-control.html,knowledge-center,کنترل اتلاف گلایکول در واحد آب‌گیری TEG | پیشرو تجهیز فرتاک,59,راهنمای فنی کاهش اتلاف گلایکول واحد آب‌گیری گاز TEG — نقش مه‌گیر برج تماس، کنترل دمای ری‌بویلر، سیستم بازیافت بخار و ردیابی نرخ Make-up…,136,https://pishtaj.ir/knowledge-center/kc-teg-dehydration-glycol-loss-control.html,"index, follow",راهنمای کنترل اتلاف گلایکول (Glycol Loss) در واحد آب‌گیری TEG,1,22,1836,2,0,33,BreadcrumbList|TechArticle|Article|FAQPage,fa-IR|x-default,fa,sitemap-knowledge-center.xml,39.9,
knowledge-center/kc-thermal-powerplant-equipment.html,https://pishtaj.ir/knowledge-center/kc-thermal-powerplant-equipment.html,knowledge-center,راهنمای کامل تجهیزات نیروگاه حرارتی؛ مشخصات و قیمت | پیشرو تجهیز,64,راهنمای کامل تجهیزات نیروگاه حرارتی؛ بویلر، توربین بخار و گاز، ژنراتور، سیستم خنک‌کننده و تجهیزات جانبی با استانداردهای ASME و API برای تامین تجهیزات نیروگاهی…,159,https://pishtaj.ir/knowledge-center/kc-thermal-powerplant-equipment.html,"index, follow",راهنمای کامل تجهیزات نیروگاه حرارتی — بویلر، توربین و تجهیزات جانبی,1,11,1770,2,0,35,Article|BreadcrumbList|FAQPage,fa-IR|x-default,fa,sitemap-knowledge-center.xml,39.6,
knowledge-center/kc-thermocouple-cold-junction-compensation.html,https://pishtaj.ir/knowledge-center/kc-thermocouple-cold-junction-compensation.html,knowledge-center,جبران‌سازی نقطهٔ سرد ترموکوپل (CJC) | پیشرو تجهیز فرتاک,55,راهنمای فنی جبران‌سازی نقطهٔ سرد ترموکوپل — روش‌های Electronic CJC، اهمیت تطبیق کابل جبران‌ساز، محل نصب صحیح و تفکیک خطای جبران‌سازی از درایفت حسگر…,148,https://pishtaj.ir/knowledge-center/kc-thermocouple-cold-junction-compensation.html,"index, follow",راهنمای جبران‌سازی نقطهٔ سرد ترموکوپل (Cold Junction Compensation),1,20,1832,2,0,33,BreadcrumbList|TechArticle|Article|FAQPage,fa-IR|x-default,fa,sitemap-knowledge-center.xml,40.6,
knowledge-center/kc-ups-battery-sizing-autonomy-calculation.html,https://pishtaj.ir/knowledge-center/kc-ups-battery-sizing-autonomy-calculation.html,knowledge-center,محاسبهٔ سایز باتری و زمان اتونومی UPS | پیشرو تجهیز فرتاک,57,راهنمای فنی محاسبهٔ ظرفیت باتری UPS صنعتی — ضریب دما و پیرشدگی، مقایسه VRLA و لیتیوم‌یون، تعیین زمان اتونومی و محاسبهٔ تهویهٔ اتاق باتری…,137,https://pishtaj.ir/knowledge-center/kc-ups-battery-sizing-autonomy-calculation.html,"index, follow",راهنمای محاسبهٔ سایز باتری و زمان اتونومی (Autonomy) سیستم UPS,1,19,1838,2,0,33,BreadcrumbList|TechArticle|Article|FAQPage,fa-IR|x-default,fa,sitemap-knowledge-center.xml,40.0,
knowledge-center/kc-ups.html,https://pishtaj.ir/knowledge-center/kc-ups.html,knowledge-center,راهنمای کامل سیستم UPS و باتری صنعتی؛ مشخصات و قیمت | پیشرو تجهیز,65,راهنمای کامل سیستم UPS و باتری صنعتی — انتخاب و نگهداری — استانداردها، معیارهای انتخاب مهندسی، الزامات MTC و بازرسی و راهنمای استعلام و خرید در پروژه‌های نفت…,158,https://pishtaj.ir/knowledge-center/kc-ups.html,"index, follow",راهنمای کامل سیستم UPS و باتری صنعتی — انتخاب و نگهداری,1,11,1784,2,0,35,Article|BreadcrumbList|FAQPage,fa-IR|x-default,fa,sitemap-knowledge-center.xml,40.3,
knowledge-center/kc-valve-leak-test-acceptance-criteria.html,https://pishtaj.ir/knowledge-center/kc-valve-leak-test-acceptance-criteria.html,knowledge-center,معیارهای پذیرش تست نشتی شیرآلات | پیشرو تجهیز فرتاک,51,راهنمای فنی معیارهای پذیرش تست نشتی شیرآلات — کلاس‌های Rate A/C/D، تفاوت تست Shell و Seat، انتخاب سیال تست و مستندسازی گزارش طبق API 598 و ISO 5208…,148,https://pishtaj.ir/knowledge-center/kc-valve-leak-test-acceptance-criteria.html,"index, follow",معیارهای پذیرش تست نشتی شیرآلات — راهنمای اجرایی,1,18,1814,2,0,33,BreadcrumbList|TechArticle|Article|FAQPage,fa-IR|x-default,fa,sitemap-knowledge-center.xml,38.7,
knowledge-center/kc-valve-selection-by-fluid-type.html,https://pishtaj.ir/knowledge-center/kc-valve-selection-by-fluid-type.html,knowledge-center,راهنمای کامل انتخاب شیر بر اساس نوع سیال؛ مشخصات و قیمت | پیشرو,63,راهنمای کامل انتخاب شیر بر اساس نوع سیال — آب، بخار، گاز، اسید، دوغاب — استانداردها، معیارهای انتخاب مهندسی…؛ همراه نکات قیمت و مسیر استعلام.,141,https://pishtaj.ir/knowledge-center/kc-valve-selection-by-fluid-type.html,"index, follow",راهنمای کامل انتخاب شیر بر اساس نوع سیال — آب، بخار، گاز، اسید، دوغاب,1,12,1984,2,0,37,Article|BreadcrumbList|FAQPage,fa-IR|x-default,fa,sitemap-knowledge-center.xml,42.6,
knowledge-center/kc-vfd-harmonic-distortion-mitigation.html,https://pishtaj.ir/knowledge-center/kc-vfd-harmonic-distortion-mitigation.html,knowledge-center,کاهش هارمونیک ناشی از درایو VFD | پیشرو تجهیز فرتاک,51,راهنمای فنی کاهش اعوجاج هارمونیک درایو VFD — راکتور خط، فیلتر غیرفعال و فعال، یکسوساز چندپالسه، ریسک رزونانس با خازن و مقایسه با حد IEEE 519…,141,https://pishtaj.ir/knowledge-center/kc-vfd-harmonic-distortion-mitigation.html,"index, follow",راهنمای کاهش اعوجاج هارمونیک ناشی از درایو VFD,1,19,1906,2,0,36,BreadcrumbList|TechArticle|Article|FAQPage,fa-IR|x-default,fa,sitemap-knowledge-center.xml,41.7,
knowledge-center/kc-vfd.html,https://pishtaj.ir/knowledge-center/kc-vfd.html,knowledge-center,راهنمای کامل درایو VFD؛ مشخصات و قیمت | پیشرو تجهیز فرتاک,57,راهنمای کامل درایو VFD — نصب، پارامترگذاری و عیب‌یابی — استانداردها، معیارهای انتخاب مهندسی، الزامات MTC و بازرسی و راهنمای استعلام و خرید در پروژه‌های نفت…,156,https://pishtaj.ir/knowledge-center/kc-vfd.html,"index, follow",راهنمای کامل درایو VFD — نصب، پارامترگذاری و عیب‌یابی,1,11,1817,2,0,38,Article|BreadcrumbList|FAQPage,fa-IR|x-default,fa,sitemap-knowledge-center.xml,42.1,
knowledge-center/kc-washer-material-torque-relaxation.html,https://pishtaj.ir/knowledge-center/kc-washer-material-torque-relaxation.html,knowledge-center,مادهٔ واشر و نشست گشتاور در اتصالات صنعتی | پیشرو تجهیز فرتاک,61,راهنمای فنی انتخاب مادهٔ واشر مناسب اتصالات صنعتی — مقایسه واشر تخت و فنری Belleville، اثر خوردگی گالوانیک و نشست گشتاور در دمای بالا…,134,https://pishtaj.ir/knowledge-center/kc-washer-material-torque-relaxation.html,"index, follow",راهنمای انتخاب مادهٔ واشر و پدیدهٔ نشست گشتاور (Torque Relaxation),1,19,1836,2,0,33,BreadcrumbList|TechArticle|Article|FAQPage,fa-IR|x-default,fa,sitemap-knowledge-center.xml,39.5,
knowledge-center/kc-washer.html,https://pishtaj.ir/knowledge-center/kc-washer.html,knowledge-center,راهنمای کامل واشر (Washer) در اتصالات صنعتی؛ مشخصات و قیمت,58,راهنمای کامل واشر (Washer) در اتصالات صنعتی — استانداردها، معیارهای انتخاب مهندسی، الزامات MTC و بازرسی و راهنمای استعلام و خرید در پروژه‌های نفت، گاز و پتروشیمی…,162,https://pishtaj.ir/knowledge-center/kc-washer.html,"index, follow",راهنمای کامل واشر (Washer) در اتصالات صنعتی,1,11,1855,2,0,35,Article|BreadcrumbList|FAQPage,fa-IR|x-default,fa,sitemap-knowledge-center.xml,39.6,
knowledge-center/kc-wastewater-sludge-treatment-methods.html,https://pishtaj.ir/knowledge-center/kc-wastewater-sludge-treatment-methods.html,knowledge-center,روش‌های تصفیهٔ لجن پساب صنعتی | پیشرو تجهیز فرتاک,49,راهنمای فنی مدیریت و تصفیهٔ لجن پساب صنعتی — مراحل تغلیظ، هضم بی‌هوازی و بازیافت بیوگاز، آبگیری با سانتریفیوژ/فیلتر پرس و الزامات زیست‌محیطی دفع نهایی…,151,https://pishtaj.ir/knowledge-center/kc-wastewater-sludge-treatment-methods.html,"index, follow",راهنمای روش‌های تصفیهٔ لجن (Sludge Treatment) پساب صنعتی,1,22,1855,2,0,33,BreadcrumbList|TechArticle|Article|FAQPage,fa-IR|x-default,fa,sitemap-knowledge-center.xml,40.5,
knowledge-center/kc-water-wastewater-treatment.html,https://pishtaj.ir/knowledge-center/kc-water-wastewater-treatment.html,knowledge-center,راهنمای کامل سیستم تصفیه آب و پساب صنعتی؛ مشخصات و قیمت | پیشرو,63,راهنمای کامل سیستم تصفیه آب و پساب صنعتی — استانداردها، معیارهای انتخاب مهندسی، الزامات MTC و بازرسی و راهنمای استعلام و خرید در پروژه‌های نفت، گاز و پتروشیمی…,159,https://pishtaj.ir/knowledge-center/kc-water-wastewater-treatment.html,"index, follow",راهنمای کامل سیستم تصفیه آب و پساب صنعتی,1,10,1753,2,0,35,Article|BreadcrumbList|FAQPage,fa-IR|x-default,fa,sitemap-knowledge-center.xml,37.4,
knowledge-center/kc-welded-fittings-elbow-tee-reducer.html,https://pishtaj.ir/knowledge-center/kc-welded-fittings-elbow-tee-reducer.html,knowledge-center,راهنمای کامل اتصالات جوشی فیتینگ؛ مشخصات و قیمت | پیشرو تجهیز,61,راهنمای کامل اتصالات جوشی فیتینگ — زانو، سه راهی، تبدیل — استانداردها، معیارهای انتخاب مهندسی، الزامات MTC و بازرسی و راهنمای استعلام و خرید در پروژه‌های نفت…,158,https://pishtaj.ir/knowledge-center/kc-welded-fittings-elbow-tee-reducer.html,"index, follow",راهنمای کامل اتصالات جوشی فیتینگ — زانو، سه راهی، تبدیل,1,11,1893,2,0,36,Article|BreadcrumbList|FAQPage,fa-IR|x-default,fa,sitemap-knowledge-center.xml,40.5,
knowledge-center/knife-gate-valve.html,https://pishtaj.ir/knowledge-center/knife-gate-valve.html,knowledge-center,شیر نایف گیت (Knife Gate Valve)؛ کاربرد و انتخاب,48,راهنمای شیر نایف گیت: ساختار تیغه‌ای برای دوغاب و سیال‌های حاوی ذرات، مزایا و محدودیت‌ها، انواع آب‌بندی و نکات انتخاب و استعلام برای صنایع کانی و خمیر.,151,https://pishtaj.ir/knowledge-center/knife-gate-valve.html,"index, follow",شیر نایف گیت (Knife Gate Valve),1,10,1151,2,0,19,BreadcrumbList|Article|FAQPage,fa-IR|x-default,fa,sitemap-knowledge-center.xml,24.8,
knowledge-center/level-measurement-guide.html,https://pishtaj.ir/knowledge-center/level-measurement-guide.html,knowledge-center,راهنمای اندازه‌گیری سطح (Level)؛ انتخاب فناوری مناسب,52,راهنمای کامل اندازه‌گیری سطح در مخازن: مقایسه رادار، التراسونیک، دیسپلیسر، اختلاف فشار و خازنی بر اساس سیال، دقت و شرایط فرایند برای انتخاب درست.,145,https://pishtaj.ir/knowledge-center/level-measurement-guide.html,"index, follow",راهنمای اندازه‌گیری سطح (Level Measurement),1,9,1146,2,0,19,BreadcrumbList|Article|FAQPage,fa-IR|x-default,fa,sitemap-knowledge-center.xml,26.0,
knowledge-center/lv-iec-61439.html,https://pishtaj.ir/knowledge-center/lv-iec-61439.html,knowledge-center,تابلو فشار ضعیف (LV) و استاندارد (IEC 61439),44,راهنمای تابلوهای فشار ضعیف بر اساس استاندارد (IEC 61439): انواع آزمون‌ها، فرم‌های جداسازی، درجات حفاظت و نکات سفارش و خرید تابلو برای پروژه‌های صنعتی.,150,https://pishtaj.ir/knowledge-center/lv-iec-61439.html,"index, follow",تابلو فشار ضعیف (LV) و استاندارد (IEC 61439),1,9,1136,2,0,19,BreadcrumbList|Article|FAQPage,fa-IR|x-default,fa,sitemap-knowledge-center.xml,25.3,
knowledge-center/magmeter-installation-earthing.html,https://pishtaj.ir/knowledge-center/magmeter-installation-earthing.html,knowledge-center,نصب و ارت فلومتر مغناطیسی؛ ۱۰ نکته خطای اندازه‌گیری,51,راهنمای نصب فلومتر مغناطیسی: لوله مستقیم بالادست، ارتینگ صحیح، پرشدگی لوله، موقعیت نصب و عیب‌یابی خطاهای رایج اندازه‌گیری فلومتر مگمتر.,135,https://pishtaj.ir/knowledge-center/magmeter-installation-earthing.html,"index, follow",نصب و ارت فلومتر مغناطیسی — نکات عملی و خطاهای رایج,1,9,797,2,0,21,BreadcrumbList|Article|FAQPage,fa-IR|x-default,fa,sitemap-knowledge-center.xml,22.2,
knowledge-center/magmeter.html,https://pishtaj.ir/knowledge-center/magmeter.html,knowledge-center,فلومتر مغناطیسی (Magmeter)؛ اصول، انتخاب و نصب,46,راهنمای فلومتر مغناطیسی: اصل قانون فارادی، شرط رسانایی سیال، انتخاب لاینر و الکترود، نکات نصب و زمین‌کردن و معیارهای استعلام خرید صنعتی.,136,https://pishtaj.ir/knowledge-center/magmeter.html,"index, follow",فلومتر مغناطیسی (Magmeter),1,10,1132,2,0,19,BreadcrumbList|Article|FAQPage,fa-IR|x-default,fa,sitemap-knowledge-center.xml,25.2,
knowledge-center/mcc-panel-guide.html,https://pishtaj.ir/knowledge-center/mcc-panel-guide.html,knowledge-center,راهنمای تابلو برق (MCC)؛ ساختار، انواع استارتر و انتخاب,55,راهنمای تابلو کنترل موتور (MCC): ساختار و اجزا، انواع استارتر و درایو، استانداردهای طراحی، نکات سفارش و استعلام خرید صنعتی تابلو.,129,https://pishtaj.ir/knowledge-center/mcc-panel-guide.html,"index, follow",راهنمای تابلو برق (MCC),1,10,1185,2,0,19,BreadcrumbList|Article|FAQPage,fa-IR|x-default,fa,sitemap-knowledge-center.xml,25.8,
knowledge-center/mccb-circuit-breaker-guide.html,https://pishtaj.ir/knowledge-center/mccb-circuit-breaker-guide.html,knowledge-center,راهنمای کلید کامپکت (MCCB)؛ ساختار، حفاظت و انتخاب,50,راهنمای کلید کامپکت (MCCB): ساختار و واحد تریپ حرارتی-مغناطیسی و الکترونیکی، جریان نامی و قدرت قطع، هماهنگی حفاظت و نکات استعلام خرید.,134,https://pishtaj.ir/knowledge-center/mccb-circuit-breaker-guide.html,"index, follow",راهنمای کلید کامپکت (MCCB),1,10,1186,2,0,19,BreadcrumbList|Article|FAQPage,fa-IR|x-default,fa,sitemap-knowledge-center.xml,25.5,
knowledge-center/mfc-mass-flow-controller.html,https://pishtaj.ir/knowledge-center/mfc-mass-flow-controller.html,knowledge-center,راهنمای کنترل‌کننده دبی جرمی (MFC)؛ اصول و انتخاب,49,راهنمای کنترل‌کننده دبی جرمی (Mass Flow Controller): ساختار، اصل اندازه‌گیری حرارتی، کاربردها در گازهای فرایندی و آزمایشگاهی و نکات انتخاب و استعلام خرید.,154,https://pishtaj.ir/knowledge-center/mfc-mass-flow-controller.html,"index, follow",راهنمای کنترل‌کننده دبی جرمی (MFC),1,10,1137,2,0,19,BreadcrumbList|Article|FAQPage,fa-IR|x-default,fa,sitemap-knowledge-center.xml,25.2,
knowledge-center/modbus-tcp-rtu.html,https://pishtaj.ir/knowledge-center/modbus-tcp-rtu.html,knowledge-center,راهنمای شبکه Modbus TCP/RTU | پیشرو تجهیز فرتاک,47,راهنمای شبکه Modbus TCP/RTU؛ کاربردها، استانداردهای کلیدی، نکات انتخاب فنی، قیمت و مسیر استعلام برای پروژه‌های صنعتی و EPC.,123,https://pishtaj.ir/knowledge-center/kc-instrumentation-communication-protocols.html,"noindex, follow",راهنمای شبکه Modbus TCP/RTU,1,8,1688,2,0,35,Article|BreadcrumbList|FAQPage,fa-IR|x-default,fa,,33.8,canonical-mismatch|noindex|not-in-sitemap
knowledge-center/mv-iec-62271.html,https://pishtaj.ir/knowledge-center/mv-iec-62271.html,knowledge-center,تابلو فشار متوسط و استاندارد (IEC 62271)؛ الزامات و انتخاب,58,راهنمای تابلو فشار متوسط بر پایه خانواده استاندارد (IEC 62271): انواع کلیدزنی، پارامترهای نامی، آزمون قوس داخلی و نکات انتخاب و استعلام.,136,https://pishtaj.ir/knowledge-center/mv-iec-62271.html,"index, follow",تابلو فشار متوسط و استاندارد (IEC 62271),1,10,1152,2,0,19,BreadcrumbList|Article|FAQPage,fa-IR|x-default,fa,sitemap-knowledge-center.xml,25.5,
knowledge-center/nace-mr0175-sour-service-guide.html,https://pishtaj.ir/knowledge-center/nace-mr0175-sour-service-guide.html,knowledge-center,NACE MR0175 و سرویس اسیدی؛ راهنمای انتخاب لوله و فلنج,53,مقاله تخصصی راهنمای استاندارد NACE MR0175 — سرویس اسیدی — راهنمای جامع برای مهندسان و کارشناسان خرید تجهیزات صنعتی؛ همراه نکات قیمت و مسیر استعلام.,147,https://pishtaj.ir/knowledge-center/nace-mr0175-sour-service-guide.html,,راهنمای استاندارد NACE MR0175 — سرویس اسیدی,1,9,1113,2,0,32,Article|BreadcrumbList|FAQPage,fa-IR|x-default,fa,sitemap-knowledge-center.xml,28.6,
knowledge-center/nace-mr0175.html,https://pishtaj.ir/knowledge-center/nace-mr0175.html,knowledge-center,استاندارد NACE MR0175 در لوله و فلنج | پیشرو تجهیز فرتاک,56,استاندارد NACE MR0175 در لوله و فلنج؛ کاربردها، استانداردهای کلیدی، نکات انتخاب فنی، قیمت و مسیر استعلام برای پروژه‌های صنعتی و EPC.,132,https://pishtaj.ir/knowledge-center/nace-mr0175-sour-service-guide.html,"noindex, follow",استاندارد NACE MR0175 در لوله و فلنج,1,9,1772,2,0,42,Article|BreadcrumbList|FAQPage,fa-IR|x-default,fa,,36.7,canonical-mismatch|noindex|not-in-sitemap
knowledge-center/nde-inspection-pipe-flange.html,https://pishtaj.ir/knowledge-center/nde-inspection-pipe-flange.html,knowledge-center,بازرسی غیرمخرب (NDE) لوله و فلنج؛ روش‌ها و معیار پذیرش,54,راهنمای روش‌های NDE در پایپینگ: VT، PT، MT، RT، UT، PMI و سختی‌سنجی؛ درصد بازرسی بر پایهٔ ASME B31.3، عیوب رایج جوش و مدارکی که باید در Test Package باشد.,154,https://pishtaj.ir/knowledge-center/nde-inspection-pipe-flange.html,,راهنمای بازرسی NDE لوله و فلنج صنعتی,1,17,2630,2,0,41,Article|BreadcrumbList|FAQPage,fa-IR|x-default,fa,sitemap-knowledge-center.xml,51.9,
knowledge-center/ndt-inspection-industrial-guide.html,https://pishtaj.ir/knowledge-center/ndt-inspection-industrial-guide.html,knowledge-center,راهنمای تست‌های (NDT) در بازرسی صنعتی؛ روش‌ها و انتخاب,54,راهنمای تست‌های غیرمخرب (NDT): مقایسه روش‌های التراسونیک، رادیوگرافی، ذرات مغناطیسی، مایعات نافذ و چشمی، کاربرد هر روش و نکات انتخاب برای بازرسی صنعتی.,151,https://pishtaj.ir/knowledge-center/ndt-inspection-industrial-guide.html,"index, follow",راهنمای تست‌های (NDT) در بازرسی صنعتی,1,10,1137,2,0,19,BreadcrumbList|Article|FAQPage,fa-IR|x-default,fa,sitemap-knowledge-center.xml,25.4,
knowledge-center/ndt-rt.html,https://pishtaj.ir/knowledge-center/ndt-rt.html,knowledge-center,بازرسی NDT با تست رادیوگرافی (RT) | پیشرو تجهیز فرتاک,53,بازرسی NDT — رادیوگرافی (RT)؛ کاربردها، استانداردهای کلیدی، نکات انتخاب فنی، قیمت و مسیر استعلام برای پروژه‌های صنعتی و EPC.,124,https://pishtaj.ir/knowledge-center/kc-ndt.html,"noindex, follow",بازرسی NDT — رادیوگرافی (RT),1,9,1731,2,0,40,Article|BreadcrumbList|FAQPage,fa-IR|x-default,fa,,35.7,canonical-mismatch|noindex|not-in-sitemap
knowledge-center/ndt-ut.html,https://pishtaj.ir/knowledge-center/ndt-ut.html,knowledge-center,بازرسی NDT با تست فراصوت (UT) | پیشرو تجهیز فرتاک,49,بازرسی NDT — تست فراصوت (UT)؛ کاربردها، استانداردهای کلیدی، نکات انتخاب فنی، قیمت و مسیر استعلام برای پروژه‌های صنعتی و EPC.,124,https://pishtaj.ir/knowledge-center/kc-ndt.html,"noindex, follow",بازرسی NDT — تست فراصوت (UT),1,9,1733,2,0,40,Article|BreadcrumbList|FAQPage,fa-IR|x-default,fa,,35.6,canonical-mismatch|noindex|not-in-sitemap
knowledge-center/nioc-npc-vendor-list-guide.html,https://pishtaj.ir/knowledge-center/nioc-npc-vendor-list-guide.html,knowledge-center,راهنمای وندورلیست NIOC و NPC در پروژه‌های نفتی,46,مقاله تخصصی راهنمای وندورلیست NIOC و NPC در پروژه‌های نفتی — راهنمای جامع برای مهندسان و کارشناسان خرید تجهیزات صنعتی؛ همراه نکات قیمت و مسیر استعلام.,150,https://pishtaj.ir/knowledge-center/nioc-npc-vendor-list-guide.html,,راهنمای وندورلیست NIOC و NPC در پروژه‌های نفتی,1,9,1707,2,0,39,Article|BreadcrumbList|FAQPage,fa-IR|x-default,fa,sitemap-knowledge-center.xml,37.1,
knowledge-center/nozzle-check-valve.html,https://pishtaj.ir/knowledge-center/nozzle-check-valve.html,knowledge-center,شیر یک‌طرفه نازلی (Nozzle Check Valve)؛ سریع‌ترین محافظ پمپ,59,راهنمای شیر یک‌طرفه نازلی: ساختار دیسک محوری با فنر، بسته شدن فوق سریع برای جلوگیری از ضربه قوچ، مقایسه با طرح‌های دیگر و نکات انتخاب و استعلام.,144,https://pishtaj.ir/knowledge-center/nozzle-check-valve.html,"index, follow",شیر یک‌طرفه نازلی (Nozzle Check Valve),1,10,1146,2,0,19,BreadcrumbList|Article|FAQPage,fa-IR|x-default,fa,sitemap-knowledge-center.xml,24.6,
knowledge-center/o2-co2-h2s.html,https://pishtaj.ir/knowledge-center/o2-co2-h2s.html,knowledge-center,آنالایزر گاز صنعتی؛ اندازه‌گیری (O2)، (CO2) و (H2S),51,راهنمای آنالایزرهای گاز صنعتی برای اکسیژن، دی‌اکسید کربن و هیدروژن سولفید: فناوری سنسورها، انتخاب بر اساس کاربرد، کالیبراسیون و نکات خرید.,138,https://pishtaj.ir/knowledge-center/o2-co2-h2s.html,"index, follow",آنالایزر گاز صنعتی,1,10,1184,2,0,19,BreadcrumbList|Article|FAQPage,fa-IR|x-default,fa,sitemap-knowledge-center.xml,26.1,
knowledge-center/oil-gas-industry-supply-guide.html,https://pishtaj.ir/knowledge-center/oil-gas-industry-supply-guide.html,knowledge-center,راهنمای تامین تجهیزات صنایع نفت و گاز,37,راهنمای جامع تامین تجهیزات صنایع نفت و گاز: وندورلیست‌ها، کلاس‌های متریال و سرویس ترش، بازرسی و مدارک، زمان‌بندی و استراتژی‌های کاهش ریسک.,138,https://pishtaj.ir/knowledge-center/oil-gas-industry-supply-guide.html,"index, follow",راهنمای تامین تجهیزات صنایع نفت و گاز,1,10,1200,2,0,19,BreadcrumbList|Article|FAQPage,fa-IR|x-default,fa,sitemap-knowledge-center.xml,26.2,
knowledge-center/petrochemical-industry-supply-guide.html,https://pishtaj.ir/knowledge-center/petrochemical-industry-supply-guide.html,knowledge-center,راهنمای تامین تجهیزات صنایع پتروشیمی | پیشرو تجهیز فرتاک,56,مقاله تخصصی راهنمای تامین تجهیزات صنایع پتروشیمی — راهنمای جامع برای مهندسان و کارشناسان خرید تجهیزات صنعتی؛ همراه نکات قیمت و مسیر استعلام.,140,https://pishtaj.ir/knowledge-center/petrochemical-industry-supply-guide.html,,راهنمای تامین تجهیزات صنایع پتروشیمی,1,10,1854,2,0,39,Article|BreadcrumbList|FAQPage,fa-IR|x-default,fa,sitemap-knowledge-center.xml,38.8,
knowledge-center/ph.html,https://pishtaj.ir/knowledge-center/ph.html,knowledge-center,راهنمای (pH) متر صنعتی؛ اصول، الکترود و انتخاب,46,راهنمای (pH) متر صنعتی: اصل اندازه‌گیری پتانسیومتری، انواع الکترود و مرجع، جبران دما، کاربردها در تصفیه آب و فرایند و نکات نگهداری و استعلام.,141,https://pishtaj.ir/knowledge-center/ph.html,"index, follow",راهنمای (pH) متر صنعتی,1,10,1126,2,0,19,BreadcrumbList|Article|FAQPage,fa-IR|x-default,fa,sitemap-knowledge-center.xml,25.2,
knowledge-center/phase-control-relay.html,https://pishtaj.ir/knowledge-center/phase-control-relay.html,knowledge-center,رله کنترل فاز؛ حفاظت موتور در برابر اختلالات شبکه,49,راهنمای رله کنترل فاز: وظایف حفاظت در برابر حذف فاز، توالی و عدم تقارن ولتاژ، انواع و نکات انتخاب و نصب برای حفاظت الکتروموتورها و تجهیزات برق صنعتی.,149,https://pishtaj.ir/knowledge-center/phase-control-relay.html,"index, follow",رله کنترل فاز — حفاظت موتور در برابر اختلالات شبکه,1,9,1160,2,0,19,BreadcrumbList|Article|FAQPage,fa-IR|x-default,fa,sitemap-knowledge-center.xml,25.1,
knowledge-center/pilot-operated-valve.html,https://pishtaj.ir/knowledge-center/pilot-operated-valve.html,knowledge-center,شیر پایلوت‌اپریتد (Pilot Operated)؛ چه زمانی لازم است؟,54,راهنمای شیرهای پایلوت‌اپریتد: اصل کار با فشار خط، تفاوت با طرح‌های مستقیم، کاربردها در سایز بزرگ و اختلاف فشار کم، مزایا و نکات انتخاب و استعلام.,145,https://pishtaj.ir/knowledge-center/pilot-operated-valve.html,"index, follow",شیر پایلوت‌اپریتد (Pilot Operated) — چه زمانی لازم است؟,1,10,1152,2,0,19,BreadcrumbList|Article|FAQPage,fa-IR|x-default,fa,sitemap-knowledge-center.xml,25.2,
knowledge-center/pinch-valve-guide.html,https://pishtaj.ir/knowledge-center/pinch-valve-guide.html,knowledge-center,راهنمای شیر پینچ (Pinch Valve) صنعتی | پیشرو تجهیز فرتاک,56,مقاله تخصصی راهنمای شیر پینچ (Pinch Valve) صنعتی — راهنمای جامع برای مهندسان و کارشناسان خرید تجهیزات صنعتی؛ همراه نکات قیمت و مسیر استعلام.,140,https://pishtaj.ir/knowledge-center/pinch-valve-guide.html,,راهنمای شیر پینچ (Pinch Valve) صنعتی,1,10,1861,2,0,40,Article|BreadcrumbList|FAQPage,fa-IR|x-default,fa,sitemap-knowledge-center.xml,38.5,
knowledge-center/pinch-valve.html,https://pishtaj.ir/knowledge-center/pinch-valve.html,knowledge-center,Pinch Valve | پیشرو تجهیز فرتاک,31,Pinch Valve — برای مواد ساینده؛ کاربردها، استانداردهای کلیدی، نکات انتخاب فنی، قیمت و مسیر استعلام برای پروژه‌های صنعتی و EPC.,126,https://pishtaj.ir/knowledge-center/pinch-valve-guide.html,"noindex, follow",Pinch Valve — برای مواد ساینده,1,9,1728,2,0,41,Article|BreadcrumbList|FAQPage,fa-IR|x-default,fa,,35.6,canonical-mismatch|noindex|not-in-sitemap
knowledge-center/pipe-fittings-guide.html,https://pishtaj.ir/knowledge-center/pipe-fittings-guide.html,knowledge-center,راهنمای جامع اتصالات فیتینگ پایپینگ؛ انواع، استانداردها و انتخاب,64,راهنمای کامل اتصالات پایپینگ: جوشی لب‌به‌لب، جوشی ساکت و رزوه‌ای، شیاردار و فلنجی؛ استانداردها، متریال‌ها، محدوده کاربرد هر نوع و نکات انتخاب و خرید برای پروژه.,160,https://pishtaj.ir/knowledge-center/pipe-fittings-guide.html,"index, follow",راهنمای جامع اتصالات فیتینگ پایپینگ — انواع و انتخاب,1,13,1146,2,0,20,BreadcrumbList|Article|FAQPage,fa-IR|x-default,fa,sitemap-knowledge-center.xml,26.9,
knowledge-center/pipe-hydrotest-procedure.html,https://pishtaj.ir/knowledge-center/pipe-hydrotest-procedure.html,knowledge-center,تست هیدرواستاتیک لوله؛ فشار، نگهداشت و استاندارد,48,راهنمای تست هیدرواستاتیک لوله: فرمول فشار تست، مدت نگهداشت، محیط تست و دما، استانداردهای ASME B31.3 و API و چک‌لیست اجرای ایمن تست خط.,134,https://pishtaj.ir/knowledge-center/pipe-hydrotest-procedure.html,"index, follow",تست هیدرواستاتیک لوله — فشار تست، مدت نگهداشت و الزامات,1,8,765,2,0,21,BreadcrumbList|Article|FAQPage,fa-IR|x-default,fa,sitemap-knowledge-center.xml,21.2,
knowledge-center/plc-allen-bradley-controllogix.html,https://pishtaj.ir/knowledge-center/plc-allen-bradley-controllogix.html,knowledge-center,کنترلر PLC Allen Bradley ControlLogix | پیشرو تجهیز فرتاک,57,کنترلر PLC Allen Bradley ControlLogix؛ کاربردها، استانداردهای کلیدی، نکات انتخاب فنی، قیمت و مسیر استعلام برای پروژه‌های صنعتی و EPC.,133,https://pishtaj.ir/knowledge-center/kc-plc.html,"noindex, follow",کنترلر PLC Allen Bradley ControlLogix,1,9,1731,2,0,41,Article|BreadcrumbList|FAQPage,fa-IR|x-default,fa,,35.9,canonical-mismatch|noindex|not-in-sitemap
knowledge-center/plc-siemens-s7-1500.html,https://pishtaj.ir/knowledge-center/plc-siemens-s7-1500.html,knowledge-center,کنترلر PLC Siemens S7-1500 | پیشرو تجهیز فرتاک,46,کنترلر PLC Siemens S7-1500؛ کاربردها، استانداردهای کلیدی، نکات انتخاب فنی، قیمت و مسیر استعلام برای پروژه‌های صنعتی و EPC.,122,https://pishtaj.ir/knowledge-center/kc-plc.html,"noindex, follow",کنترلر PLC Siemens S7-1500,1,8,1686,2,0,35,Article|BreadcrumbList|FAQPage,fa-IR|x-default,fa,,33.7,canonical-mismatch|noindex|not-in-sitemap
knowledge-center/plc-types-industrial-guide.html,https://pishtaj.ir/knowledge-center/plc-types-industrial-guide.html,knowledge-center,راهنمای انواع PLC صنعتی | پیشرو تجهیز فرتاک,43,"مقاله تخصصی راهنمای انواع PLC صنعتی — Siemens, Allen Bradley, Schneider — راهنمای جامع برای مهندسان و کارشناسان خرید تجهیزات صنعتی؛ همراه نکات قیمت و مسیر استعلام.",163,https://pishtaj.ir/knowledge-center/plc-types-industrial-guide.html,,"راهنمای انواع PLC صنعتی — Siemens, Allen Bradley, Schneider",1,10,1854,2,0,37,Article|BreadcrumbList|FAQPage,fa-IR|x-default,fa,sitemap-knowledge-center.xml,38.0,
knowledge-center/plug-valve-guide.html,https://pishtaj.ir/knowledge-center/plug-valve-guide.html,knowledge-center,راهنمای شیر پلاگ (Plug Valve) صنعتی | پیشرو تجهیز فرتاک,55,مقاله تخصصی راهنمای شیر پلاگ (Plug Valve) صنعتی — راهنمای جامع برای مهندسان و کارشناسان خرید تجهیزات صنعتی؛ همراه نکات قیمت و مسیر استعلام.,139,https://pishtaj.ir/knowledge-center/plug-valve-guide.html,,راهنمای شیر پلاگ (Plug Valve) صنعتی,1,10,1863,2,0,40,Article|BreadcrumbList|FAQPage,fa-IR|x-default,fa,sitemap-knowledge-center.xml,38.6,
knowledge-center/plug-valve-lubricated-non-lubricated.html,https://pishtaj.ir/knowledge-center/plug-valve-lubricated-non-lubricated.html,knowledge-center,راهنمای پلاگ ولو؛ روان‌کاری‌شده و بدون روان‌کاری,48,راهنمای شیر پلاگ: ساختار استوانه‌ای، تفاوت طرح‌های روان‌کاری‌شده و بدون روان‌کاری، کاربردها در سرویس‌های سخت و نکات انتخاب و استعلام خرید صنعتی.,144,https://pishtaj.ir/knowledge-center/plug-valve-lubricated-non-lubricated.html,"index, follow",راهنمای پلاگ ولو (Plug Valve) — روان‌کاری‌شده و بدون روان‌کاری,1,11,1152,2,0,19,BreadcrumbList|Article|FAQPage,fa-IR|x-default,fa,sitemap-knowledge-center.xml,25.9,
knowledge-center/pmi-positive-material-identification.html,https://pishtaj.ir/knowledge-center/pmi-positive-material-identification.html,knowledge-center,راهنمای (PMI)؛ شناسایی مثبت متریال در بازرسی صنعتی,50,راهنمای (PMI) یا شناسایی مثبت متریال: اصل کار آنالایزر (XRF)، کاربردها در بازرسی ورودی و خطوط فرایندی، استانداردها و نکات اجرای برنامه (PMI) در پروژه‌ها.,153,https://pishtaj.ir/knowledge-center/pmi-positive-material-identification.html,"index, follow",راهنمای (PMI) — شناسایی مثبت متریال,1,9,1153,2,0,19,BreadcrumbList|Article|FAQPage,fa-IR|x-default,fa,sitemap-knowledge-center.xml,25.3,
knowledge-center/pmi-testing-guide.html,https://pishtaj.ir/knowledge-center/pmi-testing-guide.html,knowledge-center,راهنمای تست PMI در بازرسی تجهیزات صنعتی | پیشرو تجهیز فرتاک,59,مقاله تخصصی راهنمای تست PMI در بازرسی تجهیزات صنعتی — راهنمای جامع برای مهندسان و کارشناسان خرید تجهیزات صنعتی؛ همراه نکات قیمت و مسیر استعلام.,143,https://pishtaj.ir/knowledge-center/pmi-testing-guide.html,,راهنمای تست PMI در بازرسی تجهیزات صنعتی,1,10,1843,2,0,36,Article|BreadcrumbList|FAQPage,fa-IR|x-default,fa,sitemap-knowledge-center.xml,37.9,
knowledge-center/pneumatic-actuator-rack-pinion.html,https://pishtaj.ir/knowledge-center/pneumatic-actuator-rack-pinion.html,knowledge-center,محرک پنوماتیک (Pneumatic Actuator) | پیشرو تجهیز فرتاک,54,محرک پنوماتیک (Pneumatic Actuator) — Rack &amp; Pinion؛ کاربردها، استانداردهای کلیدی، نکات انتخاب فنی، قیمت و مسیر استعلام برای پروژه‌های صنعتی و EPC.,150,https://pishtaj.ir/knowledge-center/kc-actuator.html,"noindex, follow",محرک پنوماتیک (Pneumatic Actuator) — Rack & Pinion,1,8,1748,2,0,37,Article|BreadcrumbList|FAQPage,fa-IR|x-default,fa,,36.1,canonical-mismatch|noindex|not-in-sitemap
knowledge-center/power-distribution-transformer-guide.html,https://pishtaj.ir/knowledge-center/power-distribution-transformer-guide.html,knowledge-center,راهنمای ترانسفورماتور قدرت و توزیع صنعتی | پیشرو تجهیز فرتاک,60,مقاله تخصصی راهنمای ترانسفورماتور قدرت و توزیع صنعتی — راهنمای جامع برای مهندسان و کارشناسان خرید تجهیزات صنعتی؛ همراه نکات قیمت و مسیر استعلام.,144,https://pishtaj.ir/knowledge-center/power-distribution-transformer-guide.html,,راهنمای ترانسفورماتور قدرت و توزیع صنعتی,1,10,1892,2,0,39,Article|BreadcrumbList|FAQPage,fa-IR|x-default,fa,sitemap-knowledge-center.xml,40.2,
knowledge-center/power-plant-industry-supply-guide.html,https://pishtaj.ir/knowledge-center/power-plant-industry-supply-guide.html,knowledge-center,راهنمای تامین تجهیزات نیروگاهی صنعتی | پیشرو تجهیز فرتاک,56,مقاله تخصصی راهنمای تامین تجهیزات نیروگاهی صنعتی — راهنمای جامع برای مهندسان و کارشناسان خرید تجهیزات صنعتی؛ همراه نکات قیمت و مسیر استعلام.,140,https://pishtaj.ir/knowledge-center/power-plant-industry-supply-guide.html,,راهنمای تامین تجهیزات نیروگاهی صنعتی,1,10,1855,2,0,39,Article|BreadcrumbList|FAQPage,fa-IR|x-default,fa,sitemap-knowledge-center.xml,38.8,
knowledge-center/pressure-gauge-asme-b40-100.html,https://pishtaj.ir/knowledge-center/pressure-gauge-asme-b40-100.html,knowledge-center,گیج فشار و استاندارد (ASME B40.100)؛ انتخاب و نکات خرید,55,راهنمای گیج فشار بر اساس استاندارد (ASME B40.100): اصول اندازه‌گیری بورдон، کلاس‌های دقت، پرکننده گلیسیرین، ایمنی و نکات استعلام.,129,https://pishtaj.ir/knowledge-center/pressure-gauge-asme-b40-100.html,"index, follow",گیج فشار و استاندارد (ASME B40.100),1,10,1187,2,0,19,BreadcrumbList|Article|FAQPage,fa-IR|x-default,fa,sitemap-knowledge-center.xml,25.5,
knowledge-center/pressure-gauge-complete-guide.html,https://pishtaj.ir/knowledge-center/pressure-gauge-complete-guide.html,knowledge-center,راهنمای کامل گیج فشار صنعتی؛ مشخصات و قیمت | پیشرو تجهیز فرتاک,62,مقاله تخصصی راهنمای کامل گیج فشار صنعتی — انواع و استانداردها — راهنمای جامع برای مهندسان و کارشناسان خرید تجهیزات صنعتی؛ همراه نکات قیمت و مسیر استعلام.,153,https://pishtaj.ir/knowledge-center/pressure-gauge-complete-guide.html,,راهنمای کامل گیج فشار صنعتی — انواع و استانداردها,1,10,1860,2,0,37,Article|BreadcrumbList|FAQPage,fa-IR|x-default,fa,sitemap-knowledge-center.xml,38.3,
knowledge-center/pressure-transmitter-calibration-guide.html,https://pishtaj.ir/knowledge-center/pressure-transmitter-calibration-guide.html,knowledge-center,راهنمای کالیبراسیون ترانسمیتر فشار صنعتی | پیشرو تجهیز فرتاک,60,مقاله تخصصی راهنمای کالیبراسیون ترانسمیتر فشار صنعتی — راهنمای جامع برای مهندسان و کارشناسان خرید تجهیزات صنعتی؛ همراه نکات قیمت و مسیر استعلام.,144,https://pishtaj.ir/knowledge-center/pressure-transmitter-calibration-guide.html,,راهنمای کالیبراسیون ترانسمیتر فشار صنعتی,1,10,1927,2,0,40,Article|BreadcrumbList|FAQPage,fa-IR|x-default,fa,sitemap-knowledge-center.xml,41.0,
knowledge-center/profibus-profinet.html,https://pishtaj.ir/knowledge-center/profibus-profinet.html,knowledge-center,راهنمای شبکه Profibus و Profinet | پیشرو تجهیز فرتاک,52,راهنمای شبکه Profibus و Profinet؛ کاربردها، استانداردهای کلیدی، نکات انتخاب فنی، قیمت و مسیر استعلام برای پروژه‌های صنعتی و EPC.,128,https://pishtaj.ir/knowledge-center/kc-instrumentation-communication-protocols.html,"noindex, follow",راهنمای شبکه Profibus و Profinet,1,9,1735,2,0,41,Article|BreadcrumbList|FAQPage,fa-IR|x-default,fa,,36.0,canonical-mismatch|noindex|not-in-sitemap
knowledge-center/protective-relay-guide.html,https://pishtaj.ir/knowledge-center/protective-relay-guide.html,knowledge-center,راهنمای رله‌های حفاظتی در تابلو برق صنعتی | پیشرو تجهیز فرتاک,61,مقاله تخصصی راهنمای رله‌های حفاظتی در تابلو برق صنعتی — راهنمای جامع برای مهندسان و کارشناسان خرید تجهیزات صنعتی؛ همراه نکات قیمت و مسیر استعلام.,145,https://pishtaj.ir/knowledge-center/protective-relay-guide.html,,راهنمای رله‌های حفاظتی در تابلو برق صنعتی,1,10,1852,2,0,37,Article|BreadcrumbList|FAQPage,fa-IR|x-default,fa,sitemap-knowledge-center.xml,38.3,
knowledge-center/psv-prv-api-520-api-526.html,https://pishtaj.ir/knowledge-center/psv-prv-api-520-api-526.html,knowledge-center,شیر اطمینان PSV/PRV بر اساس API 520 و API 526,45,راهنمای شیر اطمینان: تفاوت (PSV) و (PRV)، الزامات سایزینگ و نصب بر اساس مراجع (API 520/521)، ابعاد استاندارد (API 526) و نکات استعلام خرید.,139,https://pishtaj.ir/knowledge-center/psv-prv-api-520-api-526.html,"index, follow",شیر اطمینان (PSV/PRV) بر اساس (API 520) و (API 526),1,10,1142,2,0,19,BreadcrumbList|Article|FAQPage,fa-IR|x-default,fa,sitemap-knowledge-center.xml,24.8,
knowledge-center/quality-assurance-supply-guide.html,https://pishtaj.ir/knowledge-center/quality-assurance-supply-guide.html,knowledge-center,راهنمای تضمین کیفیت در تامین تجهیزات صنعتی | پیشرو تجهیز فرتاک,62,مقاله تخصصی راهنمای تضمین کیفیت در تامین تجهیزات صنعتی — راهنمای جامع برای مهندسان و کارشناسان خرید تجهیزات صنعتی؛ همراه نکات قیمت و مسیر استعلام.,146,https://pishtaj.ir/knowledge-center/quality-assurance-supply-guide.html,,راهنمای تضمین کیفیت در تامین تجهیزات صنعتی,1,10,1856,2,0,39,Article|BreadcrumbList|FAQPage,fa-IR|x-default,fa,sitemap-knowledge-center.xml,39.0,
knowledge-center/radar-level-transmitter-guide.html,https://pishtaj.ir/knowledge-center/radar-level-transmitter-guide.html,knowledge-center,راهنمای ترانسمیتر سطح راداری صنعتی | پیشرو تجهیز فرتاک,54,مقاله تخصصی راهنمای ترانسمیتر سطح راداری صنعتی — راهنمای جامع برای مهندسان و کارشناسان خرید تجهیزات صنعتی؛ همراه نکات قیمت و مسیر استعلام.,138,https://pishtaj.ir/knowledge-center/radar-level-transmitter-guide.html,,راهنمای ترانسمیتر سطح راداری صنعتی,1,10,1894,2,0,39,Article|BreadcrumbList|FAQPage,fa-IR|x-default,fa,sitemap-knowledge-center.xml,40.1,
knowledge-center/rosemount-3051.html,https://pishtaj.ir/knowledge-center/rosemount-3051.html,knowledge-center,ترانسمیتر فشار Rosemount 3051؛ مشخصات فنی و نصب | پیشرو تجهیز,61,ترانسمیتر فشار Rosemount 3051 — مشخصات و نصب؛ کاربردها، استانداردهای کلیدی، نکات انتخاب فنی، قیمت و مسیر استعلام برای پروژه‌های صنعتی و EPC.,140,https://pishtaj.ir/knowledge-center/rosemount-pressure-transmitter-family.html,"noindex, follow",ترانسمیتر فشار Rosemount 3051 — مشخصات و نصب,1,8,1768,2,0,38,Article|BreadcrumbList|FAQPage,fa-IR|x-default,fa,,36.9,canonical-mismatch|noindex|not-in-sitemap
knowledge-center/rosemount-644.html,https://pishtaj.ir/knowledge-center/rosemount-644.html,knowledge-center,ترانسمیتر دما Rosemount 644 | پیشرو تجهیز فرتاک,47,ترانسمیتر دما Rosemount 644 — راهنمای نصب؛ کاربردها، استانداردهای کلیدی، نکات انتخاب فنی، قیمت و مسیر استعلام برای پروژه‌های صنعتی و EPC.,137,https://pishtaj.ir/knowledge-center/kc-rtd-thermocouple-thermistor.html,"noindex, follow",ترانسمیتر دما Rosemount 644 — راهنمای نصب,1,9,1757,2,0,42,Article|BreadcrumbList|FAQPage,fa-IR|x-default,fa,,36.7,canonical-mismatch|noindex|not-in-sitemap
knowledge-center/rosemount-pressure-transmitter-family.html,https://pishtaj.ir/knowledge-center/rosemount-pressure-transmitter-family.html,knowledge-center,ترانسمیتر فشار روزمونت 3051؛ انتخاب مدل و Model Code,52,راهنمای کامل ترانسمیتر فشار روزمونت — خانواده‌ی Rosemount 3051 (Coplanar)، 2088 (Inline)، 3095 و 3051S، رمزگشایی Model Code، پارامترهای انتخاب…,143,https://pishtaj.ir/knowledge-center/rosemount-pressure-transmitter-family.html,"index, follow",ترانسمیتر فشار روزمونت — خانواده‌ی 3051 و 2088 و راهنمای انتخاب,1,12,1153,2,0,35,BreadcrumbList|TechArticle|Article|FAQPage,fa-IR|x-default,fa,sitemap-knowledge-center.xml,31.4,
knowledge-center/rosemount-vs-yokogawa-comparison.html,https://pishtaj.ir/knowledge-center/rosemount-vs-yokogawa-comparison.html,knowledge-center,مقایسه ترانسمیتر Rosemount و Yokogawa صنعتی | پیشرو تجهیز فرتاک,63,مقاله تخصصی مقایسه ترانسمیتر Rosemount و Yokogawa صنعتی — راهنمای جامع برای مهندسان و کارشناسان خرید تجهیزات صنعتی؛ همراه نکات قیمت و مسیر استعلام.,147,https://pishtaj.ir/knowledge-center/rosemount-vs-yokogawa-comparison.html,,مقایسه ترانسمیتر Rosemount و Yokogawa صنعتی,1,10,1918,2,0,40,Article|BreadcrumbList|FAQPage,fa-IR|x-default,fa,sitemap-knowledge-center.xml,40.5,
knowledge-center/rtd-vs-thermocouple-comparison.html,https://pishtaj.ir/knowledge-center/rtd-vs-thermocouple-comparison.html,knowledge-center,مقایسه سنسور دما RTD و Thermocouple صنعتی | پیشرو تجهیز فرتاک,61,مقاله تخصصی مقایسه سنسور دما RTD و Thermocouple صنعتی — راهنمای جامع برای مهندسان و کارشناسان خرید تجهیزات صنعتی؛ همراه نکات قیمت و مسیر استعلام.,145,https://pishtaj.ir/knowledge-center/rtd-vs-thermocouple-comparison.html,,مقایسه سنسور دما RTD و Thermocouple صنعتی,1,10,1854,2,0,37,Article|BreadcrumbList|FAQPage,fa-IR|x-default,fa,sitemap-knowledge-center.xml,38.1,
knowledge-center/safety-relief-valve-guide.html,https://pishtaj.ir/knowledge-center/safety-relief-valve-guide.html,knowledge-center,راهنمای شیر اطمینان و ایمنی (PSV/PRV) صنعتی | پیشرو تجهیز فرتاک,63,مقاله تخصصی راهنمای شیر اطمینان و ایمنی (PSV/PRV) صنعتی — راهنمای جامع برای مهندسان و کارشناسان خرید تجهیزات صنعتی؛ همراه نکات قیمت و مسیر استعلام.,147,https://pishtaj.ir/knowledge-center/safety-relief-valve-guide.html,,راهنمای شیر اطمینان و ایمنی (PSV/PRV) صنعتی,1,10,1924,2,0,39,Article|BreadcrumbList|FAQPage,fa-IR|x-default,fa,sitemap-knowledge-center.xml,40.2,
knowledge-center/scada-rtu-system-guide.html,https://pishtaj.ir/knowledge-center/scada-rtu-system-guide.html,knowledge-center,راهنمای سیستم SCADA و RTU در اتوماسیون صنعتی | پیشرو تجهیز فرتاک,64,مقاله تخصصی راهنمای سیستم SCADA و RTU در اتوماسیون صنعتی — راهنمای جامع برای مهندسان و کارشناسان خرید تجهیزات صنعتی؛ همراه نکات قیمت و مسیر استعلام.,148,https://pishtaj.ir/knowledge-center/scada-rtu-system-guide.html,,راهنمای سیستم SCADA و RTU در اتوماسیون صنعتی,1,10,1853,2,0,37,Article|BreadcrumbList|FAQPage,fa-IR|x-default,fa,sitemap-knowledge-center.xml,38.2,
knowledge-center/scada.html,https://pishtaj.ir/knowledge-center/scada.html,knowledge-center,سیستم SCADA در صنعت نفت و گاز | پیشرو تجهیز فرتاک,49,سیستم SCADA در صنعت نفت و گاز؛ کاربردها، استانداردهای کلیدی، نکات انتخاب فنی، قیمت و مسیر استعلام برای پروژه‌های صنعتی و EPC.,125,https://pishtaj.ir/knowledge-center/scada-rtu-system-guide.html,"noindex, follow",سیستم SCADA در صنعت نفت و گاز,1,9,1751,2,0,41,Article|BreadcrumbList|FAQPage,fa-IR|x-default,fa,,36.2,canonical-mismatch|noindex|not-in-sitemap
knowledge-center/schedule-sch-40-80-160.html,https://pishtaj.ir/knowledge-center/schedule-sch-40-80-160.html,knowledge-center,اسچول لوله (Schedule) چیست؟ جدول ضخامت و وزن دیواره,51,راهنمای اسچول لوله: تعریف Schedule، ابعاد SCH 40، ۸۰، ۱۶۰ و XXS، فرمول وزن و نکات انتخاب ضخامت دیواره برای پروژه.,113,https://pishtaj.ir/knowledge-center/schedule-sch-40-80-160.html,"index, follow",اسچول لوله (Schedule) — ضخامت دیواره، جدول و نکات انتخاب,1,10,1120,2,0,20,BreadcrumbList|Article|FAQPage,fa-IR|x-default,fa,sitemap-knowledge-center.xml,25.7,
knowledge-center/seamless-pipe-complete-guide.html,https://pishtaj.ir/knowledge-center/seamless-pipe-complete-guide.html,knowledge-center,راهنمای جامع لوله مانیسمان؛ تولید، استانداردها و نکات خرید,58,راهنمای لوله مانیسمان (بدون درز): فرآیند تولید، استانداردهای کربنی و آلیاژی، مزایا نسبت به درزدار، سایز، تست‌ها و چک‌لیست استعلام.,130,https://pishtaj.ir/knowledge-center/seamless-pipe-complete-guide.html,"index, follow",راهنمای جامع لوله مانیسمان (بدون درز) — تولید، استانداردها و خرید,1,11,1164,2,0,20,BreadcrumbList|Article|FAQPage,fa-IR|x-default,fa,sitemap-knowledge-center.xml,26.7,
knowledge-center/seamless-vs-erw-pipe-difference.html,https://pishtaj.ir/knowledge-center/seamless-vs-erw-pipe-difference.html,knowledge-center,تفاوت لوله مانیسمان و لوله درزدار (جوشی)؛ مقایسه کامل فنی,57,مقایسه جامع لوله بدون درز و جوشی: روش ساخت، یکنواختی خواص، تحمل فشار، محدوده سایز، اقتصاد و معیارهای انتخاب بر اساس سرویس، فشار و بودجه پروژه.,142,https://pishtaj.ir/knowledge-center/seamless-vs-erw-pipe-difference.html,"index, follow",تفاوت لوله مانیسمان و درزدار — مقایسه کامل و انتخاب,1,12,1165,2,0,20,BreadcrumbList|Article|FAQPage,fa-IR|x-default,fa,sitemap-knowledge-center.xml,25.8,
knowledge-center/seat-ptfe-peek-nylon.html,https://pishtaj.ir/knowledge-center/seat-ptfe-peek-nylon.html,knowledge-center,مواد نشیمنگاه (Seat) در شیرآلات؛ از (PTFE) تا (PEEK),52,راهنمای انتخاب متریال نشیمنگاه شیرآلات: مقایسه (PTFE)، (PEEK)، نایلون، استیل و پوشش‌های سخت؛ محدودیت دما، سازگاری شیمیایی و کلاس نشتی هر کدام.,142,https://pishtaj.ir/knowledge-center/seat-ptfe-peek-nylon.html,"index, follow",مواد نشیمنگاه (Seat) در شیرآلات — از (PTFE) تا (PEEK),1,10,1140,2,0,19,BreadcrumbList|Article|FAQPage,fa-IR|x-default,fa,sitemap-knowledge-center.xml,25.2,
knowledge-center/sf6.html,https://pishtaj.ir/knowledge-center/sf6.html,knowledge-center,کلید قدرت (SF6) و تجهیزات فشار قوی؛ فناوری و نکات بهره‌برداری,61,راهنمای کلید قدرت و تجهیزات عایق گازی (SF6): خواص گاز، فناوری قطع قوس، تجهیز (GIS)، مدیریت نشتی و نکات نگهداری و استعلام.,121,https://pishtaj.ir/knowledge-center/sf6.html,"index, follow",کلید قدرت (SF6) و تجهیزات فشار قوی,1,10,1170,2,0,19,BreadcrumbList|Article|FAQPage,fa-IR|x-default,fa,sitemap-knowledge-center.xml,25.2,
knowledge-center/shell-seat-closure.html,https://pishtaj.ir/knowledge-center/shell-seat-closure.html,knowledge-center,تست شیرآلات؛ پوسته، نشیمنگاه و آب‌بندی (Shell/Seat/Closure),59,راهنمای تست شیرآلات: تفاوت تست پوسته، نشیمنگاه و آب‌بندی، سیال و فشار هر تست، معیارهای پذیرش نشتی و مدارکی که باید از سازنده مطالبه شود.,136,https://pishtaj.ir/knowledge-center/shell-seat-closure.html,"index, follow",تست شیرآلات — پوسته، نشیمنگاه و آب‌بندی,1,10,1149,2,0,19,BreadcrumbList|Article|FAQPage,fa-IR|x-default,fa,sitemap-knowledge-center.xml,24.7,
knowledge-center/shutdown-turnaround-industrial-guide.html,https://pishtaj.ir/knowledge-center/shutdown-turnaround-industrial-guide.html,knowledge-center,راهنمای تجهیزات Shutdown و اورهال صنعتی | پیشرو تجهیز فرتاک,59,مقاله تخصصی راهنمای تجهیزات Shutdown و اورهال صنعتی — راهنمای جامع برای مهندسان و کارشناسان خرید تجهیزات صنعتی؛ همراه نکات قیمت و مسیر استعلام.,143,https://pishtaj.ir/knowledge-center/shutdown-turnaround-industrial-guide.html,,راهنمای تجهیزات Shutdown و اورهال صنعتی,1,10,1842,2,0,36,Article|BreadcrumbList|FAQPage,fa-IR|x-default,fa,sitemap-knowledge-center.xml,37.9,
knowledge-center/shutdown.html,https://pishtaj.ir/knowledge-center/shutdown.html,knowledge-center,تجهیزات Shutdown و اورهال صنعتی | پیشرو تجهیز فرتاک,51,تجهیزات Shutdown و اورهال صنعتی؛ کاربردها، استانداردهای کلیدی، نکات انتخاب فنی، قیمت و مسیر استعلام برای پروژه‌های صنعتی و EPC.,127,https://pishtaj.ir/knowledge-center/shutdown-turnaround-industrial-guide.html,"noindex, follow",تجهیزات Shutdown و اورهال صنعتی,1,9,1722,2,0,40,Article|BreadcrumbList|FAQPage,fa-IR|x-default,fa,,35.9,canonical-mismatch|noindex|not-in-sitemap
knowledge-center/sil-certification-instrument-guide.html,https://pishtaj.ir/knowledge-center/sil-certification-instrument-guide.html,knowledge-center,راهنمای گواهی SIL در ابزار دقیق صنعتی | پیشرو تجهیز فرتاک,57,مقاله تخصصی راهنمای گواهی SIL در ابزار دقیق صنعتی — راهنمای جامع برای مهندسان و کارشناسان خرید تجهیزات صنعتی؛ همراه نکات قیمت و مسیر استعلام.,141,https://pishtaj.ir/knowledge-center/sil-certification-instrument-guide.html,,راهنمای گواهی SIL در ابزار دقیق صنعتی,1,10,1856,2,0,37,Article|BreadcrumbList|FAQPage,fa-IR|x-default,fa,sitemap-knowledge-center.xml,38.2,
knowledge-center/sil-iec-61508-iec-61511.html,https://pishtaj.ir/knowledge-center/sil-iec-61508-iec-61511.html,knowledge-center,(SIL) در ابزار دقیق؛ سطوح یکپارچگی ایمنی و الزامات خرید,55,راهنمای (SIL) در ابزار دقیق: مفهوم سطوح یکپارچگی ایمنی، مراجع استاندارد، تفاوت تجهیزات گواهی‌شده و نکات الزامی خرید تجهیزات برای حلقه‌های ایمنی.,144,https://pishtaj.ir/knowledge-center/sil-iec-61508-iec-61511.html,"index, follow",(SIL) در ابزار دقیق — سطوح یکپارچگی ایمنی,1,9,1157,2,0,19,BreadcrumbList|Article|FAQPage,fa-IR|x-default,fa,sitemap-knowledge-center.xml,25.2,
knowledge-center/socket-weld-threaded.html,https://pishtaj.ir/knowledge-center/socket-weld-threaded.html,knowledge-center,فلنج جوشی ساکت یا رزوه‌ای؟ مقایسه فنی و راهنمای انتخاب,54,مقایسه کامل فلنج جوشی ساکت و رزوه‌ای: ساختار، روش نصب، نقاط قوت و ضعف، ریسک‌های هر نوع و معیارهای انتخاب برای خطوط ابزار دقیق، نمونه‌گیری و تخلیه.,146,https://pishtaj.ir/knowledge-center/socket-weld-threaded.html,"index, follow",فلنج جوشی ساکت یا رزوه‌ای — مقایسه فنی و انتخاب,1,12,1151,2,0,20,BreadcrumbList|Article|FAQPage,fa-IR|x-default,fa,sitemap-knowledge-center.xml,25.8,
knowledge-center/soft-starter-guide.html,https://pishtaj.ir/knowledge-center/soft-starter-guide.html,knowledge-center,راهنمای سافت استارتر در کنترل موتورهای صنعتی | پیشرو تجهیز فرتاک,64,مقاله تخصصی راهنمای سافت استارتر در کنترل موتورهای صنعتی — راهنمای جامع برای مهندسان و کارشناسان خرید تجهیزات صنعتی؛ همراه نکات قیمت و مسیر استعلام.,148,https://pishtaj.ir/knowledge-center/soft-starter-guide.html,,راهنمای سافت استارتر در کنترل موتورهای صنعتی,1,10,1879,2,0,38,Article|BreadcrumbList|FAQPage,fa-IR|x-default,fa,sitemap-knowledge-center.xml,38.9,
knowledge-center/soft-starter.html,https://pishtaj.ir/knowledge-center/soft-starter.html,knowledge-center,سافت استارتر (Soft Starter) | پیشرو تجهیز فرتاک,47,سافت استارتر (Soft Starter) — کنترل راه‌اندازی موتور؛ کاربردها، استانداردهای کلیدی، نکات انتخاب فنی، قیمت و مسیر استعلام برای پروژه‌های صنعتی و EPC.,148,https://pishtaj.ir/knowledge-center/soft-starter-guide.html,"noindex, follow",سافت استارتر (Soft Starter) — کنترل راه‌اندازی موتور,1,9,1769,2,0,42,Article|BreadcrumbList|FAQPage,fa-IR|x-default,fa,,36.7,canonical-mismatch|noindex|not-in-sitemap
knowledge-center/sour-service-equipment-guide.html,https://pishtaj.ir/knowledge-center/sour-service-equipment-guide.html,knowledge-center,راهنمای تجهیزات سرویس اسیدی (Sour Service) | پیشرو تجهیز فرتاک,62,مقاله تخصصی راهنمای تجهیزات سرویس اسیدی (Sour Service) — راهنمای جامع برای مهندسان و کارشناسان خرید تجهیزات صنعتی؛ همراه نکات قیمت و مسیر استعلام.,146,https://pishtaj.ir/knowledge-center/sour-service-equipment-guide.html,,راهنمای تجهیزات سرویس اسیدی (Sour Service),1,10,1890,2,0,40,Article|BreadcrumbList|FAQPage,fa-IR|x-default,fa,sitemap-knowledge-center.xml,39.1,
knowledge-center/ss304-ss316.html,https://pishtaj.ir/knowledge-center/ss304-ss316.html,knowledge-center,مقایسه لوله استنلس ۳۰۴ و ۳۱۶؛ کدام گرید برای سرویس شما؟,55,مقایسه فنی دو گرید پرکاربرد استنلس: تفاوت ترکیب شیمیایی و نقش مولیبدن، مقاومت در محیط‌های کلریدی، استحکام، هزینه و معیارهای انتخاب برای خطوط صنعتی.,147,https://pishtaj.ir/knowledge-center/ss304-ss316.html,"index, follow",مقایسه استنلس ۳۰۴ و ۳۱۶ — کدام گرید برای خط شما؟,1,13,1172,2,0,20,BreadcrumbList|Article|FAQPage,fa-IR|x-default,fa,sitemap-knowledge-center.xml,26.0,
knowledge-center/stainless-steel-pipe-guide.html,https://pishtaj.ir/knowledge-center/stainless-steel-pipe-guide.html,knowledge-center,راهنمای خرید لوله استنلس استیل؛ انتخاب گرید بر اساس سرویس,57,انتخاب گریدِ لوله استنلس بر پایهٔ سیال و دما: تفاوت ۳۰۴، ۳۱۶L، ۳۲۱ و داپلکس، مقاومت به خوردگی حفره‌ای (PREN)، ترک تنشی کلرید، پاسیواسیون و چک‌لیست استعلام.,155,https://pishtaj.ir/knowledge-center/stainless-steel-pipe-guide.html,,راهنمای لوله استینلس استیل (Stainless Steel Pipe),1,17,2605,2,0,37,Article|BreadcrumbList|FAQPage,fa-IR|x-default,fa,sitemap-knowledge-center.xml,49.9,
knowledge-center/stainless-steel.html,https://pishtaj.ir/knowledge-center/stainless-steel.html,knowledge-center,شیر استنلس استیل (Stainless Steel)؛ گریدها، کاربرد و انتخاب,59,راهنمای شیرهای استنلس استیل: تفاوت گریدهای 304 و 316 و ریختگی‌های (CF8) و (CF8M)، مقاومت خوردگی، کاربردهای بهداشتی و شیمیایی و نکات استعلام خرید.,145,https://pishtaj.ir/knowledge-center/stainless-steel.html,"index, follow",شیر استنلس استیل (Stainless Steel) — گریدها و انتخاب,1,10,1138,2,0,19,BreadcrumbList|Article|FAQPage,fa-IR|x-default,fa,sitemap-knowledge-center.xml,25.0,
knowledge-center/steam-control-valve-sizing-guide.html,https://pishtaj.ir/knowledge-center/steam-control-valve-sizing-guide.html,knowledge-center,سایزینگ کنترل ولو بخار چیست؟ نکات انتخاب Steam Control Valve,60,راهنمای کامل سایزینگ کنترل ولو بخار، choked flow، noise، Xt، دبی kg/h، فشار مطلق، trim مناسب و workflow مهندسی همراه با لینک ابزار آنلاین کنترل ولو PTF…,152,https://pishtaj.ir/knowledge-center/steam-control-valve-sizing-guide.html,"index, follow",سایزینگ کنترل ولو بخار چیست؟ نکات انتخاب Steam Control Valve,1,12,1932,1,0,22,BreadcrumbList|Article|FAQPage,fa-IR|x-default,fa,sitemap-knowledge-center.xml,32.7,
knowledge-center/steam-system-equipment-guide.html,https://pishtaj.ir/knowledge-center/steam-system-equipment-guide.html,knowledge-center,راهنمای تجهیزات سیستم بخار صنعتی | پیشرو تجهیز فرتاک,52,مقاله تخصصی راهنمای تجهیزات سیستم بخار صنعتی — راهنمای جامع برای مهندسان و کارشناسان خرید تجهیزات صنعتی؛ همراه نکات قیمت و مسیر استعلام.,136,https://pishtaj.ir/knowledge-center/steam-system-equipment-guide.html,,راهنمای تجهیزات سیستم بخار صنعتی,1,10,1886,2,0,38,Article|BreadcrumbList|FAQPage,fa-IR|x-default,fa,sitemap-knowledge-center.xml,39.6,
knowledge-center/steel-industry-supply-guide.html,https://pishtaj.ir/knowledge-center/steel-industry-supply-guide.html,knowledge-center,راهنمای تامین تجهیزات صنایع فولاد | پیشرو تجهیز فرتاک,53,مقاله تخصصی راهنمای تامین تجهیزات صنایع فولاد — راهنمای جامع برای مهندسان و کارشناسان خرید تجهیزات صنعتی؛ همراه نکات قیمت و مسیر استعلام.,137,https://pishtaj.ir/knowledge-center/steel-industry-supply-guide.html,,راهنمای تامین تجهیزات صنایع فولاد,1,10,1856,2,0,39,Article|BreadcrumbList|FAQPage,fa-IR|x-default,fa,sitemap-knowledge-center.xml,38.6,
knowledge-center/surge-arrester.html,https://pishtaj.ir/knowledge-center/surge-arrester.html,knowledge-center,راهنمای برقگیر (Surge Arrester)؛ حفاظت در برابر اضافه ولتاژ,59,راهنمای برقگیر و حفاظت در برابر اضافه ولتاژ: برقگیرهای فشار متوسط و قوی، برقگیرهای (SPD) فشار ضعیف، انتخاب بر اساس ناحیه و نکات استعلام.,136,https://pishtaj.ir/knowledge-center/surge-arrester.html,"index, follow",راهنمای برقگیر (Surge Arrester),1,10,1171,2,0,19,BreadcrumbList|Article|FAQPage,fa-IR|x-default,fa,sitemap-knowledge-center.xml,25.6,
knowledge-center/temperature-transmitter-guide.html,https://pishtaj.ir/knowledge-center/temperature-transmitter-guide.html,knowledge-center,راهنمای ترانسمیتر دما؛ سنسورها، انتخاب و نصب,44,راهنمای کامل ترانسمیتر دما: تفاوت ترموکوپل و (RTD)، ترانسمیترهای سر و ریلی، ترموول و نکات نصب، کالیبراسیون و استعلام خرید برای پایش دمای فرایند.,144,https://pishtaj.ir/knowledge-center/temperature-transmitter-guide.html,"index, follow",راهنمای ترانسمیتر دما,1,9,1149,2,0,19,BreadcrumbList|Article|FAQPage,fa-IR|x-default,fa,sitemap-knowledge-center.xml,25.4,
knowledge-center/thermal-mass-flowmeter.html,https://pishtaj.ir/knowledge-center/thermal-mass-flowmeter.html,knowledge-center,فلومتر حرارتی (Thermal Mass)؛ اندازه‌گیری مستقیم جرم گاز,56,راهنمای فلومتر حرارتی: اصل اندازه‌گیری مستقیم دبی جرمی گاز، مزایا برای هوا و گازهای فرایندی، انواع درون‌خط و درجی و نکات انتخاب و استعلام خرید.,143,https://pishtaj.ir/knowledge-center/thermal-mass-flowmeter.html,"index, follow",فلومتر حرارتی (Thermal Mass Flowmeter),1,9,1133,2,0,19,BreadcrumbList|Article|FAQPage,fa-IR|x-default,fa,sitemap-knowledge-center.xml,25.1,
knowledge-center/thermowell-guide.html,https://pishtaj.ir/knowledge-center/thermowell-guide.html,knowledge-center,راهنمای ترموول (Thermowell) در ابزار دقیق | پیشرو تجهیز فرتاک,61,مقاله تخصصی راهنمای ترموول (Thermowell) در ابزار دقیق — راهنمای جامع برای مهندسان و کارشناسان خرید تجهیزات صنعتی؛ همراه نکات قیمت و مسیر استعلام.,145,https://pishtaj.ir/knowledge-center/thermowell-guide.html,,راهنمای ترموول (Thermowell) در ابزار دقیق,1,10,1849,2,0,37,Article|BreadcrumbList|FAQPage,fa-IR|x-default,fa,sitemap-knowledge-center.xml,38.1,
knowledge-center/thermowell.html,https://pishtaj.ir/knowledge-center/thermowell.html,knowledge-center,Thermowell (ترموول) | پیشرو تجهیز فرتاک,39,Thermowell (ترموول) — جنس و انتخاب؛ کاربردها، استانداردهای کلیدی، نکات انتخاب فنی، قیمت و مسیر استعلام برای پروژه‌های صنعتی و EPC.,130,https://pishtaj.ir/knowledge-center/thermowell-guide.html,"noindex, follow",Thermowell (ترموول) — جنس و انتخاب,1,8,1683,2,0,35,Article|BreadcrumbList|FAQPage,fa-IR|x-default,fa,,33.8,canonical-mismatch|noindex|not-in-sitemap
knowledge-center/third-party-inspection-guide.html,https://pishtaj.ir/knowledge-center/third-party-inspection-guide.html,knowledge-center,راهنمای بازرسی شخص ثالث (TPI) در صنعت | پیشرو تجهیز فرتاک,57,مقاله تخصصی راهنمای بازرسی شخص ثالث (TPI) در صنعت — راهنمای جامع برای مهندسان و کارشناسان خرید تجهیزات صنعتی؛ همراه نکات قیمت و مسیر استعلام.,141,https://pishtaj.ir/knowledge-center/kc-supplier-qualification-assessment.html,"noindex, follow",راهنمای بازرسی شخص ثالث (TPI) در صنعت,1,9,1740,2,0,33,Article|BreadcrumbList|FAQPage,fa-IR|x-default,fa,,34.3,canonical-mismatch|noindex|not-in-sitemap
knowledge-center/tilting-disc-check-valve.html,https://pishtaj.ir/knowledge-center/tilting-disc-check-valve.html,knowledge-center,شیر یک‌طرفه دیسک کج (Tilting Disc)؛ راه‌حل ضربه قوچ,51,راهنمای شیر یک‌طرفه دیسک کج: ساختار دیسک مایل با وزنه و دمپر، کنترل بسته شدن برای جلوگیری از ضربه قوچ، مقایسه با طرح‌های دیگر و نکات انتخاب و استعلام.,150,https://pishtaj.ir/knowledge-center/tilting-disc-check-valve.html,"index, follow",شیر یک‌طرفه دیسک کج (Tilting Disc Check Valve),1,10,1151,2,0,19,BreadcrumbList|Article|FAQPage,fa-IR|x-default,fa,sitemap-knowledge-center.xml,24.8,
knowledge-center/transit-time-doppler.html,https://pishtaj.ir/knowledge-center/transit-time-doppler.html,knowledge-center,فلومتر اولتراسونیک؛ ترانزیت‌تایم و داپلر، انتخاب و نصب,54,راهنمای فلومتر اولتراسونیک: مقایسه دو فناوری ترانزیت‌تایم و داپلر، گیره‌ای و خطی، دقت و نصب، کاربردها و معیارهای استعلام خرید.,126,https://pishtaj.ir/knowledge-center/transit-time-doppler.html,"index, follow",فلومتر اولتراسونیک,1,10,1233,2,0,19,BreadcrumbList|Article|FAQPage,fa-IR|x-default,fa,sitemap-knowledge-center.xml,26.2,
knowledge-center/turbidity-meter.html,https://pishtaj.ir/knowledge-center/turbidity-meter.html,knowledge-center,راهنمای کدورت‌سنج (Turbidity Meter)؛ اصول و انتخاب,50,راهنمای کدورت‌سنج صنعتی: اصل اندازه‌گیری پراکندگی نور، روش‌ها و واحدهای رایج، کاربردها در تصفیه آب آشامیدنی و پساب و نکات نگهداری و استعلام خرید.,145,https://pishtaj.ir/knowledge-center/turbidity-meter.html,"index, follow",راهنمای کدورت‌سنج (Turbidity Meter),1,9,1136,2,0,19,BreadcrumbList|Article|FAQPage,fa-IR|x-default,fa,sitemap-knowledge-center.xml,25.6,
knowledge-center/ups-industrial-guide.html,https://pishtaj.ir/knowledge-center/ups-industrial-guide.html,knowledge-center,راهنمای UPS صنعتی | پیشرو تجهیز فرتاک,37,مقاله تخصصی راهنمای UPS صنعتی — منبع تغذیه بدون وقفه — راهنمای جامع برای مهندسان و کارشناسان خرید تجهیزات صنعتی؛ همراه نکات قیمت و مسیر استعلام.,144,https://pishtaj.ir/knowledge-center/kc-ups.html,"noindex, follow",راهنمای UPS صنعتی — منبع تغذیه بدون وقفه,1,9,1746,2,0,34,Article|BreadcrumbList|FAQPage,fa-IR|x-default,fa,,34.2,canonical-mismatch|noindex|not-in-sitemap
knowledge-center/ups-nicd-li-ion.html,https://pishtaj.ir/knowledge-center/ups-nicd-li-ion.html,knowledge-center,UPS باتری NiCd و Li-ion | پیشرو تجهیز فرتاک,43,UPS باتری NiCd و Li-ion — مقایسه؛ کاربردها، استانداردهای کلیدی، نکات انتخاب فنی، قیمت و مسیر استعلام برای پروژه‌های صنعتی و EPC.,128,https://pishtaj.ir/knowledge-center/kc-ups.html,"noindex, follow",UPS باتری NiCd و Li-ion — مقایسه,1,8,1697,2,0,35,Article|BreadcrumbList|FAQPage,fa-IR|x-default,fa,,33.8,canonical-mismatch|noindex|not-in-sitemap
knowledge-center/ups-online-line-interactive.html,https://pishtaj.ir/knowledge-center/ups-online-line-interactive.html,knowledge-center,UPS صنعتی؛ انواع و راهنمای انتخاب | پیشرو تجهیز فرتاک,53,UPS صنعتی — Online و Line-Interactive؛ کاربردها، استانداردهای کلیدی، نکات انتخاب فنی، قیمت و مسیر استعلام برای پروژه‌های صنعتی و EPC.,133,https://pishtaj.ir/knowledge-center/kc-ups.html,"noindex, follow",UPS صنعتی — Online و Line-Interactive,1,8,1687,2,0,35,Article|BreadcrumbList|FAQPage,fa-IR|x-default,fa,,33.7,canonical-mismatch|noindex|not-in-sitemap
knowledge-center/ut.html,https://pishtaj.ir/knowledge-center/ut.html,knowledge-center,راهنمای تست UT لوله (فراصوت) | پیشرو تجهیز فرتاک,48,راهنمای تست UT لوله (فراصوت)؛ کاربردها، استانداردهای کلیدی، نکات انتخاب فنی، قیمت و مسیر استعلام برای پروژه‌های صنعتی و EPC.,124,https://pishtaj.ir/knowledge-center/kc-ndt.html,"noindex, follow",راهنمای تست UT لوله (فراصوت),1,9,1736,2,0,41,Article|BreadcrumbList|FAQPage,fa-IR|x-default,fa,,36.0,canonical-mismatch|noindex|not-in-sitemap
knowledge-center/valve-actuator-types-guide.html,https://pishtaj.ir/knowledge-center/valve-actuator-types-guide.html,knowledge-center,راهنمای انواع محرک (Actuator) در شیرآلات صنعتی,46,مقاله تخصصی راهنمای انواع محرک (Actuator) در شیرآلات صنعتی — راهنمای جامع برای مهندسان و کارشناسان خرید تجهیزات صنعتی؛ همراه نکات قیمت و مسیر استعلام.,150,https://pishtaj.ir/knowledge-center/valve-actuator-types-guide.html,,راهنمای انواع محرک (Actuator) در شیرآلات صنعتی,1,10,1908,2,0,39,Article|BreadcrumbList|FAQPage,fa-IR|x-default,fa,sitemap-knowledge-center.xml,40.2,
knowledge-center/valve-body-material-selection.html,https://pishtaj.ir/knowledge-center/valve-body-material-selection.html,knowledge-center,راهنمای انتخاب متریال بدنه شیرآلات صنعتی | پیشرو تجهیز فرتاک,60,مقاله تخصصی راهنمای انتخاب متریال بدنه شیرآلات صنعتی — راهنمای جامع برای مهندسان و کارشناسان خرید تجهیزات صنعتی؛ همراه نکات قیمت و مسیر استعلام.,144,https://pishtaj.ir/knowledge-center/valve-body-material-selection.html,,راهنمای انتخاب متریال بدنه شیرآلات صنعتی,1,10,1880,2,0,40,Article|BreadcrumbList|FAQPage,fa-IR|x-default,fa,sitemap-knowledge-center.xml,39.3,
knowledge-center/valve-brands-comparison-guide.html,https://pishtaj.ir/knowledge-center/valve-brands-comparison-guide.html,knowledge-center,راهنمای مقایسه برندهای شیرآلات صنعتی | پیشرو تجهیز فرتاک,56,مقاله تخصصی راهنمای مقایسه برندهای شیرآلات صنعتی — راهنمای جامع برای مهندسان و کارشناسان خرید تجهیزات صنعتی؛ همراه نکات قیمت و مسیر استعلام.,140,https://pishtaj.ir/knowledge-center/valve-brands-comparison-guide.html,,راهنمای مقایسه برندهای شیرآلات صنعتی,1,10,1863,2,0,40,Article|BreadcrumbList|FAQPage,fa-IR|x-default,fa,sitemap-knowledge-center.xml,38.8,
knowledge-center/valve-sealing-guide.html,https://pishtaj.ir/knowledge-center/valve-sealing-guide.html,knowledge-center,راهنمای آب‌بندی (Sealing) در شیرآلات صنعتی | پیشرو تجهیز فرتاک,62,مقاله تخصصی راهنمای آب‌بندی (Sealing) در شیرآلات صنعتی — راهنمای جامع برای مهندسان و کارشناسان خرید تجهیزات صنعتی؛ همراه نکات قیمت و مسیر استعلام.,146,https://pishtaj.ir/knowledge-center/valve-sealing-guide.html,,راهنمای آب‌بندی (Sealing) در شیرآلات صنعتی,1,10,1861,2,0,40,Article|BreadcrumbList|FAQPage,fa-IR|x-default,fa,sitemap-knowledge-center.xml,38.9,
knowledge-center/valve-seat-material-guide.html,https://pishtaj.ir/knowledge-center/valve-seat-material-guide.html,knowledge-center,راهنمای مواد نشیمنگاه (Seat) در شیرآلات صنعتی | پیشرو تجهیز فرتاک,65,مقاله تخصصی راهنمای مواد نشیمنگاه (Seat) در شیرآلات صنعتی — راهنمای جامع برای مهندسان و کارشناسان خرید تجهیزات صنعتی؛ همراه نکات قیمت و مسیر استعلام.,149,https://pishtaj.ir/knowledge-center/valve-seat-material-guide.html,,راهنمای مواد نشیمنگاه (Seat) در شیرآلات صنعتی,1,10,1855,2,0,37,Article|BreadcrumbList|FAQPage,fa-IR|x-default,fa,sitemap-knowledge-center.xml,38.4,
knowledge-center/valve-testing-guide.html,https://pishtaj.ir/knowledge-center/valve-testing-guide.html,knowledge-center,راهنمای تست شیرآلات صنعتی | پیشرو تجهیز فرتاک,45,"مقاله تخصصی راهنمای تست شیرآلات صنعتی — Shell, Seat, Closure — راهنمای جامع برای مهندسان و کارشناسان خرید تجهیزات صنعتی؛ همراه نکات قیمت و مسیر استعلام.",152,https://pishtaj.ir/knowledge-center/valve-testing-guide.html,,"راهنمای تست شیرآلات صنعتی — Shell, Seat, Closure",1,10,1863,2,0,40,Article|BreadcrumbList|FAQPage,fa-IR|x-default,fa,sitemap-knowledge-center.xml,38.6,
knowledge-center/vcb.html,https://pishtaj.ir/knowledge-center/vcb.html,knowledge-center,کلید وکیوم (VCB)؛ فناوری قطع در خلأ و انتخاب,44,راهنمای کلید وکیوم (VCB): اصل قطع قوس در خلأ، مزایا و محدودیت‌ها، مقایسه با کلید گازی، نکات نگهداری و معیارهای استعلام خرید صنعتی.,130,https://pishtaj.ir/knowledge-center/vcb.html,"index, follow",کلید وکیوم (VCB),1,10,1145,2,0,19,BreadcrumbList|Article|FAQPage,fa-IR|x-default,fa,sitemap-knowledge-center.xml,24.7,
knowledge-center/vendor-qualification.html,https://pishtaj.ir/knowledge-center/vendor-qualification.html,knowledge-center,راهنمای تایید صلاحیت تامین‌کننده (Vendor Qualification),55,راهنمای تایید صلاحیت تامین‌کننده در پروژه‌های صنعتی: معیارهای ارزیابی، ممیزی، مستندات، فرایند ورود به وندورلیست و نکات عملی.,124,https://pishtaj.ir/knowledge-center/vendor-qualification.html,"index, follow",راهنمای تایید صلاحیت تامین‌کننده (Vendor Qualification),1,10,1154,2,0,19,BreadcrumbList|Article|FAQPage,fa-IR|x-default,fa,sitemap-knowledge-center.xml,26.0,
knowledge-center/vfd-variable-frequency-drive-guide.html,https://pishtaj.ir/knowledge-center/vfd-variable-frequency-drive-guide.html,knowledge-center,راهنمای درایو فرکانس متغیر VFD صنعتی | پیشرو تجهیز فرتاک,56,مقاله تخصصی راهنمای درایو فرکانس متغیر VFD صنعتی — راهنمای جامع برای مهندسان و کارشناسان خرید تجهیزات صنعتی؛ همراه نکات قیمت و مسیر استعلام.,140,https://pishtaj.ir/knowledge-center/vfd-variable-frequency-drive-guide.html,,راهنمای درایو فرکانس متغیر VFD صنعتی,1,10,1920,2,0,39,Article|BreadcrumbList|FAQPage,fa-IR|x-default,fa,sitemap-knowledge-center.xml,40.3,
knowledge-center/vfd.html,https://pishtaj.ir/knowledge-center/vfd.html,knowledge-center,درایو فرکانس متغیر VFD | پیشرو تجهیز فرتاک,42,درایو فرکانس متغیر VFD — کنترل دور موتور؛ کاربردها، استانداردهای کلیدی، نکات انتخاب فنی، قیمت و مسیر استعلام برای پروژه‌های صنعتی و EPC.,136,https://pishtaj.ir/knowledge-center/kc-vfd.html,"noindex, follow",درایو فرکانس متغیر VFD — کنترل دور موتور,1,8,1767,2,0,38,Article|BreadcrumbList|FAQPage,fa-IR|x-default,fa,,36.4,canonical-mismatch|noindex|not-in-sitemap
knowledge-center/vortex-flowmeter.html,https://pishtaj.ir/knowledge-center/vortex-flowmeter.html,knowledge-center,فلومتر گردابی (Vortex)؛ انتخاب اول بخار و گاز تمیز,50,راهنمای فلومتر گردابی: اصل پدیده گردابه، مزایا برای بخار و گازهای تمیز، محدودیت‌ها، نکات نصب و معیارهای استعلام خرید برای اندازه‌گیری دبی فرایندی.,146,https://pishtaj.ir/knowledge-center/vortex-flowmeter.html,"index, follow",فلومتر گردابی (Vortex Flowmeter),1,9,1130,2,0,19,BreadcrumbList|Article|FAQPage,fa-IR|x-default,fa,sitemap-knowledge-center.xml,24.9,
knowledge-center/wn-vs-so-flange-comparison.html,https://pishtaj.ir/knowledge-center/wn-vs-so-flange-comparison.html,knowledge-center,مقایسه فلنج گلودار و اسلیپ‌آن؛ کدام برای خط شما مناسب است؟,58,مقایسه فنی کامل دو نوع رایج فلنج: ساختار گلو و انتقال تنش، خستگی و سیکل حرارتی، هزینه و نصب، و معیارهای انتخاب بر اساس حساسیت سرویس و کلاس فشاری.,145,https://pishtaj.ir/knowledge-center/wn-vs-so-flange-comparison.html,"index, follow",مقایسه فلنج گلودار و اسلیپ‌آن — تفاوت‌ها و معیارهای انتخاب,1,12,1154,2,0,20,BreadcrumbList|Article|FAQPage,fa-IR|x-default,fa,sitemap-knowledge-center.xml,25.9,
knowledge-center/yokogawa-eja.html,https://pishtaj.ir/knowledge-center/yokogawa-eja.html,knowledge-center,ترانسمیتر فشار (Yokogawa EJA)؛ مشخصات و انتخاب,46,راهنمای ترانسمیتر فشار (EJA) از یوکوگاوا: اصل اندازه‌گیری رزونانسی، پایداری بلندمدت، مدل‌های گیج و اختلاف فشار و نکات انتخاب و استعلام خرید صنعتی.,146,https://pishtaj.ir/knowledge-center/yokogawa-eja.html,"index, follow",ترانسمیتر فشار (Yokogawa EJA),1,9,1144,2,0,19,BreadcrumbList|Article|FAQPage,fa-IR|x-default,fa,sitemap-knowledge-center.xml,25.4,
logistics/index.html,https://pishtaj.ir/logistics/index.html,logistics,لجستیک، تامین و انبارداری صنعتی | پیشرو تجهیز فرتاک,51,مدیریت زنجیره تامین، لجستیک پروژه‌های صنعتی، ترخیص و انبارداری کالاهای وارداتی پایپینگ، برق و ابزار دقیق.,105,https://pishtaj.ir/logistics/,"index, follow",فرآیند چابک تامین، لجستیک و انبارداری تجهیزات پروژه‌ای,1,0,388,2,0,25,Organization|LocalBusiness|BreadcrumbList,fa-IR|x-default,fa,sitemap-misc.xml,21.5,
news/index.html,https://pishtaj.ir/news/index.html,news,اخبار و اطلاعیه‌ها | پیشرو تجهیز فرتاک,38,آخرین اخبار، اطلاعیه‌ها و رویدادهای شرکت پیشرو تجهیز فرتاک — تامین تجهیزات صنعتی,80,https://pishtaj.ir/news/,"index, follow",اخبار و اطلاعیه‌ها,1,1,362,2,0,29,BreadcrumbList|CollectionPage|Organization|FAQPage,fa-IR|x-default,fa,sitemap-misc.xml,30.9,
products/42-inch-wpb-wphy-elbow.html,https://pishtaj.ir/products/42-inch-wpb-wphy-elbow.html,products,زانویی 42 اینچ جوشی Elbow | قیمت و خرید | پیشرو تجهیز فرتاک,59,تامین زانویی 42 اینچ جوشی Butt-Weld با متریال ASTM A234 WPB یا A860 WPHY مطابق ASME B16.9 و MSS SP-75 برای خطوط نفت، گاز و پتروشیمی.,132,https://pishtaj.ir/products/42-inch-wpb-wphy-elbow.html,"index, follow, max-image-preview:large, max-snippet:-1",زانویی 42 اینچ WPB و WPHY,1,12,1570,3,0,35,Organization|LocalBusiness|BreadcrumbList|Service|FAQPage,fa-IR|x-default,fa,sitemap-products.xml,32.8,
products/anf-ball-valve-3-inch-class-150.html,https://pishtaj.ir/products/anf-ball-valve-3-inch-class-150.html,products,بال ولو 3 اینچ کلاس 150 (ANF) | قیمت و خرید | پیشرو تجهیز فرتاک,63,بال ولو فلنجدار 3 اینچ کلاس 150 برند (ANF) با عبور کامل و طراحی فایرسیف، تست‌شده مطابق مرجع تست شیرآلات؛ این قلم در انبار موجود است و فوری تحویل می‌شود.,152,https://pishtaj.ir/products/anf-ball-valve-3-inch-class-150.html,"index, follow, max-image-preview:large, max-snippet:-1",بال ولو 3 اینچ کلاس 150 برند (ANF),1,6,847,3,0,31,Organization|LocalBusiness|BreadcrumbList|Service|FAQPage,fa-IR|x-default,fa,sitemap-products.xml,25.1,
products/balloff-valve-position-encoder.html,https://pishtaj.ir/products/balloff-valve-position-encoder.html,products,انکدر موقعیت ولو بالوف Baloff | پیشرو تجهیز فرتاک,49,تامین انکدر و سوئیچ موقعیت شیرآلات برند سوئیسی بالوف (Baloff) برای پایش باز و بسته بودن ولوهای کشویی، کروی و کنترل؛ همراه مدارک، گارانتی و مشاوره انتخاب.,153,https://pishtaj.ir/products/balloff-valve-position-encoder.html,"index, follow, max-image-preview:large, max-snippet:-1",انکدر شیرآلات بالوف (Baloff) — پایش موقعیت ولو,1,6,861,3,0,31,Organization|LocalBusiness|BreadcrumbList|Service|FAQPage,fa-IR|x-default,fa,sitemap-products.xml,25.2,
products/flame-arrester-3-inch.html,https://pishtaj.ir/products/flame-arrester-3-inch.html,products,فلیم ارستر (شعله گیر) 3 اینچ | قیمت و خرید | پیشرو تجهیز فرتاک,62,فلیم ارستر خطی دفلگریشن سایز 3 اینچ با المنت کریمپد استیل برای جلوگیری از انتقال شعله در خطوط گاز و ونت مخازن؛ این قلم در انبار موجود است و با مدارک تحویل می‌شود.,162,https://pishtaj.ir/products/flame-arrester-3-inch.html,"index, follow, max-image-preview:large, max-snippet:-1",فلیم ارستر (شعله گیر) 3 اینچ — حفاظت در برابر انتقال شعله,1,6,934,3,0,31,Organization|LocalBusiness|BreadcrumbList|Service|FAQPage,fa-IR|x-default,fa,sitemap-products.xml,26.2,
products/flange-20-inch-class-1500-a182-f11.html,https://pishtaj.ir/products/flange-20-inch-class-1500-a182-f11.html,products,فلنج 20 اینچ کلاس 1500 (F11) | قیمت و خرید | پیشرو تجهیز فرتاک,62,فلنج 20 اینچ کلاس 1500 با متریال ASTM A182 F11 مطابق ASME B16.5 برای سرویس دمای بالا؛ موجود در انبار با گواهی MTC و تحویل فوری.,127,https://pishtaj.ir/products/flange-20-inch-class-1500-a182-f11.html,"index, follow, max-image-preview:large, max-snippet:-1",فلنج 20 اینچ کلاس 1500 متریال (ASTM A182 F11),1,6,975,3,0,31,Organization|LocalBusiness|BreadcrumbList|Service|FAQPage,fa-IR|x-default,fa,sitemap-products.xml,26.8,
products/gate-valve-16-inch-cl600.html,https://pishtaj.ir/products/gate-valve-16-inch-cl600.html,products,شیر کشویی فولاد آلیاژی کلاس 600 سایز 16 اینچ | پیشرو تجهیز فرتاک,64,تامین شیر کشویی (Gate Valve) NPS 16 کلاس 600 فلنج‌دار با بدنه ASTM A217 WC6، مطابق API 600 و فلنج ASME B16.5، عملکرد گیربکسی برای خطوط نفت، گاز و پتروشیمی.,155,https://pishtaj.ir/products/gate-valve-16-inch-cl600.html,"index, follow, max-image-preview:large, max-snippet:-1",شیر کشویی فولاد آلیاژی کلاس 600، سایز 16 اینچ، فلنج‌دار,1,14,1850,5,0,33,Organization|LocalBusiness|BreadcrumbList|Service|FAQPage,fa-IR|x-default,fa,sitemap-products.xml,37.0,
products/hlok-5-valve-manifold.html,https://pishtaj.ir/products/hlok-5-valve-manifold.html,products,منیفولد پنج شیر (HLOK) | قیمت و خرید | پیشرو تجهیز فرتاک,56,منیفولد پنج شیر استیل برای نصب ترانسمیتر اختلاف فشار برند (HLOK)، مجهز به دو شیر ایزوله، دو شیر اکولایز و یک شیر ونت؛ موجود در انبار با تحویل فوری.,147,https://pishtaj.ir/products/hlok-5-valve-manifold.html,"index, follow, max-image-preview:large, max-snippet:-1",منیفولد پنج شیر ابزار دقیق برند (HLOK),1,6,888,3,0,31,Organization|LocalBusiness|BreadcrumbList|Service|FAQPage,fa-IR|x-default,fa,sitemap-products.xml,25.4,
projects/index.html,https://pishtaj.ir/projects/index.html,projects,سوابق تامین و شواهد قابل انتشار | پیشرو تجهیز فرتاک,51,چارچوب شفاف ارائه سوابق تامین، کیس‌استادی‌های بدون افشای نام مشتری و مدارک قابل بررسی برای اعتمادسازی B2B در تامین تجهیزات صنعتی.,129,https://pishtaj.ir/projects/,"index, follow",سوابق تامین و شواهد قابل انتشار,1,9,1404,1,0,16,CollectionPage|BreadcrumbList,en|fa-IR|x-default,fa,sitemap-misc.xml,22.0,
quality/index.html,https://pishtaj.ir/quality/index.html,quality,فرآیند QA/QC و کنترل مدارک فنی | پیشرو تجهیز فرتاک,50,فرآیند کنترل کیفیت، ضمانت اصالت کالا، TBE، MTC، COC، TPI، FAT و Data Book در تامین پروژه‌ای تجهیزات صنعتی نفت، گاز، پتروشیمی و فولاد.,133,https://pishtaj.ir/quality/,"index, follow",فرآیند QA/QC، کنترل مدارک و پذیرش فنی تجهیزات صنعتی,1,12,1527,1,0,16,WebPage|FAQPage|BreadcrumbList,fa-IR|x-default,fa,sitemap-misc.xml,22.8,
rfq/index.html,https://pishtaj.ir/rfq/index.html,rfq,استعلام قیمت تجهیزات صنعتی (RFQ) | پیشرو تجهیز فرتاک,52,ثبت استعلام قیمت تجهیزات صنعتی و دریافت پاسخ تامین‌کنندگان برای لوله، فلنج، شیرآلات، ابزار دقیق، پمپ و تجهیزات پروژه‌های EPC.,125,https://pishtaj.ir/rfq/,"index, follow",سامانه استعلام پروژه‌ای پیشرو تجهیز فرتاک,1,1,406,2,0,25,Organization|LocalBusiness|BreadcrumbList,fa-IR|x-default,fa,sitemap-misc.xml,44.2,
search/index.html,https://pishtaj.ir/search/index.html,search,جستجوی سایت | پیشرو تجهیز فرتاک,31,جستجو در صفحات تامین تجهیزات صنعتی، مقایسه‌های فنی، مرکز دانش و وبلاگ پیشرو تجهیز فرتاک.,88,https://pishtaj.ir/search/,"noindex, follow",جستجو در مرکز دانش، محصولات و مقایسه‌های فنی پیشرو تجهیز فرتاک,1,0,68,1,0,10,BreadcrumbList,,fa,,7.5,noindex|thin-content|not-in-sitemap
services/ag-ug-piping-execution-services.html,https://pishtaj.ir/services/ag-ug-piping-execution-services.html,services,خدمات اجرای پایپینگ فلزی و پلی‌اتیلن | پیشرو تجهیز فرتاک,56,اجرای پایپینگ فلزی و پلی‌اتیلن در خطوط روکار (AG) و دفنی (UG)؛ ساخت اسپول، جوش باترفیوژن و الکتروفیوژن، تست هالیدی و هیدرواستاتیک با مدارک بازرسی.,146,https://pishtaj.ir/services/ag-ug-piping-execution-services.html,"index, follow",خدمات مهندسی و اجرای پایپینگ فلزی و پلی‌اتیلن؛ روی کار (AG) و زیرزمینی (UG),1,13,3119,2,0,38,BreadcrumbList|Service|FAQPage,fa-IR|x-default,fa,sitemap-services.xml,54.7,
services/boilers/index.html,https://pishtaj.ir/services/boilers/index.html,services,تامین بویلر و تجهیزات بخار صنعتی | پیشرو تجهیز فرتاک,52,تامین تخصصی بویلر صنعتی Water-tube و Fire-tube، مشعل، تله بخار، شیر اطمینان، PRV و تجهیزات Feedwater مطابق ASME Section I و EN 12952 برای نیروگاه‌ها…,149,https://pishtaj.ir/services/boilers/,"index, follow, max-image-preview:large, max-snippet:-1",تامین بویلر و تجهیزات سیستم بخار — Water-tube، Fire-tube، مشعل، Steam Trap و Safety Valve,1,2,1349,2,0,52,Service|BreadcrumbList|FAQPage,fa-IR|x-default,fa,sitemap-services.xml,41.2,
services/compressors/index.html,https://pishtaj.ir/services/compressors/index.html,services,تامین کمپرسور صنعتی | اسکرو، رفت‌وبرگشتی، سانتریفیوژ,52,تامین تخصصی کمپرسور صنعتی شامل اسکرو، رفت‌وبرگشتی، سانتریفیوژ، درایر، فیلتر و قطعات یدکی از برندهای Atlas Copco، Ingersoll Rand، Kaeser، Siemens مطابق API 618…,159,https://pishtaj.ir/services/compressors/,"index, follow, max-image-preview:large, max-snippet:-1",تامین کمپرسور صنعتی — اسکرو، رفت‌وبرگشتی، سانتریفیوژ، درایر و قطعات یدکی,1,2,1263,2,0,53,Service|BreadcrumbList|FAQPage,fa-IR|x-default,fa,sitemap-services.xml,41.5,
services/electrical-equipment/index.html,https://pishtaj.ir/services/electrical-equipment/index.html,services,در حال هدایت | پیشرو تجهیز فرتاک,32,,0,https://pishtaj.ir/services/electrical-supply.html,"noindex, follow",,0,0,14,0,0,1,,,fa,,0.8,no-desc|canonical-mismatch|no-h1|noindex|thin-content|not-in-sitemap|no-schema
services/electrical-supply.html,https://pishtaj.ir/services/electrical-supply.html,services,تامین تجهیزات برق صنعتی | پیشرو تجهیز فرتاک,43,"خدمات تامین تجهیزات برق صنعتی فشار ضعیف و متوسط، تابلوهای MCC، کلیدهای ACB, MCCB, VCB، PLC و درایو VFD",102,https://pishtaj.ir/services/electrical-supply.html,"index, follow",تامین تخصصی تجهیزات برق صنعتی و اتوماسیون,1,3,373,8,0,29,Organization|LocalBusiness|BreadcrumbList|Service|FAQPage,fa-IR|x-default,fa,sitemap-services.xml,20.4,
services/index.html,https://pishtaj.ir/services/index.html,services,خدمات تخصصی تامین تجهیزات صنعتی | پیشرو تجهیز فرتاک,51,تامین و سورسینگ تجهیزات پایپینگ، شیرآلات صنعتی، ابزار دقیق، برق و بازرسی فنی برای پروژه‌های نفت، گاز، پتروشیمی، فولاد و نیروگاهی؛ از RFQ تا تحویل.,146,https://pishtaj.ir/services/,"index, follow",خدمات تخصصی تامین تجهیزات صنعتی,1,2,461,9,0,46,BreadcrumbList|CollectionPage|Organization,en|fa-IR|x-default,fa,sitemap-services.xml,28.3,
services/industrial-equipment/index.html,https://pishtaj.ir/services/industrial-equipment/index.html,services,تامین تجهیزات صنعتی متفرقه | مبدل حرارتی، فن، بلوور، مخزن,57,تامین تخصصی تجهیزات صنعتی متفرقه شامل مبدل حرارتی Shell & Tube، Air Cooler، فن و بلوور صنعتی، مخزن تحت فشار، Strainer، Mixer و قطعات یدکی برای پروژه‌های صنایع مادر.,164,https://pishtaj.ir/services/industrial-equipment/,"index, follow, max-image-preview:large, max-snippet:-1",تامین تجهیزات صنعتی متفرقه — مبدل حرارتی، فن، بلوور، مخزن، Strainer و Mixer,1,3,1419,2,0,55,Service|BreadcrumbList|FAQPage,fa-IR|x-default,fa,sitemap-services.xml,42.1,
services/inspection-quality.html,https://pishtaj.ir/services/inspection-quality.html,services,خدمات بازرسی فنی و تضمین کیفیت | پیشرو تجهیز فرتاک,50,خدمات بازرسی فنی شخص ثالث (TPI)، تست‌های غیرمخرب NDT، گواهی MTC، کالیبراسیون تجهیزات ابزار دقیق و تضمین کیفیت کالاهای صنعتی,123,https://pishtaj.ir/services/inspection-quality.html,"index, follow",خدمات بازرسی فنی، تضمین کیفیت و مستندات تخصصی,1,3,396,2,0,27,Organization|LocalBusiness|BreadcrumbList|Service|FAQPage,fa-IR|x-default,fa,sitemap-services.xml,20.4,
services/instrumentation-equipment/index.html,https://pishtaj.ir/services/instrumentation-equipment/index.html,services,در حال هدایت | پیشرو تجهیز فرتاک,32,,0,https://pishtaj.ir/services/instrumentation-supply.html,"noindex, follow",,0,0,14,0,0,1,,,fa,,0.9,no-desc|canonical-mismatch|no-h1|noindex|thin-content|not-in-sitemap|no-schema
services/instrumentation-supply.html,https://pishtaj.ir/services/instrumentation-supply.html,services,تامین تجهیزات ابزار دقیق | پیشرو تجهیز فرتاک,44,خدمات تامین ترانسمیتر فشار Rosemount، فلومتر مغناطیسی و کوریولیس، کنترل ولو، سطح سنج راداری و تجهیزات کالیبراسیون,113,https://pishtaj.ir/services/instrumentation-supply.html,"index, follow",تامین تخصصی تجهیزات ابزار دقیق و اندازه‌گیری,1,5,583,8,0,36,Organization|LocalBusiness|BreadcrumbList|Service|FAQPage,fa-IR|x-default,fa,sitemap-services.xml,25.9,
services/piping-equipment/index.html,https://pishtaj.ir/services/piping-equipment/index.html,services,در حال هدایت | پیشرو تجهیز فرتاک,32,,0,https://pishtaj.ir/services/piping-supply.html,"noindex, follow",,0,0,14,0,0,1,,,fa,,0.8,no-desc|canonical-mismatch|no-h1|noindex|thin-content|not-in-sitemap|no-schema
services/piping-supply.html,https://pishtaj.ir/services/piping-supply.html,services,تامین تجهیزات پایپینگ | پیشرو تجهیز فرتاک,41,"خدمات تامین تخصصی انواع لوله مانیسمان A106, A333, API 5L، فلنج‌های صنعتی ASME B16.5، فیتینگ‌های جوشی و گسکت‌های صنعتی با گواهی MTC معتبر",136,https://pishtaj.ir/services/piping-supply.html,"index, follow",تامین تخصصی تجهیزات پایپینگ و اتصالات صنعتی,1,7,770,8,0,35,Organization|LocalBusiness|BreadcrumbList|Service|FAQPage,fa-IR|x-default,fa,sitemap-services.xml,28.3,
services/procurement-logistics.html,https://pishtaj.ir/services/procurement-logistics.html,services,خدمات تامین، لجستیک و مدیریت زنجیره تامین صنعتی | پیشرو تجهیز,61,خدمات تامین یکپارچه کالاهای صنعتی، مدیریت زنجیره تامین، ترخیص گمرکی، حمل و نقل بین‌المللی و انبارداری,101,https://pishtaj.ir/services/procurement-logistics.html,"index, follow",خدمات تامین، لجستیک و مدیریت زنجیره تامین,1,3,359,2,0,28,Organization|LocalBusiness|BreadcrumbList|Service|FAQPage,fa-IR|x-default,fa,sitemap-services.xml,21.5,
services/products/a333-low-temperature-pipe.html,https://pishtaj.ir/services/products/a333-low-temperature-pipe.html,services,خرید و تامین لوله دمای پایین ASTM A333 Gr.6,43,تامین لوله ASTM A333 Grade 6 برای سرویس دمای پایین؛ کنترل Impact Test، LTCS، MTC، NDT، Hydro Test و کاربرد در خطوط سرد گاز و فرایند…,132,https://pishtaj.ir/services/products/a333-low-temperature-pipe.html,"index, follow",خرید و تامین لوله دمای پایین ASTM A333 Gr.6,1,17,1852,2,0,15,Service|BreadcrumbList|FAQPage,fa-IR|x-default,fa,sitemap-services.xml,27.7,
services/products/air-cooler-fin-fan.html,https://pishtaj.ir/services/products/air-cooler-fin-fan.html,services,خرید و تامین Air Cooler و Fin Fan مطابق API 661,47,تامین Air Cooled Heat Exchanger و Fin Fan Cooler مطابق API 661/ISO 13706؛ انتخاب Bundle، Fan، Motor، Header، Noise، Vibration و مدارک تست…,138,https://pishtaj.ir/services/products/air-cooler-fin-fan.html,"index, follow",خرید و تامین Air Cooler و Fin Fan مطابق API 661,1,21,1864,2,0,14,Service|BreadcrumbList|FAQPage,fa-IR|x-default,fa,sitemap-services.xml,25.8,
services/products/alloy-steel-pipe-a335.html,https://pishtaj.ir/services/products/alloy-steel-pipe-a335.html,services,خرید و تامین لوله آلیاژی ASTM A335 P11/P22/P91,46,تامین و استعلام قیمت لوله آلیاژی ASTM A335 برای سرویس دمای بالا؛ انتخاب P11، P22 و P91/P92، کنترل PWHT، MTC، NDT و جوش‌پذیری در نیروگاه و پالایشگاه.,148,https://pishtaj.ir/services/products/alloy-steel-pipe-a335.html,"index, follow",خرید و تامین لوله آلیاژی ASTM A335 P11/P22/P91,1,15,1804,2,0,15,Service|BreadcrumbList|FAQPage,fa-IR|x-default,fa,sitemap-services.xml,28.0,
services/products/ansi-process-pump.html,https://pishtaj.ir/services/products/ansi-process-pump.html,services,خرید و تامین پمپ ANSI Process مطابق ASME B73.1,46,تامین پمپ ANSI / ASME B73.1 برای صنایع شیمیایی و فرایندی؛ انتخاب متریال، Seal، Impeller، Baseplate، Curve، NPSH و قطعات یدکی؛ استعلام قیمت آنلاین و پیش‌فاکتور.,159,https://pishtaj.ir/services/products/ansi-process-pump.html,"index, follow",خرید و تامین پمپ ANSI Process مطابق ASME B73.1,1,23,1929,2,0,15,Service|BreadcrumbList|FAQPage,fa-IR|x-default,fa,sitemap-services.xml,26.5,
services/products/api-5l-pipe.html,https://pishtaj.ir/services/products/api-5l-pipe.html,services,خرید و تامین لوله API 5L PSL1/PSL2 | پیشرو تجهیز فرتاک,54,تامین لوله API 5L گرید Gr.B تا X70 برای خطوط انتقال؛ با کنترل PSL، روش ساخت، MTC، Heat Number، NACE، تست و پوشش؛ استعلام قیمت آنلاین و پیش‌فاکتور.,146,https://pishtaj.ir/services/products/api-5l-pipe.html,"index, follow, max-image-preview:large, max-snippet:-1",خرید و تامین لوله API 5L PSL1/PSL2,1,14,1877,9,0,38,Organization|LocalBusiness|BreadcrumbList|Service|FAQPage,fa-IR|x-default,fa,sitemap-services.xml,35.4,
services/products/api-610-centrifugal-pump.html,https://pishtaj.ir/services/products/api-610-centrifugal-pump.html,services,خرید و تامین پمپ سانتریفیوژ API 610 | پیشرو تجهیز فرتاک,55,تامین پمپ API 610 برای سرویس‌های فرایندی؛ با انتخاب OH، BB، VS، NPSH، Seal Plan، متریال، منحنی عملکرد و تست؛ استعلام قیمت آنلاین و پیش‌فاکتور.,142,https://pishtaj.ir/services/products/api-610-centrifugal-pump.html,"index, follow, max-image-preview:large, max-snippet:-1",خرید و تامین پمپ سانتریفیوژ API 610,1,14,1889,3,0,38,Organization|LocalBusiness|BreadcrumbList|Service|FAQPage,fa-IR|x-default,fa,sitemap-services.xml,35.3,
services/products/ball-valve.html,https://pishtaj.ir/services/products/ball-valve.html,services,خرید و تامین بال ولو صنعتی API 6D | پیشرو تجهیز فرتاک,53,تامین بال ولو فلوتینگ و ترانیون برای قطع و وصل مطمئن خطوط نفت، گاز، پتروشیمی و Utility؛ با بررسی Fire Safe، Anti-static، Bore، Seat و مدارک تست…,144,https://pishtaj.ir/services/products/ball-valve.html,"index, follow, max-image-preview:large, max-snippet:-1",خرید و تامین بال ولو صنعتی API 6D,1,14,2087,9,0,40,Organization|LocalBusiness|BreadcrumbList|Service|FAQPage,fa-IR|x-default,fa,sitemap-services.xml,37.7,
services/products/butt-weld-fittings.html,https://pishtaj.ir/services/products/butt-weld-fittings.html,services,خرید و تامین فیتینگ جوشی ASME B16.9 | پیشرو تجهیز فرتاک,55,تامین فیتینگ جوشی شامل Elbow، Tee، Reducer و Cap؛ با کنترل ASME B16.9، متریال، Schedule، Bevel و MTC؛ استعلام قیمت آنلاین و پیش‌فاکتور.,135,https://pishtaj.ir/services/products/butt-weld-fittings.html,"index, follow, max-image-preview:large, max-snippet:-1",خرید و تامین فیتینگ جوشی ASME B16.9,1,14,1845,7,0,39,Organization|LocalBusiness|BreadcrumbList|Service|FAQPage,fa-IR|x-default,fa,sitemap-services.xml,35.0,
services/products/butterfly-valve.html,https://pishtaj.ir/services/products/butterfly-valve.html,services,خرید و تامین باترفلای ولو API 609 | پیشرو تجهیز فرتاک,53,تامین باترفلای ولو Concentric، Double Offset و Triple Offset؛ با بررسی Seat، Disc، Shaft، گشتاور، نوع اتصال و سرویس مجاز؛ استعلام قیمت آنلاین و پیش‌فاکتور.,155,https://pishtaj.ir/services/products/butterfly-valve.html,"index, follow, max-image-preview:large, max-snippet:-1",خرید و تامین باترفلای ولو API 609,1,14,1939,7,0,38,Organization|LocalBusiness|BreadcrumbList|Service|FAQPage,fa-IR|x-default,fa,sitemap-services.xml,36.3,
services/products/cable-accessories.html,https://pishtaj.ir/services/products/cable-accessories.html,services,خرید و تامین متعلقات کابل صنعتی؛ Cable Gland، Lug، Tray,55,تامین متعلقات کابل شامل گلند صنعتی و ضدانفجار، کابلشو، ترمینال، سینی کابل، نردبان کابل و کیت اتصال؛ انتخاب IP، Ex، آرمور، سایز و Earthing…,138,https://pishtaj.ir/services/products/cable-accessories.html,"index, follow",خرید و تامین متعلقات کابل صنعتی؛ Cable Gland، Lug، Tray,1,14,1916,2,0,14,Service|BreadcrumbList|FAQPage,fa-IR|x-default,fa,sitemap-services.xml,26.5,
services/products/check-valve.html,https://pishtaj.ir/services/products/check-valve.html,services,خرید و تامین چک ولو Swing، Dual Plate و Nozzle | پیشرو تجهیز,60,تامین چک ولو برای جلوگیری از برگشت جریان؛ با تحلیل سرعت خط، Slam، Water Hammer، افت فشار، نوع دیسک و شرایط نصب؛ استعلام قیمت آنلاین و پیش‌فاکتور.,145,https://pishtaj.ir/services/products/check-valve.html,"index, follow, max-image-preview:large, max-snippet:-1",خرید و تامین چک ولو Swing، Dual Plate و Nozzle,1,14,1963,8,0,38,Organization|LocalBusiness|BreadcrumbList|Service|FAQPage,fa-IR|x-default,fa,sitemap-services.xml,36.1,
services/products/chemical-injection-package.html,https://pishtaj.ir/services/products/chemical-injection-package.html,services,خرید و تامین پکیج تزریق مواد شیمیایی؛ Chemical Injection Skid,61,تامین پکیج تزریق مواد شیمیایی برای نفت، گاز، آب و فرایند؛ شامل دوزینگ پمپ API 675، مخزن، میکسر، Dampener، Relief Valve و ابزار دقیق…,132,https://pishtaj.ir/services/products/chemical-injection-package.html,"index, follow",خرید و تامین پکیج تزریق مواد شیمیایی؛ Chemical Injection Skid,1,22,1920,2,0,15,Service|BreadcrumbList|FAQPage,fa-IR|x-default,fa,sitemap-services.xml,25.7,
services/products/control-valve.html,https://pishtaj.ir/services/products/control-valve.html,services,خرید و تامین کنترل ولو IEC 60534 | پیشرو تجهیز فرتاک,52,تامین کنترل ولو با سایزینگ Cv/Kv، انتخاب Body، Trim، Actuator و Positioner؛ برای کنترل پایدار فشار، دبی، سطح و دما؛ استعلام قیمت آنلاین و پیش‌فاکتور.,149,https://pishtaj.ir/services/products/control-valve.html,"index, follow, max-image-preview:large, max-snippet:-1",خرید و تامین کنترل ولو IEC 60534,1,14,1966,8,0,40,Organization|LocalBusiness|BreadcrumbList|Service|FAQPage,fa-IR|x-default,fa,sitemap-services.xml,36.5,
services/products/coriolis-flowmeter.html,https://pishtaj.ir/services/products/coriolis-flowmeter.html,services,خرید و تامین فلومتر کوریولیس | پیشرو تجهیز فرتاک,48,تامین Coriolis Flowmeter برای Mass Flow، Density و دقت بالا؛ با بررسی Tube Material، افت فشار، ویسکوزیته و کالیبراسیون؛ استعلام قیمت آنلاین و پیش‌فاکتور.,153,https://pishtaj.ir/services/products/coriolis-flowmeter.html,"index, follow, max-image-preview:large, max-snippet:-1",خرید و تامین فلومتر کوریولیس,1,14,1857,7,0,39,Organization|LocalBusiness|BreadcrumbList|Service|FAQPage,fa-IR|x-default,fa,sitemap-services.xml,36.2,
services/products/deaerator-feedwater-system.html,https://pishtaj.ir/services/products/deaerator-feedwater-system.html,services,خرید و تامین دی‌اریاتور و سیستم آب تغذیه بویلر,46,تامین Deaerator، Feedwater Tank، Boiler Feed Pump، Chemical Dosing و کنترل سطح/دما؛ حذف اکسیژن محلول، جلوگیری از خوردگی و پایداری بخار…,135,https://pishtaj.ir/services/products/deaerator-feedwater-system.html,"index, follow",خرید و تامین دی‌اریاتور و سیستم آب تغذیه بویلر,1,23,2011,2,0,15,Service|BreadcrumbList|FAQPage,fa-IR|x-default,fa,sitemap-services.xml,26.7,
services/products/diaphragm-seal.html,https://pishtaj.ir/services/products/diaphragm-seal.html,services,خرید و تامین دیافراگم سیل و Remote Seal برای ترانسمیتر و گیج,60,تامین Diaphragm Seal و Remote Seal برای فشار، DP و سطح؛ انتخاب متریال دیافراگم، Fill Fluid، Capillary، Flange، دما و اثر روی دقت اندازه‌گیری…,141,https://pishtaj.ir/services/products/diaphragm-seal.html,"index, follow",خرید و تامین دیافراگم سیل و Remote Seal برای ترانسمیتر و گیج,1,23,1898,2,0,15,Service|BreadcrumbList|FAQPage,fa-IR|x-default,fa,sitemap-services.xml,26.6,
services/products/differential-pressure-transmitter.html,https://pishtaj.ir/services/products/differential-pressure-transmitter.html,services,خرید و تامین ترانسمیتر اختلاف فشار DP | پیشرو تجهیز فرتاک,57,تامین DP Transmitter برای دبی، سطح، فیلتر و اختلاف فشار؛ با انتخاب Range، Static Pressure، Manifold، Remote Seal و نصب صحیح؛ استعلام قیمت آنلاین و پیش‌فاکتور.,158,https://pishtaj.ir/services/products/differential-pressure-transmitter.html,"index, follow, max-image-preview:large, max-snippet:-1",خرید و تامین ترانسمیتر اختلاف فشار DP,1,14,1924,8,0,38,Organization|LocalBusiness|BreadcrumbList|Service|FAQPage,fa-IR|x-default,fa,sitemap-services.xml,36.3,
services/products/displacer-level-transmitter.html,https://pishtaj.ir/services/products/displacer-level-transmitter.html,services,لول ترانسمیتر دیسپلیسری (ترانسمیتر سطح Displacer)؛ خرید و تامین,63,لول ترانسمیتر دیسپلیسری برای اندازه‌گیری سطح و Interface در مخازن تحت فشار؛ انتخاب Torque Tube، Cage، چگالی، HART و کالیبراسیون.,128,https://pishtaj.ir/services/products/displacer-level-transmitter.html,"index, follow",لول ترانسمیتر دیسپلیسری (ترانسمیتر سطح Displacer)؛ خرید و تامین,1,21,1794,2,0,15,Service|BreadcrumbList|FAQPage,fa-IR|x-default,fa,sitemap-services.xml,26.0,
services/products/dosing-metering-pump.html,https://pishtaj.ir/services/products/dosing-metering-pump.html,services,خرید و تامین دوزینگ پمپ API 675 | پیشرو تجهیز فرتاک,51,تامین دوزینگ پمپ دیافراگمی و پیستونی برای تزریق دقیق مواد شیمیایی؛ با کنترل Flow، Pressure، Accuracy، متریال و پکیج تزریق؛ استعلام قیمت آنلاین و پیش‌فاکتور.,156,https://pishtaj.ir/services/products/dosing-metering-pump.html,"index, follow, max-image-preview:large, max-snippet:-1",خرید و تامین دوزینگ پمپ API 675,1,14,1855,3,0,38,Organization|LocalBusiness|BreadcrumbList|Service|FAQPage,fa-IR|x-default,fa,sitemap-services.xml,35.1,
services/products/earthing-lightning-protection.html,https://pishtaj.ir/services/products/earthing-lightning-protection.html,services,خرید و تامین سیستم ارتینگ و حفاظت صاعقه؛ IEC 62305 و IEEE 80,60,تامین تجهیزات ارتینگ، چاه ارت، میله ارت، نوار مسی، جوش احتراقی، صاعقه‌گیر و SPD؛ طراحی بر اساس IEC 62305، IEEE 80 و مقاومت زمین؛ استعلام قیمت آنلاین و پیش‌فاکتور.,162,https://pishtaj.ir/services/products/earthing-lightning-protection.html,"index, follow",خرید و تامین سیستم ارتینگ و حفاظت صاعقه؛ IEC 62305 و IEEE 80,1,14,1776,2,0,15,Service|BreadcrumbList|FAQPage,fa-IR|x-default,fa,sitemap-services.xml,26.1,
services/products/expansion-joints-flexible-hose.html,https://pishtaj.ir/services/products/expansion-joints-flexible-hose.html,services,خرید و تامین اکسپنشن جوینت فلزی و Flexible Metal Hose,53,تامین Expansion Joint فلزی و شیلنگ فلزی برای جبران انبساط و لرزش؛ انتخاب EJMA، Bellows، Tie Rod، Guide و Anchor، با ثبت RFQ پروژه‌ای.,133,https://pishtaj.ir/services/products/expansion-joints-flexible-hose.html,"index, follow",خرید و تامین اکسپنشن جوینت فلزی و Flexible Metal Hose,1,22,1805,2,0,14,Service|BreadcrumbList|FAQPage,fa-IR|x-default,fa,sitemap-services.xml,26.2,
services/products/explosion-proof-lighting.html,https://pishtaj.ir/services/products/explosion-proof-lighting.html,services,خرید و تامین چراغ ضدانفجار LED؛ ATEX، IECEx، Zone 1/2,53,تامین چراغ ضدانفجار LED برای Hazardous Area؛ انتخاب Zone، Gas Group، Temperature Class، IP، Lumen، Mounting و استاندارد IEC 60079/ATEX/IECEx…,141,https://pishtaj.ir/services/products/explosion-proof-lighting.html,"index, follow",خرید و تامین چراغ ضدانفجار LED؛ ATEX، IECEx، Zone 1/2,1,20,1856,2,0,14,Service|BreadcrumbList|FAQPage,fa-IR|x-default,fa,sitemap-services.xml,26.6,
services/products/fire-alarm-fg-panel.html,https://pishtaj.ir/services/products/fire-alarm-fg-panel.html,services,خرید و تامین پنل اعلام حریق و Fire &amp; Gas صنعتی؛ EN 54، NFPA,63,تامین Fire Alarm Panel و Fire &amp; Gas Controller برای صنایع؛ انتخاب Loop، Detector، Manual Call Point، Horn/Strobe، SIL…,122,https://pishtaj.ir/services/products/fire-alarm-fg-panel.html,"index, follow",خرید و تامین پنل اعلام حریق و Fire &amp; Gas صنعتی؛ EN 54، NFPA 72,1,20,1857,2,0,15,Service|BreadcrumbList|FAQPage,fa-IR|x-default,fa,sitemap-services.xml,24.8,
services/products/fire-suppression-system.html,https://pishtaj.ir/services/products/fire-suppression-system.html,services,خرید و تامین سیستم اطفای حریق Clean Agent، CO2، Foam و Water Mist,65,تامین سیستم اطفای حریق صنعتی شامل FM-200، Novec/FK-5-1-12، CO2، Foam و Water Mist؛ انتخاب عامل، سیلندر، نازل، پنل، Cause &amp; Effect و NFPA…,141,https://pishtaj.ir/services/products/fire-suppression-system.html,"index, follow",خرید و تامین سیستم اطفای حریق Clean Agent، CO2، Foam و Water Mist,1,22,1923,2,0,15,Service|BreadcrumbList|FAQPage,fa-IR|x-default,fa,sitemap-services.xml,25.5,
services/products/fire-tube-boiler.html,https://pishtaj.ir/services/products/fire-tube-boiler.html,services,خرید و تامین بویلر فایرتیوب صنعتی؛ Packaged Steam Boiler,56,تامین بویلر فایرتیوب بخار و آب‌گرم برای صنایع؛ انتخاب ظرفیت، فشار طراحی، Burner، کنترل، Feedwater، Blowdown و مدارک ASME Section I/IV…,134,https://pishtaj.ir/services/products/fire-tube-boiler.html,"index, follow",خرید و تامین بویلر فایرتیوب صنعتی؛ Packaged Steam Boiler,1,22,1876,2,0,15,Service|BreadcrumbList|FAQPage,fa-IR|x-default,fa,sitemap-services.xml,25.8,
services/products/fixed-gas-detector.html,https://pishtaj.ir/services/products/fixed-gas-detector.html,services,خرید و تامین دتکتور گاز ثابت صنعتی؛ H2S، LEL، O2، CO,52,تامین دتکتور گاز ثابت برای مناطق خطرناک؛ انتخاب سنسور Catalytic، IR، Electrochemical، گاز هدف، Range، SIL/Ex، کنترلر و کالیبراسیون؛ استعلام قیمت آنلاین و پیش‌فاکتور.,165,https://pishtaj.ir/services/products/fixed-gas-detector.html,"index, follow",خرید و تامین دتکتور گاز ثابت صنعتی؛ H2S، LEL، O2، CO,1,17,1882,2,0,15,Service|BreadcrumbList|FAQPage,fa-IR|x-default,fa,sitemap-services.xml,28.2,
services/products/flowmeter.html,https://pishtaj.ir/services/products/flowmeter.html,services,خرید و تامین فلومتر صنعتی | پیشرو تجهیز فرتاک,45,تامین فلومتر صنعتی برای اندازه‌گیری دبی مایع، گاز و بخار؛ با انتخاب تکنولوژی مناسب بر اساس سیال، دقت، افت فشار و شرایط نصب؛ استعلام قیمت آنلاین و پیش‌فاکتور.,157,https://pishtaj.ir/services/products/flowmeter.html,"index, follow, max-image-preview:large, max-snippet:-1",خرید و تامین فلومتر صنعتی,1,14,1991,9,0,38,Organization|LocalBusiness|BreadcrumbList|Service|FAQPage,fa-IR|x-default,fa,sitemap-services.xml,37.5,
services/products/forged-fittings.html,https://pishtaj.ir/services/products/forged-fittings.html,services,خرید و تامین فیتینگ فورج ASME B16.11؛ Socket Weld و Threaded,60,تامین فیتینگ فورج ASME B16.11 شامل Elbow، Tee، Coupling، Union، Cap و Bushing در کلاس‌های 3000، 6000 و 9000 با متریال A105، F316 و آلیاژی…,138,https://pishtaj.ir/services/products/forged-fittings.html,"index, follow, max-image-preview:large, max-snippet:-1",خرید و تامین فیتینگ فورج ASME B16.11؛ Socket Weld و Threaded,1,17,1846,3,0,27,Organization|LocalBusiness|BreadcrumbList|Service|FAQPage,fa-IR|x-default,fa,sitemap-services.xml,32.2,
services/products/gate-valve.html,https://pishtaj.ir/services/products/gate-valve.html,services,خرید و تامین گیت ولو API 600 و API 602 | پیشرو تجهیز فرتاک,58,تامین گیت ولو فولادی و فورج برای ایزولاسیون خطوط فرایندی؛ با کنترل نوع Wedge، Bonnet، Stem، کلاس، متریال و تست API 598؛ استعلام قیمت آنلاین و پیش‌فاکتور.,153,https://pishtaj.ir/services/products/gate-valve.html,"index, follow, max-image-preview:large, max-snippet:-1",خرید و تامین گیت ولو API 600 و API 602,1,14,2003,9,0,39,Organization|LocalBusiness|BreadcrumbList|Service|FAQPage,fa-IR|x-default,fa,sitemap-services.xml,37.0,
services/products/globe-valve.html,https://pishtaj.ir/services/products/globe-valve.html,services,خرید و تامین گلوب ولو صنعتی API 623 | پیشرو تجهیز فرتاک,55,تامین گلوب ولو برای ایزولاسیون دقیق‌تر و کنترل دستی محدود؛ با بررسی Pattern، Disc، جهت جریان، افت فشار، Trim و تست نشتی؛ استعلام قیمت آنلاین و پیش‌فاکتور.,154,https://pishtaj.ir/services/products/globe-valve.html,"index, follow, max-image-preview:large, max-snippet:-1",خرید و تامین گلوب ولو صنعتی API 623,1,14,1983,8,0,38,Organization|LocalBusiness|BreadcrumbList|Service|FAQPage,fa-IR|x-default,fa,sitemap-services.xml,36.5,
services/products/hazardous-area-cctv-access-control.html,https://pishtaj.ir/services/products/hazardous-area-cctv-access-control.html,services,خرید و تامین CCTV ضدانفجار و Access Control صنعتی,49,تامین دوربین صنعتی و ضدانفجار، PTZ/Fixed Camera، NVR، Access Control و تجهیزات امنیتی؛ انتخاب ATEX/IECEx، IP، VMS، شبکه و Cybersecurity…,136,https://pishtaj.ir/services/products/hazardous-area-cctv-access-control.html,"index, follow",خرید و تامین CCTV ضدانفجار و Access Control صنعتی,1,21,1912,2,0,15,Service|BreadcrumbList|FAQPage,fa-IR|x-default,fa,sitemap-services.xml,25.7,
services/products/index.html,https://pishtaj.ir/services/products/index.html,services,جستجوی محصولات صنعتی قابل تامین | پیشرو تجهیز فرتاک,51,هاب قابل جستجو و فیلتر محصولات صنعتی پیشرو تجهیز فرتاک؛ پایپینگ، شیرآلات، ابزار دقیق، برق صنعتی، پمپ، کمپرسور، بخار و تجهیزات ثابت.,131,https://pishtaj.ir/services/products/,"index, follow",جستجوی محصولات صنعتی قابل تامین,1,1,3526,2,0,262,CollectionPage|ItemList|BreadcrumbList,fa-IR|x-default,fa,sitemap-services.xml,109.3,
services/products/industrial-burner.html,https://pishtaj.ir/services/products/industrial-burner.html,services,خرید و تامین مشعل صنعتی؛ Gas/Oil/Dual Fuel Burner و BMS,55,تامین مشعل صنعتی برای بویلر و کوره؛ انتخاب ظرفیت، سوخت، Low NOx، Gas Train، Flame Scanner، BMS، کنترل نسبت هوا/سوخت و استانداردهای NFPA…,136,https://pishtaj.ir/services/products/industrial-burner.html,"index, follow",خرید و تامین مشعل صنعتی؛ Gas/Oil/Dual Fuel Burner و BMS,1,23,1920,2,0,14,Service|BreadcrumbList|FAQPage,fa-IR|x-default,fa,sitemap-services.xml,26.2,
services/products/industrial-circuit-breakers.html,https://pishtaj.ir/services/products/industrial-circuit-breakers.html,services,خرید و تامین کلید صنعتی ACB MCCB VCB | پیشرو تجهیز فرتاک,56,تامین کلیدهای حفاظتی و قدرت ACB، MCCB، MCB و VCB؛ با کنترل Icu/Ics، Icw، Trip Unit، Accessory و هماهنگی حفاظتی؛ استعلام قیمت آنلاین و پیش‌فاکتور.,145,https://pishtaj.ir/services/products/industrial-circuit-breakers.html,"index, follow, max-image-preview:large, max-snippet:-1",خرید و تامین کلید صنعتی ACB MCCB VCB,1,14,1874,9,0,38,Organization|LocalBusiness|BreadcrumbList|Service|FAQPage,fa-IR|x-default,fa,sitemap-services.xml,35.2,
services/products/industrial-fan-blower.html,https://pishtaj.ir/services/products/industrial-fan-blower.html,services,خرید و تامین فن و بلوور صنعتی؛ Centrifugal Fan، ID/FD Fan,57,تامین فن و بلوور صنعتی برای بویلر، کوره، غبارگیر و فرایند؛ انتخاب دبی، فشار استاتیک، متریال، بالانس، نویز، Vibration و API 673/AMCA…,132,https://pishtaj.ir/services/products/industrial-fan-blower.html,"index, follow",خرید و تامین فن و بلوور صنعتی؛ Centrifugal Fan، ID/FD Fan,1,22,1853,2,0,14,Service|BreadcrumbList|FAQPage,fa-IR|x-default,fa,sitemap-services.xml,26.0,
services/products/industrial-gaskets.html,https://pishtaj.ir/services/products/industrial-gaskets.html,services,خرید و تامین گسکت صنعتی | پیشرو تجهیز فرتاک,43,تامین گسکت Spiral Wound، RTJ، Kammprofile و Non-metallic؛ با انتخاب Filler، Ring، Facing، کلاس، دما و سیال؛ استعلام قیمت آنلاین و پیش‌فاکتور.,141,https://pishtaj.ir/services/products/industrial-gaskets.html,"index, follow, max-image-preview:large, max-snippet:-1",خرید و تامین گسکت صنعتی,1,14,1811,8,0,38,Organization|LocalBusiness|BreadcrumbList|Service|FAQPage,fa-IR|x-default,fa,sitemap-services.xml,35.0,
services/products/industrial-hvac-pressurization.html,https://pishtaj.ir/services/products/industrial-hvac-pressurization.html,services,خرید و تامین HVAC صنعتی و Pressurization اتاق کنترل,51,تامین پکیج HVAC صنعتی، Pressurization Unit و Filtration برای اتاق کنترل، MCC Room و Analyzer Shelter؛ انتخاب ظرفیت، فشار مثبت، فیلتراسیون، Ex و Redundancy…,155,https://pishtaj.ir/services/products/industrial-hvac-pressurization.html,"index, follow",خرید و تامین HVAC صنعتی و Pressurization اتاق کنترل,1,21,1823,2,0,14,Service|BreadcrumbList|FAQPage,fa-IR|x-default,fa,sitemap-services.xml,26.1,
services/products/industrial-power-instrument-cable.html,https://pishtaj.ir/services/products/industrial-power-instrument-cable.html,services,خرید و تامین کابل قدرت و ابزار دقیق صنعتی؛ XLPE، Armored,56,تامین کابل قدرت LV/MV و کابل ابزار دقیق شیلددار؛ انتخاب سطح ولتاژ، هادی، عایق، شیلد، آرمور، Flame Retardant، LSZH و استانداردهای IEC/BS…,136,https://pishtaj.ir/services/products/industrial-power-instrument-cable.html,"index, follow, max-image-preview:large, max-snippet:-1",خرید و تامین کابل قدرت و ابزار دقیق صنعتی؛ XLPE، Armored، Shielded,1,17,1885,3,0,28,Organization|LocalBusiness|BreadcrumbList|Service|FAQPage,fa-IR|x-default,fa,sitemap-services.xml,32.9,
services/products/industrial-strainer-filter.html,https://pishtaj.ir/services/products/industrial-strainer-filter.html,services,خرید و تامین Y Strainer، Basket Strainer و فیلتر صنعتی,54,تامین استرینر و فیلتر خطی برای حفاظت پمپ، ولو و تجهیزات فرایندی؛ انتخاب Y، Basket، Duplex، Mesh، متریال، کلاس، Drain/Vent و تست؛ استعلام قیمت آنلاین و پیش‌فاکتور.,162,https://pishtaj.ir/services/products/industrial-strainer-filter.html,"index, follow",خرید و تامین Y Strainer، Basket Strainer و فیلتر صنعتی,1,15,1827,2,0,14,Service|BreadcrumbList|FAQPage,fa-IR|x-default,fa,sitemap-services.xml,25.4,
services/products/industrial-ups-battery-charger.html,https://pishtaj.ir/services/products/industrial-ups-battery-charger.html,services,خرید و تامین UPS صنعتی و شارژر باتری؛ AC/DC Backup Power,56,تامین UPS صنعتی، شارژر باتری و DC UPS برای تابلوهای کنترل، DCS، PLC، مخابرات و سیستم‌های ایمنی؛ انتخاب توان، Autonomy، باتری، Redundancy و استاندارد IEC 62040…,159,https://pishtaj.ir/services/products/industrial-ups-battery-charger.html,"index, follow, max-image-preview:large, max-snippet:-1",خرید و تامین UPS صنعتی و شارژر باتری؛ AC/DC Backup Power,1,17,1902,3,0,28,Organization|LocalBusiness|BreadcrumbList|Service|FAQPage,fa-IR|x-default,fa,sitemap-services.xml,33.0,
services/products/instrument-air-package.html,https://pishtaj.ir/services/products/instrument-air-package.html,services,خرید و تامین پکیج Instrument Air؛ کمپرسور، درایر، فیلتر,55,تامین پکیج هوای ابزار دقیق شامل کمپرسور، درایر جذبی/تبریدی، فیلتر، Air Receiver، کنترل Dew Point و کیفیت ISO 8573-1 برای ولوها و ابزار دقیق…,140,https://pishtaj.ir/services/products/instrument-air-package.html,"index, follow",خرید و تامین پکیج Instrument Air؛ کمپرسور، درایر، فیلتر و Receiver,1,21,1872,2,0,15,Service|BreadcrumbList|FAQPage,fa-IR|x-default,fa,sitemap-services.xml,25.4,
services/products/lv-mv-switchgear.html,https://pishtaj.ir/services/products/lv-mv-switchgear.html,services,خرید و تامین تابلو برق LV/MV | پیشرو تجهیز فرتاک,48,تامین Switchgear و تابلو برق صنعتی LV/MV؛ با بررسی IEC 61439، IEC 62271، Icw/Ipk، IP، رله حفاظتی و FAT؛ استعلام قیمت آنلاین و پیش‌فاکتور.,137,https://pishtaj.ir/services/products/lv-mv-switchgear.html,"index, follow, max-image-preview:large, max-snippet:-1",خرید و تامین تابلو برق LV/MV,1,14,1843,9,0,38,Organization|LocalBusiness|BreadcrumbList|Service|FAQPage,fa-IR|x-default,fa,sitemap-services.xml,34.5,
services/products/magnetic-flowmeter.html,https://pishtaj.ir/services/products/magnetic-flowmeter.html,services,خرید و تامین فلومتر مغناطیسی Magmeter | پیشرو تجهیز فرتاک,57,تامین Magmeter برای آب، پساب و سیالات رسانا؛ با انتخاب Liner، Electrode، Grounding، خروجی سیگنال و شرایط نصب؛ استعلام قیمت آنلاین و پیش‌فاکتور.,143,https://pishtaj.ir/services/products/magnetic-flowmeter.html,"index, follow, max-image-preview:large, max-snippet:-1",خرید و تامین فلومتر مغناطیسی Magmeter,1,14,1860,8,0,38,Organization|LocalBusiness|BreadcrumbList|Service|FAQPage,fa-IR|x-default,fa,sitemap-services.xml,36.0,
services/products/mechanical-seal.html,https://pishtaj.ir/services/products/mechanical-seal.html,services,خرید و تامین مکانیکال سیل صنعتی API 682 برای پمپ,48,تامین مکانیکال سیل کارتریجی API 682 برای پمپ‌های فرایندی؛ انتخاب Arrangement، Seal Plan، متریال Face، Elastomer، Flush و مدارک تست؛ استعلام قیمت آنلاین و پیش‌فاکتور.,165,https://pishtaj.ir/services/products/mechanical-seal.html,"index, follow",خرید و تامین مکانیکال سیل صنعتی API 682 برای پمپ,1,21,1822,2,0,14,Service|BreadcrumbList|FAQPage,fa-IR|x-default,fa,sitemap-services.xml,26.3,
services/products/mixer-agitator.html,https://pishtaj.ir/services/products/mixer-agitator.html,services,خرید و تامین میکسر و آگیتاتور صنعتی؛ Top Entry، Side Entry,58,تامین میکسر و آگیتاتور صنعتی برای مخازن فرایندی؛ انتخاب Impeller، توان، سرعت، Seal، Gearbox، Baffle، ویسکوزیته و کاربردهای اختلاط جامد-مایع…,140,https://pishtaj.ir/services/products/mixer-agitator.html,"index, follow",خرید و تامین میکسر و آگیتاتور صنعتی؛ Top Entry، Side Entry و High Shear,1,22,1883,2,0,14,Service|BreadcrumbList|FAQPage,fa-IR|x-default,fa,sitemap-services.xml,25.8,
services/products/motor-control-center-mcc.html,https://pishtaj.ir/services/products/motor-control-center-mcc.html,services,خرید و تامین تابلو MCC مرکز کنترل موتور IEC 61439 / NEMA ICS 18,63,تامین تابلو MCC برای کنترل متمرکز موتورهای صنعتی؛ انتخاب Fixed/Withdrawable، Starter، VFD، Soft Starter، حفاظت، باسبار و Arc Safety…,132,https://pishtaj.ir/services/products/motor-control-center-mcc.html,"index, follow",خرید و تامین تابلو MCC مرکز کنترل موتور IEC 61439 / NEMA ICS 18,1,22,1972,2,0,14,Service|BreadcrumbList|FAQPage,fa-IR|x-default,fa,sitemap-services.xml,25.9,
services/products/online-water-quality-analyzer.html,https://pishtaj.ir/services/products/online-water-quality-analyzer.html,services,خرید و تامین آنالایزر آنلاین کیفیت آب؛ pH، Conductivity,55,تامین سیستم پایش آنلاین کیفیت آب برای pH، ORP، Conductivity، Turbidity، DO و Chlorine؛ انتخاب سنسور، کنترلر، Flow Cell، کالیبراسیون و Modbus…,141,https://pishtaj.ir/services/products/online-water-quality-analyzer.html,"index, follow",خرید و تامین آنالایزر آنلاین کیفیت آب؛ pH، Conductivity، Turbidity، DO,1,22,1889,2,0,15,Service|BreadcrumbList|FAQPage,fa-IR|x-default,fa,sitemap-services.xml,27.0,
services/products/orifice-plate-flowmeter.html,https://pishtaj.ir/services/products/orifice-plate-flowmeter.html,services,خرید و تامین Orifice Plate Flowmeter مطابق ISO 5167,51,تامین اوریفیس پلیت و مجموعه اندازه‌گیری دبی DP؛ انتخاب Beta Ratio، Tap Type، متریال، Orifice Flange، DP Transmitter و نصب مطابق ISO 5167/ASME MFC…,146,https://pishtaj.ir/services/products/orifice-plate-flowmeter.html,"index, follow",خرید و تامین Orifice Plate Flowmeter مطابق ISO 5167,1,17,1914,2,0,15,Service|BreadcrumbList|FAQPage,fa-IR|x-default,fa,sitemap-services.xml,28.0,
services/products/pipe-supports-spring-hangers.html,https://pishtaj.ir/services/products/pipe-supports-spring-hangers.html,services,خرید و تامین ساپورت پایپینگ، Spring Hanger و Pipe Shoe,54,تامین ساپورت پایپینگ، Pipe Shoe، Clamp، U-Bolt، Guide، Anchor، Variable و Constant Spring Hanger؛ انتخاب Load، Travel، MSS SP-58 و ASME B31.3…,142,https://pishtaj.ir/services/products/pipe-supports-spring-hangers.html,"index, follow",خرید و تامین ساپورت پایپینگ، Spring Hanger و Pipe Shoe,1,19,1814,2,0,14,Service|BreadcrumbList|FAQPage,fa-IR|x-default,fa,sitemap-services.xml,24.9,
services/products/plate-heat-exchanger.html,https://pishtaj.ir/services/products/plate-heat-exchanger.html,services,خرید و تامین مبدل حرارتی صفحه‌ای Gasketed و Brazed,50,تامین Plate Heat Exchanger صفحه‌ای گسکت‌دار، Brazed و Welded؛ انتخاب Plate Material، Gasket، فشار/دما، Fouling، تمیزکاری و استاندارد API 662…,141,https://pishtaj.ir/services/products/plate-heat-exchanger.html,"index, follow",خرید و تامین مبدل حرارتی صفحه‌ای Gasketed و Brazed,1,20,1815,2,0,14,Service|BreadcrumbList|FAQPage,fa-IR|x-default,fa,sitemap-services.xml,26.6,
services/products/plc-control-panel.html,https://pishtaj.ir/services/products/plc-control-panel.html,services,خرید و تامین تابلو کنترل PLC، I/O، HMI و تجهیزات اتوماسیون صنعتی,64,تامین PLC، Remote I/O، HMI، منبع تغذیه، رک، کارت ارتباطی و تابلو کنترل؛ انتخاب Siemens S7، Rockwell ControlLogix، Schneider Modicon و IEC 61131-3…,146,https://pishtaj.ir/services/products/plc-control-panel.html,"index, follow",خرید و تامین تابلو کنترل PLC، I/O، HMI و تجهیزات اتوماسیون صنعتی,1,22,1909,2,0,15,Service|BreadcrumbList|FAQPage,fa-IR|x-default,fa,sitemap-services.xml,26.8,
services/products/positive-displacement-pump.html,https://pishtaj.ir/services/products/positive-displacement-pump.html,services,خرید و تامین پمپ جابجایی مثبت؛ Screw، Gear و Lobe Pump,54,تامین پمپ جابجایی مثبت برای سیالات ویسکوز، روغن، سوخت، پلیمر و دوزینگ؛ انتخاب API 676، فشار، ویسکوزیته، Relief Valve و Seal؛ استعلام قیمت آنلاین و پیش‌فاکتور.,158,https://pishtaj.ir/services/products/positive-displacement-pump.html,"index, follow",خرید و تامین پمپ جابجایی مثبت؛ Screw، Gear و Lobe Pump,1,22,1864,2,0,15,Service|BreadcrumbList|FAQPage,fa-IR|x-default,fa,sitemap-services.xml,26.0,
services/products/power-transformer.html,https://pishtaj.ir/services/products/power-transformer.html,services,خرید و تامین ترانسفورماتور توزیع و قدرت | پیشرو تجهیز فرتاک,59,تامین ترانسفورماتور روغنی و Dry Type؛ با کنترل kVA/MVA، ولتاژ، Vector Group، امپدانس، تلفات، خنک‌کاری و تست؛ استعلام قیمت آنلاین و پیش‌فاکتور.,142,https://pishtaj.ir/services/products/power-transformer.html,"index, follow, max-image-preview:large, max-snippet:-1",خرید و تامین ترانسفورماتور توزیع و قدرت,1,14,1809,6,0,38,Organization|LocalBusiness|BreadcrumbList|Service|FAQPage,fa-IR|x-default,fa,sitemap-services.xml,35.3,
services/products/pressure-gauge.html,https://pishtaj.ir/services/products/pressure-gauge.html,services,خرید و تامین گیج فشار صنعتی؛ Safety Pattern مطابق ASME B40.100,62,تامین گیج فشار صنعتی، Safety Gauge و Process Gauge؛ انتخاب Range، Accuracy، Bourdon Tube، Diaphragm Seal، متریال، Filled Case و استاندارد ASME B40.100/EN 837…,158,https://pishtaj.ir/services/products/pressure-gauge.html,"index, follow",خرید و تامین گیج فشار صنعتی؛ Safety Pattern مطابق ASME B40.100,1,22,1882,2,0,15,Service|BreadcrumbList|FAQPage,fa-IR|x-default,fa,sitemap-services.xml,26.4,
services/products/pressure-transmitter.html,https://pishtaj.ir/services/products/pressure-transmitter.html,services,خرید و تامین ترانسمیتر فشار صنعتی | پیشرو تجهیز فرتاک,53,تامین ترانسمیتر فشار Gauge، Absolute و DP؛ با انتخاب Range، Accuracy، Wetted Parts، HART، Ex، SIL و کالیبراسیون؛ استعلام قیمت آنلاین و پیش‌فاکتور.,146,https://pishtaj.ir/services/products/pressure-transmitter.html,"index, follow, max-image-preview:large, max-snippet:-1",خرید و تامین ترانسمیتر فشار صنعتی,1,14,1921,9,0,38,Organization|LocalBusiness|BreadcrumbList|Service|FAQPage,fa-IR|x-default,fa,sitemap-services.xml,36.6,
services/products/pressure-vessel.html,https://pishtaj.ir/services/products/pressure-vessel.html,services,خرید و تامین مخزن تحت فشار ASME | پیشرو تجهیز فرتاک,51,تامین مخزن تحت فشار، Separator و Receiver مطابق ASME VIII؛ با کنترل متریال، Corrosion Allowance، NDT، PWHT، Hydrotest و MDR؛ استعلام قیمت آنلاین و پیش‌فاکتور.,158,https://pishtaj.ir/services/products/pressure-vessel.html,"index, follow, max-image-preview:large, max-snippet:-1",خرید و تامین مخزن تحت فشار ASME,1,14,1849,3,0,38,Organization|LocalBusiness|BreadcrumbList|Service|FAQPage,fa-IR|x-default,fa,sitemap-services.xml,34.3,
services/products/process-gas-analyzer-system.html,https://pishtaj.ir/services/products/process-gas-analyzer-system.html,services,خرید و تامین سیستم آنالایزر گاز فرایندی؛ Extractive و In-situ,61,تامین سیستم آنالایزر گاز فرایندی شامل Sample Conditioning، Analyzer Cabinet، Calibration Gas، Probe، Heated Line و آنالایزر O2، CO، CO2، H2S و رطوبت…,149,https://pishtaj.ir/services/products/process-gas-analyzer-system.html,"index, follow",خرید و تامین سیستم آنالایزر گاز فرایندی؛ Extractive و In-situ,1,23,1922,2,0,15,Service|BreadcrumbList|FAQPage,fa-IR|x-default,fa,sitemap-services.xml,27.1,
services/products/psv-prv-safety-valve.html,https://pishtaj.ir/services/products/psv-prv-safety-valve.html,services,خرید و تامین PSV و Safety Valve | پیشرو تجهیز فرتاک,51,تامین PSV، PRV و Safety Valve برای حفاظت فشار؛ با انتخاب Set Pressure، Orifice، Blowdown، Back Pressure، متریال و گواهی کالیبراسیون…,132,https://pishtaj.ir/services/products/psv-prv-safety-valve.html,"index, follow, max-image-preview:large, max-snippet:-1",خرید و تامین PSV و Safety Valve,1,14,2081,4,0,38,Organization|LocalBusiness|BreadcrumbList|Service|FAQPage,fa-IR|x-default,fa,sitemap-services.xml,36.7,
services/products/radar-level-transmitter.html,https://pishtaj.ir/services/products/radar-level-transmitter.html,services,خرید و تامین رادار لول ترانسمیتر | پیشرو تجهیز فرتاک,52,تامین Radar Level و Guided Wave Radar برای مخازن؛ با بررسی Dielectric، نازل، آنتن، فوم، بخار، Ex، SIL و Overfill Protection؛ استعلام قیمت آنلاین و پیش‌فاکتور.,158,https://pishtaj.ir/services/products/radar-level-transmitter.html,"index, follow, max-image-preview:large, max-snippet:-1",خرید و تامین رادار لول ترانسمیتر,1,14,1875,8,0,38,Organization|LocalBusiness|BreadcrumbList|Service|FAQPage,fa-IR|x-default,fa,sitemap-services.xml,36.0,
services/products/reciprocating-compressor.html,https://pishtaj.ir/services/products/reciprocating-compressor.html,services,خرید و تامین کمپرسور رفت‌وبرگشتی API 618 برای گاز فرایندی,57,تامین کمپرسور رفت‌وبرگشتی API 618 برای نفت، گاز و پتروشیمی؛ انتخاب Cylinder، Driver، Pulsation Bottle، Lubrication، Capacity Control و تست‌های مکانیکی…,151,https://pishtaj.ir/services/products/reciprocating-compressor.html,"index, follow",خرید و تامین کمپرسور رفت‌وبرگشتی API 618 برای گاز فرایندی,1,23,1948,2,0,15,Service|BreadcrumbList|FAQPage,fa-IR|x-default,fa,sitemap-services.xml,27.6,
services/products/rosemount-3051.html,https://pishtaj.ir/services/products/rosemount-3051.html,services,ترانسمیتر فشار روزمونت 3051؛ تامین، قیمت و استعلام | پیشرو تجهیز,64,تامین Rosemount 3051 برای فشار، اختلاف فشار، سطح و دبی DP؛ با کنترل Model Code، رنج، متریال، HART، Ex و اصالت مدارک؛ استعلام قیمت آنلاین و پیش‌فاکتور.,150,https://pishtaj.ir/services/products/rosemount-3051.html,"index, follow, max-image-preview:large, max-snippet:-1",ترانسمیتر فشار روزمونت (Rosemount) 3051؛ تامین و استعلام قیمت,1,14,1973,5,0,41,Organization|LocalBusiness|BreadcrumbList|Service|FAQPage,fa-IR|x-default,fa,sitemap-services.xml,36.8,
services/products/screw-compressor.html,https://pishtaj.ir/services/products/screw-compressor.html,services,خرید و تامین کمپرسور اسکرو صنعتی | پیشرو تجهیز فرتاک,52,تامین کمپرسور اسکرو Oil-injected و Oil-free برای Plant Air و Instrument Air؛ با انتخاب ظرفیت، فشار، کیفیت هوا، Dryer و فیلتر؛ استعلام قیمت آنلاین و پیش‌فاکتور.,159,https://pishtaj.ir/services/products/screw-compressor.html,"index, follow, max-image-preview:large, max-snippet:-1",خرید و تامین کمپرسور اسکرو صنعتی,1,14,1869,3,0,38,Organization|LocalBusiness|BreadcrumbList|Service|FAQPage,fa-IR|x-default,fa,sitemap-services.xml,35.4,
services/products/seamless-pipe.html,https://pishtaj.ir/services/products/seamless-pipe.html,services,خرید و تامین لوله مانیسمان ASTM A106 | پیشرو تجهیز فرتاک,56,تامین لوله مانیسمان ASTM A106 Gr.B و سایر گریدها؛ با کنترل Schedule، ابعاد، MTC، Hydro Test، Heat Number و شرایط سرویس؛ استعلام قیمت آنلاین و پیش‌فاکتور.,153,https://pishtaj.ir/services/products/seamless-pipe.html,"index, follow, max-image-preview:large, max-snippet:-1",خرید و تامین لوله مانیسمان ASTM A106,1,14,1866,9,0,40,Organization|LocalBusiness|BreadcrumbList|Service|FAQPage,fa-IR|x-default,fa,sitemap-services.xml,36.1,
services/products/shell-tube-heat-exchanger.html,https://pishtaj.ir/services/products/shell-tube-heat-exchanger.html,services,خرید و تامین مبدل حرارتی Shell &amp; Tube | پیشرو تجهیز فرتاک,61,تامین مبدل حرارتی Shell &amp; Tube مطابق TEMA، ASME VIII و API 660؛ با بررسی Thermal Design، متریال، Fouling، NDT و Hydrotest؛ استعلام قیمت آنلاین و پیش‌فاکتور.,160,https://pishtaj.ir/services/products/shell-tube-heat-exchanger.html,"index, follow, max-image-preview:large, max-snippet:-1",خرید و تامین مبدل حرارتی Shell &amp; Tube,1,14,1886,3,0,38,Organization|LocalBusiness|BreadcrumbList|Service|FAQPage,fa-IR|x-default,fa,sitemap-services.xml,35.0,
services/products/slurry-pump.html,https://pishtaj.ir/services/products/slurry-pump.html,services,خرید و تامین پمپ اسلاری؛ Slurry Pump معدنی و صنعتی,50,تامین پمپ اسلاری افقی و سنگین برای دوغاب ساینده؛ انتخاب Liner، Impeller، متریال Hi-Chrome/Rubber، SG، ذرات، NPSH و Wear Life؛ استعلام قیمت آنلاین و پیش‌فاکتور.,159,https://pishtaj.ir/services/products/slurry-pump.html,"index, follow",خرید و تامین پمپ اسلاری؛ Slurry Pump معدنی و صنعتی,1,22,1816,2,0,14,Service|BreadcrumbList|FAQPage,fa-IR|x-default,fa,sitemap-services.xml,25.4,
services/products/stainless-steel-pipe.html,https://pishtaj.ir/services/products/stainless-steel-pipe.html,services,خرید و تامین لوله استنلس استیل ASTM A312 TP304/TP316,52,تامین لوله استنلس استیل ASTM A312 TP304/304L/316/316L؛ انتخاب Schedule، Finish، Pickling/Passivation، MTC، PMI و کنترل خوردگی برای پروژه‌های صنعتی…,147,https://pishtaj.ir/services/products/stainless-steel-pipe.html,"index, follow, max-image-preview:large, max-snippet:-1",خرید و تامین لوله استنلس استیل ASTM A312 TP304/TP316,1,17,1849,3,0,28,Organization|LocalBusiness|BreadcrumbList|Service|FAQPage,fa-IR|x-default,fa,sitemap-services.xml,33.0,
services/products/steam-trap.html,https://pishtaj.ir/services/products/steam-trap.html,services,خرید و تامین تله بخار صنعتی | پیشرو تجهیز فرتاک,47,تامین Steam Trap ترمودینامیکی، Float، Bucket و Bimetallic برای خطوط بخار و کندانس؛ با انتخاب ظرفیت، فشار، Back Pressure و نصب صحیح؛ استعلام قیمت آنلاین و پیش‌فاکتور.,165,https://pishtaj.ir/services/products/steam-trap.html,"index, follow, max-image-preview:large, max-snippet:-1",خرید و تامین تله بخار صنعتی,1,14,1843,4,0,38,Organization|LocalBusiness|BreadcrumbList|Service|FAQPage,fa-IR|x-default,fa,sitemap-services.xml,34.8,
services/products/stud-bolts-nuts.html,https://pishtaj.ir/services/products/stud-bolts-nuts.html,services,خرید و تامین استادبولت ASTM A193 B7/B8 و مهره A194 2H,53,تامین استادبولت، مهره و واشر صنعتی برای اتصالات فلنجی؛ انتخاب ASTM A193 B7/B7M/B8/B8M، A194 2H/8، پوشش، طول، Torque و مدارک MTC؛ استعلام قیمت آنلاین و پیش‌فاکتور.,162,https://pishtaj.ir/services/products/stud-bolts-nuts.html,"index, follow",خرید و تامین استادبولت ASTM A193 B7/B8 و مهره A194 2H,1,14,1789,2,0,15,Service|BreadcrumbList|FAQPage,fa-IR|x-default,fa,sitemap-services.xml,25.7,
services/products/temperature-transmitter.html,https://pishtaj.ir/services/products/temperature-transmitter.html,services,خرید و تامین ترانسمیتر دما؛ Head Mount، Field Mount و Rail Mount,64,تامین ترانسمیتر دما برای RTD و Thermocouple؛ انتخاب HART/Fieldbus/Profibus، دقت، ورودی سنسور، Dual Sensor، Ex/SIL و کالیبراسیون؛ استعلام قیمت آنلاین و پیش‌فاکتور.,162,https://pishtaj.ir/services/products/temperature-transmitter.html,"index, follow",خرید و تامین ترانسمیتر دما؛ Head Mount، Field Mount و Rail Mount,1,23,1875,2,0,15,Service|BreadcrumbList|FAQPage,fa-IR|x-default,fa,sitemap-services.xml,26.6,
services/products/thermal-mass-flowmeter.html,https://pishtaj.ir/services/products/thermal-mass-flowmeter.html,services,خرید و تامین فلومتر جرمی حرارتی برای هوای فشرده و گاز,53,تامین Thermal Mass Flowmeter برای هوای فشرده، نیتروژن، گاز طبیعی و گازهای صنعتی؛ انتخاب Inline/Insertion، گاز، رنج، دقت و نصب؛ استعلام قیمت آنلاین و پیش‌فاکتور.,160,https://pishtaj.ir/services/products/thermal-mass-flowmeter.html,"index, follow",خرید و تامین فلومتر جرمی حرارتی برای هوای فشرده و گاز,1,21,1812,2,0,15,Service|BreadcrumbList|FAQPage,fa-IR|x-default,fa,sitemap-services.xml,25.9,
services/products/thermowell.html,https://pishtaj.ir/services/products/thermowell.html,services,خرید و تامین ترموول صنعتی؛ Flanged، Threaded و Weld-in,54,تامین ترموول صنعتی برای RTD و ترموکوپل؛ انتخاب Stem، Flange، Material، Wake Frequency Calculation، Insertion Length و استاندارد ASME PTC 19.3 TW…,145,https://pishtaj.ir/services/products/thermowell.html,"index, follow",خرید و تامین ترموول صنعتی؛ Flanged، Threaded و Weld-in,1,21,1801,2,0,15,Service|BreadcrumbList|FAQPage,fa-IR|x-default,fa,sitemap-services.xml,25.5,
services/products/ultrasonic-flowmeter.html,https://pishtaj.ir/services/products/ultrasonic-flowmeter.html,services,خرید و تامین فلومتر التراسونیک Clamp-on و Inline,48,تامین Ultrasonic Flowmeter ترانزیت‌تایم و داپلر؛ انتخاب Clamp-on/Inline، سیال تمیز یا ذرات‌دار، دقت، نصب، پروفایل جریان و برند؛ استعلام قیمت آنلاین و پیش‌فاکتور.,161,https://pishtaj.ir/services/products/ultrasonic-flowmeter.html,"index, follow",خرید و تامین فلومتر التراسونیک Clamp-on و Inline,1,22,1911,2,0,14,Service|BreadcrumbList|FAQPage,fa-IR|x-default,fa,sitemap-services.xml,26.7,
services/products/valve-actuator.html,https://pishtaj.ir/services/products/valve-actuator.html,services,خرید و تامین اکچویتور ولو | پیشرو تجهیز فرتاک,45,تامین اکچویتور پنوماتیک، برقی و هیدرولیک برای شیرآلات صنعتی؛ با محاسبه Torque/Thrust، Fail Action، Accessory و استاندارد Ex؛ استعلام قیمت آنلاین و پیش‌فاکتور.,158,https://pishtaj.ir/services/products/valve-actuator.html,"index, follow, max-image-preview:large, max-snippet:-1",خرید و تامین اکچویتور ولو,1,14,1994,4,0,38,Organization|LocalBusiness|BreadcrumbList|Service|FAQPage,fa-IR|x-default,fa,sitemap-services.xml,36.5,
services/products/vertical-multistage-pump.html,https://pishtaj.ir/services/products/vertical-multistage-pump.html,services,خرید و تامین پمپ طبقاتی عمودی؛ Vertical Multistage Pump,55,تامین پمپ طبقاتی عمودی برای بوستر، RO، آب تغذیه، شست‌وشو و Utility؛ انتخاب دبی، هد، NPSH، متریال، Seal، VFD و Curve؛ استعلام قیمت آنلاین و پیش‌فاکتور.,150,https://pishtaj.ir/services/products/vertical-multistage-pump.html,"index, follow",خرید و تامین پمپ طبقاتی عمودی؛ Vertical Multistage Pump,1,22,1844,2,0,14,Service|BreadcrumbList|FAQPage,fa-IR|x-default,fa,sitemap-services.xml,25.8,
services/products/vfd-soft-starter.html,https://pishtaj.ir/services/products/vfd-soft-starter.html,services,خرید و تامین VFD و Soft Starter | پیشرو تجهیز فرتاک,51,تامین درایو فرکانس متغیر و سافت‌استارتر صنعتی؛ با انتخاب توان، Overload، هارمونیک، Filter، Bypass، IP و ارتباطات؛ استعلام قیمت آنلاین و پیش‌فاکتور.,147,https://pishtaj.ir/services/products/vfd-soft-starter.html,"index, follow, max-image-preview:large, max-snippet:-1",خرید و تامین VFD و Soft Starter,1,14,1833,8,0,39,Organization|LocalBusiness|BreadcrumbList|Service|FAQPage,fa-IR|x-default,fa,sitemap-services.xml,35.4,
services/products/vortex-flowmeter.html,https://pishtaj.ir/services/products/vortex-flowmeter.html,services,خرید و تامین فلومتر ورتکس | پیشرو تجهیز فرتاک,45,تامین Vortex Flowmeter برای بخار، گاز و مایعات تمیز؛ با بررسی Reynolds، طول مستقیم، جبران دما/فشار و K-Factor؛ استعلام قیمت آنلاین و پیش‌فاکتور.,144,https://pishtaj.ir/services/products/vortex-flowmeter.html,"index, follow, max-image-preview:large, max-snippet:-1",خرید و تامین فلومتر ورتکس,1,14,1824,7,0,38,Organization|LocalBusiness|BreadcrumbList|Service|FAQPage,fa-IR|x-default,fa,sitemap-services.xml,35.4,
services/products/water-tube-boiler.html,https://pishtaj.ir/services/products/water-tube-boiler.html,services,خرید و تامین بویلر واترتیوب صنعتی؛ بخار فشار و ظرفیت بالا,57,تامین بویلر واترتیوب برای بخار صنعتی و نیروگاهی؛ انتخاب Drum، Tube Bank، Superheater، Economizer، Burner، Water Treatment و ASME Section I…,139,https://pishtaj.ir/services/products/water-tube-boiler.html,"index, follow",خرید و تامین بویلر واترتیوب صنعتی؛ بخار فشار و ظرفیت بالا,1,23,1889,2,0,15,Service|BreadcrumbList|FAQPage,fa-IR|x-default,fa,sitemap-services.xml,26.7,
services/products/welding-flanges.html,https://pishtaj.ir/services/products/welding-flanges.html,services,خرید و تامین فلنج صنعتی ASME B16.5 | پیشرو تجهیز فرتاک,54,تامین فلنج WN، SO، BL، SW، TH و LJ مطابق ASME B16.5/B16.47؛ با کنترل Facing، Bore، متریال، کلاس و MTC؛ استعلام قیمت آنلاین و پیش‌فاکتور.,136,https://pishtaj.ir/services/products/welding-flanges.html,"index, follow, max-image-preview:large, max-snippet:-1",خرید و تامین فلنج صنعتی ASME B16.5,1,14,1841,7,0,40,Organization|LocalBusiness|BreadcrumbList|Service|FAQPage,fa-IR|x-default,fa,sitemap-services.xml,35.0,
services/pumps/index.html,https://pishtaj.ir/services/pumps/index.html,services,تامین پمپ صنعتی | سانتریفیوژ، دوزینگ، طبقاتی و قطعات یدکی,57,تامین تخصصی پمپ صنعتی شامل سانتریفیوژ افقی/عمودی، دوزینگ، طبقاتی، Slurry، Magnetic Drive از برندهای KSB، Sulzer، Grundfos…,122,https://pishtaj.ir/services/pumps/,"index, follow, max-image-preview:large, max-snippet:-1",تامین پمپ صنعتی — سانتریفیوژ API 610، دوزینگ، طبقاتی و قطعات یدکی,1,3,1564,2,0,56,Service|BreadcrumbList|FAQPage,fa-IR|x-default,fa,sitemap-services.xml,44.9,
services/transmitters-guide/index.html,https://pishtaj.ir/services/transmitters-guide/index.html,services,راهنمای جامع ترانسمیترهای صنعتی | انواع و انتخاب,48,راهنمای تخصصی انواع ترانسمیتر فشار، دما، سطح و فلومتر — راهنمای انتخاب، کالیبراسیون و استانداردهای ترانسمیتر صنعتی.,115,https://pishtaj.ir/services/transmitters-guide/,"index, follow",راهنمای مهندسی انتخاب ترانسمیترهای ابزار دقیق (Rosemount & WIKA),1,2,378,2,0,27,Organization|LocalBusiness|BreadcrumbList,fa-IR|x-default,fa,sitemap-services.xml,22.1,
services/valves-guide/index.html,https://pishtaj.ir/services/valves-guide/index.html,services,راهنمای جامع شیرآلات صنعتی (Valves) | انواع و استانداردها,57,"راهنمای کامل انواع شیرآلات صنعتی: Gate Valve, Globe Valve, Ball Valve, Check Valve, Butterfly Valve — استانداردهای API، ASME و ISO.",131,https://pishtaj.ir/services/valves-guide/,"index, follow",مرجع مهندسی انتخاب و خرید شیرآلات صنعتی (Valves Handbook),1,4,606,2,0,37,Organization|LocalBusiness|BreadcrumbList,fa-IR|x-default,fa,sitemap-services.xml,27.8,
services/valves-supply.html,https://pishtaj.ir/services/valves-supply.html,services,تامین شیرآلات صنعتی | پیشرو تجهیز فرتاک,39,خدمات تامین تخصصی انواع شیرآلات صنعتی Gate Valve API 600، Globe Valve، Ball Valve API 6D، Check Valve و Butterfly Valve با گواهی MTC و NACE,139,https://pishtaj.ir/services/valves-supply.html,"index, follow",تامین تخصصی شیرآلات صنعتی و تجهیزات کنترلی,1,4,472,8,0,28,Organization|LocalBusiness|BreadcrumbList|Service|FAQPage,fa-IR|x-default,fa,sitemap-services.xml,20.9,
supplier/index.html,https://pishtaj.ir/supplier/index.html,supplier,ثبت‌نام تامین‌کنندگان تجهیزات صنعتی | پیشرو تجهیز فرتاک,55,ثبت‌نام تامین‌کنندگان و انبارداران تجهیزات صنعتی برای دریافت استعلام‌های خرید لوله، شیرآلات، ابزار دقیق و تجهیزات پروژه‌های نفت، گاز و پتروشیمی.,144,https://pishtaj.ir/supplier/,"index, follow",سامانه ثبت‌نام تامین‌کنندگان و انبارداران صنعتی,1,1,444,2,0,27,Organization|LocalBusiness|BreadcrumbList,fa-IR|x-default,fa,sitemap-misc.xml,51.1,
suppliers/cement-supplier.html,https://pishtaj.ir/suppliers/cement-supplier.html,suppliers,تامین‌کننده تجهیزات صنایع سیمان؛ قیمت و استعلام | پیشرو تجهیز,61,تامین‌کننده تجهیزات صنایع سیمان؛ کوره دوار، آسیاب، خنک‌کننده کلینکر، فیلتر و تجهیزات جانبی کارخانه سیمان با مستندات کامل؛ اعلام قیمت رقابتی با ثبت استعلام.,155,https://pishtaj.ir/suppliers/cement-supplier.html,"index, follow, max-image-preview:large, max-snippet:-1",تامین‌کننده تجهیزات صنایع سیمان,1,9,856,7,0,29,Organization|LocalBusiness|BreadcrumbList|Service|FAQPage,fa-IR|x-default,fa,sitemap-misc.xml,25.9,
suppliers/compressor-supplier.html,https://pishtaj.ir/suppliers/compressor-supplier.html,suppliers,تامین‌کننده کمپرسور صنعتی؛ قیمت و استعلام | پیشرو تجهیز فرتاک,61,تامین‌کننده کمپرسور صنعتی؛ کمپرسور اسکرو، سانتریفیوژ، رفت‌وبرگشتی، درایر و فیلتر هوای فشرده با دیتاشیت و مستندات کامل؛ اعلام قیمت رقابتی با ثبت استعلام.,152,https://pishtaj.ir/suppliers/compressor-supplier.html,"index, follow, max-image-preview:large, max-snippet:-1",تامین‌کننده کمپرسور صنعتی,1,9,822,6,0,29,Organization|LocalBusiness|BreadcrumbList|Service|FAQPage,fa-IR|x-default,fa,sitemap-misc.xml,25.5,
suppliers/electrical-supplier.html,https://pishtaj.ir/suppliers/electrical-supplier.html,suppliers,تامین‌کننده تجهیزات برق صنعتی؛ قیمت و استعلام | پیشرو تجهیز فرتاک,65,تامین‌کننده تجهیزات برق صنعتی؛ تابلو LV/MV، کلید ACB/MCCB/VCB، PLC، درایو VFD و کابل قدرت از برندهای Siemens، ABB و Schneider با مستندات کامل…,142,https://pishtaj.ir/suppliers/electrical-supplier.html,"index, follow, max-image-preview:large, max-snippet:-1",تامین‌کننده تجهیزات برق صنعتی,1,11,773,10,0,31,Organization|LocalBusiness|BreadcrumbList|Service|FAQPage,fa-IR|x-default,fa,sitemap-misc.xml,25.6,
suppliers/epc-project-supply.html,https://pishtaj.ir/suppliers/epc-project-supply.html,suppliers,تامین کالای پروژه EPC؛ قیمت و استعلام | پیشرو تجهیز فرتاک,57,تامین کالای پروژه EPC؛ تامین یکپارچه تجهیزات پایپینگ، برق، ابزار دقیق و مکانیکال برای پیمانکاران EPC با مدیریت MTO، Vendor List و زمان‌بندی پروژه…,146,https://pishtaj.ir/suppliers/epc-project-supply.html,"index, follow, max-image-preview:large, max-snippet:-1",تامین کالای پروژه EPC,1,9,908,8,0,29,Organization|LocalBusiness|BreadcrumbList|Service|FAQPage,fa-IR|x-default,fa,sitemap-misc.xml,26.0,
suppliers/fittings-supplier.html,https://pishtaj.ir/suppliers/fittings-supplier.html,suppliers,تامین‌کننده اتصالات صنعتی؛ قیمت و استعلام | پیشرو تجهیز فرتاک,61,تامین‌کننده اتصالات صنعتی؛ زانو، سه‌راهی، تبدیل، کلاهک و اتصالات جوشی Butt Weld و فورج مطابق ASME B16.9/B16.11 با گواهی MTC برای پروژه‌های صنعتی…,145,https://pishtaj.ir/suppliers/fittings-supplier.html,"index, follow, max-image-preview:large, max-snippet:-1",تامین‌کننده اتصالات صنعتی,1,9,592,7,0,29,Organization|LocalBusiness|BreadcrumbList|Service|FAQPage,fa-IR|x-default,fa,sitemap-misc.xml,23.2,
suppliers/flange-supplier.html,https://pishtaj.ir/suppliers/flange-supplier.html,suppliers,تامین‌کننده فلنج صنعتی؛ قیمت و استعلام | پیشرو تجهیز فرتاک,58,تامین‌کننده فلنج صنعتی؛ گلودار (WN)، اسلیپ‌آن (SO)، کور (BL)، Socket Weld و RTJ مطابق ASME B16.5/B16.47 با گواهی MTC و PMI برای پروژه‌های نفت، گاز و پتروشیمی…,158,https://pishtaj.ir/suppliers/flange-supplier.html,"index, follow, max-image-preview:large, max-snippet:-1",تامین‌کننده فلنج صنعتی,1,9,705,7,0,30,Organization|LocalBusiness|BreadcrumbList|Service|FAQPage,fa-IR|x-default,fa,sitemap-misc.xml,24.3,
suppliers/gasket-supplier.html,https://pishtaj.ir/suppliers/gasket-supplier.html,suppliers,تامین‌کننده گسکت صنعتی؛ قیمت و استعلام | پیشرو تجهیز فرتاک,58,تامین‌کننده گسکت صنعتی؛ اسپیرال واند، رینگ جوینت (RTJ)، کمرپروفایل و ورق‌های آب‌بندی با متریال گرافیت، PTFE و فلز برای صنایع نفت، گاز و پتروشیمی…,145,https://pishtaj.ir/suppliers/gasket-supplier.html,"index, follow, max-image-preview:large, max-snippet:-1",تامین‌کننده گسکت صنعتی,1,9,606,6,0,29,Organization|LocalBusiness|BreadcrumbList|Service|FAQPage,fa-IR|x-default,fa,sitemap-misc.xml,23.2,
suppliers/index.html,https://pishtaj.ir/suppliers/index.html,suppliers,تامین‌کننده تجهیزات صنعتی نفت، گاز و پتروشیمی | پیشرو تجهیز فرتاک,65,پیشرو تجهیز فرتاک، تامین‌کننده تجهیزات صنعتی نفت، گاز و پتروشیمی؛ تامین‌کننده پایپینگ…,86,https://pishtaj.ir/suppliers/,"index, follow, max-image-preview:large, max-snippet:-1",تامین‌کننده تجهیزات صنعتی نفت، گاز و پتروشیمی,1,2,466,2,0,43,Organization|LocalBusiness|BreadcrumbList|ItemList,fa-IR|x-default,fa,sitemap-misc.xml,21.8,
suppliers/industrial-import.html,https://pishtaj.ir/suppliers/industrial-import.html,suppliers,واردات تجهیزات صنعتی؛ قیمت و استعلام | پیشرو تجهیز فرتاک,56,واردات تجهیزات صنعتی؛ سورسینگ از سازندگان معتبر، ترخیص گمرکی، حمل بین‌المللی و تحویل مستند برای پروژه‌های نفت، گاز و پتروشیمی؛ اعلام قیمت رقابتی با ثبت استعلام.,160,https://pishtaj.ir/suppliers/industrial-import.html,"index, follow, max-image-preview:large, max-snippet:-1",واردات تجهیزات صنعتی,1,9,893,8,0,29,Organization|LocalBusiness|BreadcrumbList|Service|FAQPage,fa-IR|x-default,fa,sitemap-misc.xml,26.2,
suppliers/industrial-projects-supplier.html,https://pishtaj.ir/suppliers/industrial-projects-supplier.html,suppliers,تامین‌کننده پروژه‌های صنعتی؛ قیمت و استعلام | پیشرو تجهیز فرتاک,63,تامین‌کننده پروژه‌های صنعتی؛ تامین یکپارچه تجهیزات پایپینگ، برق، ابزار دقیق و مکانیکال برای پروژه‌های EPC و صنایع نفت، گاز…,123,https://pishtaj.ir/suppliers/industrial-projects-supplier.html,"index, follow, max-image-preview:large, max-snippet:-1",تامین‌کننده پروژه‌های صنعتی,1,11,1014,8,0,30,Organization|LocalBusiness|BreadcrumbList|Service|FAQPage,fa-IR|x-default,fa,sitemap-misc.xml,28.3,
suppliers/instrumentation-supplier.html,https://pishtaj.ir/suppliers/instrumentation-supplier.html,suppliers,تامین‌کننده تجهیزات ابزار دقیق؛ قیمت و استعلام | پیشرو تجهیز,60,تامین‌کننده تجهیزات ابزار دقیق؛ ترانسمیتر فشار Rosemount، فلومتر مغناطیسی و کوریولیس، سطح‌سنج راداری و کنترل ولو با کالیبراسیون معتبر برای صنایع نفت…,149,https://pishtaj.ir/suppliers/instrumentation-supplier.html,"index, follow, max-image-preview:large, max-snippet:-1",تامین‌کننده تجهیزات ابزار دقیق و کنترل فرایند,1,9,742,6,0,29,Organization|LocalBusiness|BreadcrumbList|Service|FAQPage,fa-IR|x-default,fa,sitemap-misc.xml,25.9,
suppliers/petrochemical-equipment-supplier.html,https://pishtaj.ir/suppliers/petrochemical-equipment-supplier.html,suppliers,تامین‌کننده تجهیزات پتروشیمی؛ قیمت و استعلام | پیشرو تجهیز فرتاک,64,تامین‌کننده تجهیزات صنایع پتروشیمی؛ پایپینگ، شیرآلات، ابزار دقیق، مبدل حرارتی و تجهیزات دوار برای واحدهای الفین، آروماتیک…,122,https://pishtaj.ir/suppliers/petrochemical-equipment-supplier.html,"index, follow, max-image-preview:large, max-snippet:-1",تامین‌کننده تجهیزات پتروشیمی و صنایع پتروشیمی,1,8,744,2,0,29,Organization|LocalBusiness|BreadcrumbList|Service|FAQPage,fa-IR|x-default,fa,sitemap-misc.xml,25.1,
suppliers/petrochemical-valve-supplier.html,https://pishtaj.ir/suppliers/petrochemical-valve-supplier.html,suppliers,تامین‌کننده شیرآلات پتروشیمی؛ قیمت و استعلام | پیشرو تجهیز فرتاک,64,تامین‌کننده شیرآلات پتروشیمی؛ شیرآلات سرویس ترش (NACE)، کرایوژنیک، فشار بالا و کنترل ولو برای واحدهای الفین، آروماتیک، پلیمر و آمونیاک با انطباق Vendor List…,157,https://pishtaj.ir/suppliers/petrochemical-valve-supplier.html,"index, follow, max-image-preview:large, max-snippet:-1",تامین‌کننده شیرآلات پتروشیمی,1,9,636,9,0,29,Organization|LocalBusiness|BreadcrumbList|Service|FAQPage,fa-IR|x-default,fa,sitemap-misc.xml,24.2,
suppliers/pipe-supplier.html,https://pishtaj.ir/suppliers/pipe-supplier.html,suppliers,تامین‌کننده لوله صنعتی؛ قیمت و استعلام | پیشرو تجهیز فرتاک,58,تامین‌کننده لوله صنعتی؛ لوله مانیسمان A106/A333، درزدار API 5L، استینلس A312 و آلیاژی A335 با گواهی MTC و تست هیدرواستاتیک برای صنایع نفت، گاز و پتروشیمی…,154,https://pishtaj.ir/suppliers/pipe-supplier.html,"index, follow, max-image-preview:large, max-snippet:-1",تامین‌کننده لوله صنعتی,1,9,642,9,0,29,Organization|LocalBusiness|BreadcrumbList|Service|FAQPage,fa-IR|x-default,fa,sitemap-misc.xml,24.0,
suppliers/piping-supplier.html,https://pishtaj.ir/suppliers/piping-supplier.html,suppliers,تامین‌کننده پایپینگ؛ قیمت و استعلام | پیشرو تجهیز فرتاک,55,تامین‌کننده تخصصی پایپینگ؛ لوله مانیسمان A106/A333/API 5L، فلنج ASME B16.5، فیتینگ و گسکت صنعتی با گواهی MTC معتبر، بازرسی TPI و تحویل پروژه‌ای برای نفت…,153,https://pishtaj.ir/suppliers/piping-supplier.html,"index, follow, max-image-preview:large, max-snippet:-1",تامین‌کننده پایپینگ و اتصالات صنعتی,1,10,889,8,0,33,Organization|LocalBusiness|BreadcrumbList|Service|FAQPage,fa-IR|x-default,fa,sitemap-misc.xml,27.8,
suppliers/power-plant-supplier.html,https://pishtaj.ir/suppliers/power-plant-supplier.html,suppliers,تامین‌کننده تجهیزات نیروگاهی؛ قیمت و استعلام | پیشرو تجهیز فرتاک,64,تامین‌کننده تجهیزات نیروگاهی؛ بویلر، توربین، پمپ، شیرآلات، ابزار دقیق و تجهیزات BOP برای نیروگاه‌های حرارتی، گازی و سیکل ترکیبی؛ اعلام قیمت رقابتی با ثبت استعلام.,162,https://pishtaj.ir/suppliers/power-plant-supplier.html,"index, follow, max-image-preview:large, max-snippet:-1",تامین‌کننده تجهیزات نیروگاهی,1,9,886,8,0,29,Organization|LocalBusiness|BreadcrumbList|Service|FAQPage,fa-IR|x-default,fa,sitemap-misc.xml,26.3,
suppliers/pump-supplier.html,https://pishtaj.ir/suppliers/pump-supplier.html,suppliers,تامین‌کننده پمپ صنعتی؛ قیمت و استعلام | پیشرو تجهیز فرتاک,57,تامین‌کننده پمپ صنعتی؛ پمپ سانتریفیوژ API 610، دوزینگ، طبقاتی و قطعات یدکی (مکانیکال سیل، پروانه و شفت) با دیتاشیت و مستندات کامل؛ اعلام قیمت رقابتی با ثبت استعلام.,164,https://pishtaj.ir/suppliers/pump-supplier.html,"index, follow, max-image-preview:large, max-snippet:-1",تامین‌کننده پمپ صنعتی,1,9,814,6,0,29,Organization|LocalBusiness|BreadcrumbList|Service|FAQPage,fa-IR|x-default,fa,sitemap-misc.xml,25.2,
suppliers/refinery-supplier.html,https://pishtaj.ir/suppliers/refinery-supplier.html,suppliers,تامین‌کننده تجهیزات پالایشگاهی؛ قیمت و استعلام | پیشرو تجهیز,60,تامین‌کننده تجهیزات پالایشگاهی؛ لوله، شیرآلات، ابزار دقیق، مبدل حرارتی و تجهیزات فرایندی مطابق الزامات پالایشگاه‌های نفت و گاز با مستندات کامل…,143,https://pishtaj.ir/suppliers/refinery-supplier.html,"index, follow, max-image-preview:large, max-snippet:-1",تامین‌کننده تجهیزات پالایشگاهی,1,9,855,8,0,30,Organization|LocalBusiness|BreadcrumbList|Service|FAQPage,fa-IR|x-default,fa,sitemap-misc.xml,26.2,
suppliers/steel-supplier.html,https://pishtaj.ir/suppliers/steel-supplier.html,suppliers,تامین‌کننده تجهیزات صنایع فولاد؛ قیمت و استعلام | پیشرو تجهیز,61,تامین‌کننده تجهیزات صنایع فولاد؛ تجهیزات نورد، احیاء مستقیم، کوره، یوتیلیتی، پمپ، شیرآلات و ابزار دقیق برای کارخانه‌های فولادسازی؛ اعلام قیمت رقابتی با ثبت استعلام.,164,https://pishtaj.ir/suppliers/steel-supplier.html,"index, follow, max-image-preview:large, max-snippet:-1",تامین‌کننده تجهیزات صنایع فولاد,1,9,858,8,0,29,Organization|LocalBusiness|BreadcrumbList|Service|FAQPage,fa-IR|x-default,fa,sitemap-misc.xml,26.3,
suppliers/valve-supplier.html,https://pishtaj.ir/suppliers/valve-supplier.html,suppliers,در حال هدایت | پیشرو تجهیز فرتاک,32,,0,https://pishtaj.ir/services/valves-supply.html,"noindex, follow",,0,0,14,0,0,1,,,fa,,0.8,no-desc|canonical-mismatch|no-h1|noindex|thin-content|not-in-sitemap|no-schema
suppliers/vcb-supplier.html,https://pishtaj.ir/suppliers/vcb-supplier.html,suppliers,تامین‌کننده وکیوم سیرکت بریکر VCB؛ قیمت و استعلام | پیشرو تجهیز,63,تامین‌کننده وکیوم سیرکت بریکر (VCB)؛ کلید فشار متوسط ۱۲ و ۳۶ کیلوولت از برندهای ABB، Siemens و Schneider با تایپ تست و گواهی مطابق IEC 62271 برای پست و صنعت…,157,https://pishtaj.ir/suppliers/vcb-supplier.html,"index, follow, max-image-preview:large, max-snippet:-1",تامین‌کننده وکیوم سیرکت بریکر (VCB),1,9,621,6,0,30,Organization|LocalBusiness|BreadcrumbList|Service|FAQPage,fa-IR|x-default,fa,sitemap-misc.xml,23.0,
tools/control-valve-sizing/index.html,https://pishtaj.ir/tools/control-valve-sizing/index.html,tools,سایزینگ کنترل ولو | محاسبه Cv و Kv آنلاین | پیشرو تجهیز فرتاک,61,ابزار سایزینگ کنترل ولو PTF برای محاسبه Cv/Kv، بررسی Liquid/Gas/Steam، choked flow، کاویتاسیون، نویز، اکچویتور و گزارش انگلیسی HTML با final gate و vendor…,155,https://pishtaj.ir/tools/control-valve-sizing/,,سایزینگ کنترل ولو و محاسبه Cv / Kv برای مایع، گاز و بخار,1,6,615,1,0,17,BreadcrumbList|SoftwareApplication|FAQPage|TechArticle,fa-IR|x-default,fa,sitemap-misc.xml,18.3,
tools/index.html,https://pishtaj.ir/tools/index.html,tools,ابزارهای مهندسی تامین تجهیزات صنعتی | پیشرو تجهیز فرتاک,55,ابزارهای مهندسی تامین تجهیزات صنعتی؛ محاسبات سایزینگ شیر و لوله، تبدیل واحدها و ابزارهای کمکی مهندسی برای متخصصان خرید و پروژه.,127,https://pishtaj.ir/tools/,,ابزارهای محاسباتی مهندسی تجهیزات صنعتی,1,2,1006,2,0,29,WebApplication|SoftwareApplication|FAQPage|TechArticle|BreadcrumbList,fa-IR|x-default,fa,sitemap-misc.xml,38.6,
tools/rfq-checklist/index.html,https://pishtaj.ir/tools/rfq-checklist/index.html,tools,چک‌لیست استعلام تجهیزات صنعتی (RFQ) | پیشرو تجهیز فرتاک,55,ابزار رایگان ساخت چک‌لیست استعلام تجهیزات صنعتی (RFQ)؛ انتخاب دسته، تکمیل مشخصات فنی و دریافت چک‌لیست آماده برای ارسال به تامین‌کننده — کاهش رفت‌وبرگشت و خطای خرید.,164,https://pishtaj.ir/tools/rfq-checklist/,"index, follow, max-image-preview:large, max-snippet:-1",چک‌لیست استعلام تجهیزات صنعتی (RFQ),1,4,382,1,0,16,Organization|LocalBusiness|BreadcrumbList|WebApplication|FAQPage,fa-IR|x-default,fa,sitemap-misc.xml,19.8,
tracking/index.html,https://pishtaj.ir/tracking/index.html,tracking,رهگیری آنلاین استعلام و پیش‌فاکتور | پیشرو تجهیز فرتاک,54,رهگیری امن وضعیت استعلام و پیش‌فاکتور با کد رهگیری؛ مشاهده مراحل بررسی، قیمت‌گذاری و پاسخ تامین‌کنندگان به‌صورت آنلاین.,119,https://pishtaj.ir/tracking/,"index, follow",سامانه آنلاین رهگیری: استعلام‌ها و ثبت‌نام تامین‌کنندگان,1,0,402,2,0,26,Organization|LocalBusiness|BreadcrumbList,fa-IR|x-default,fa,sitemap-misc.xml,35.9,
