فایل,h1,طول_h1,عنوان,طول_عنوان,طول_توضیح,canonical,canonical_خودارجاع,hreflang,og,twitter,json_ld,لینک_ورودی,متن_یکتا,پرچم‌ها
404.html,1,34,صفحه پیدا نشد (۴۰۴) | پیشرو تجهیز فرتاک,39,129,,خیر,0,7,4,,0,,بدون JSON-LD
about/certificates/index.html,1,24,گواهینامه‌های ISO و مدیریت کیفیت | پیشرو تجهیز فرتاک,52,135,https://pishtaj.ir/about/certificates/,بله,2,7,4,AboutPage|BreadcrumbList|ListItem|Organization|WebSite,5,,
about/company-profile/index.html,1,35,پروفایل رسمی شرکت پیشرو تجهیز فرتاک | شناسه، تماس و اعتبار صنعتی,64,144,https://pishtaj.ir/about/company-profile/,بله,2,7,4,BreadcrumbList|ListItem|Organization|PostalAddress|ProfilePage|PropertyValue,22,,
about/index.html,1,24,درباره ما و ساختار سازمانی | پیشرو تجهیز فرتاک,46,136,https://pishtaj.ir/about/,بله,2,7,4,AboutPage|BreadcrumbList|ImageObject|ListItem|Organization|WebSite,60,,
about/logo-philosophy/index.html,1,40,فلسفه طراحی لوگوی شرکت پیشرو تجهیز فرتاک | پیشرو تجهیز فرتاک,60,120,https://pishtaj.ir/about/logo-philosophy/,بله,2,7,4,AboutPage|BreadcrumbList|ListItem,4,,
about/management-message/index.html,1,66,پیام مدیریت | پیشرو تجهیز فرتاک,31,132,https://pishtaj.ir/about/management-message/,بله,2,7,4,AboutPage|BreadcrumbList|ListItem,4,,
about/organizational-chart/index.html,1,54,چارت سازمانی | پیشرو تجهیز فرتاک,32,75,https://pishtaj.ir/about/organizational-chart/,بله,2,7,4,AboutPage|BreadcrumbList|ListItem,3,,
about/why-ptf/index.html,1,51,چرا پیشرو تجهیز فرتاک؟ | سابقه، اعتبار و مسیر رشد شرکت,54,149,https://pishtaj.ir/about/why-ptf/,بله,2,4,4,AboutPage|BreadcrumbList|ListItem,1,,
assistant/index.html,1,42,دستیار هوشمند انتخاب متریال و شیرآلات صنعتی | AI Assistant,58,113,https://pishtaj.ir/assistant/,بله,2,8,4,BreadcrumbList|ListItem|OfferCatalog|PostalAddress|QuantitativeValue,542,,
blog/a106-vs-a333-pipes.html,1,52,مقایسه کامل لوله A106 در مقابل A333 | راهنمای تخصصی پایپینگ,59,128,https://pishtaj.ir/blog/a106-vs-a333-pipes.html,بله,2,8,4,BreadcrumbList|ListItem|OfferCatalog|PostalAddress|QuantitativeValue,6,,
blog/ball-valve-selection-guide.html,1,71,راهنمای انتخاب شیر توپی (Ball Valve) | پیشرو تجهیز فرتاک,56,117,https://pishtaj.ir/blog/ball-valve-selection-guide.html,بله,2,7,4,Article|BreadcrumbList|ImageObject|ListItem|Organization|WebPage,1,,
blog/boiler-steam-equipment/index.html,1,32,راهنمای بویلر و تجهیزات بخار صنعتی | پیشرو تجهیز فرتاک,54,112,https://pishtaj.ir/blog/boiler-steam-equipment/,بله,2,7,4,Article|BreadcrumbList|ImageObject|ListItem|Organization,1,,
blog/compressors-air-systems/index.html,1,45,نکات تامین کمپرسور صنعتی و تجهیزات هوای فشرده | پیشرو تجهیز فرتاک,65,77,https://pishtaj.ir/blog/compressors-air-systems/,بله,2,7,4,Article|BreadcrumbList|ImageObject|ListItem|Organization,2,,
blog/electrical-equipment-epc/index.html,1,42,تامین تجهیزات برق صنعتی برای پروژه‌های EPC | پیشرو تجهیز فرتاک,62,72,https://pishtaj.ir/blog/electrical-equipment-epc/,بله,2,7,4,Article|BreadcrumbList|ImageObject|ListItem|Organization,1,,
blog/electrical-switchgear-guide.html,1,72,راهنمای تجهیزات برق صنعتی و سوئیچگیر | پیشرو تجهیز فرتاک,56,109,https://pishtaj.ir/blog/electrical-switchgear-guide.html,بله,2,7,4,Article|BreadcrumbList|ImageObject|ListItem|Organization|WebPage,4,,
blog/flange-types-guide.html,1,96,راهنمای جامع انواع فلنج صنعتی | پیشرو تجهیز فرتاک,49,111,https://pishtaj.ir/blog/flange-types-guide.html,بله,2,7,4,Article|BreadcrumbList|ImageObject|ListItem|Organization|WebPage,5,,
blog/flanges-fittings-gaskets/index.html,1,39,نکات مهم خرید فلنج، فیتینگ و گسکت صنعتی | پیشرو تجهیز فرتاک,59,108,https://pishtaj.ir/blog/flanges-fittings-gaskets/,بله,2,7,4,Article|BreadcrumbList|ImageObject|ListItem|Organization,3,,
blog/gas-detection.html,1,91,راهنمای جامع سیستم‌های تشخیص گاز صنعتی (Gas Detection),54,132,https://pishtaj.ir/blog/gas-detection.html,بله,2,7,4,Article|BreadcrumbList|ImageObject|ListItem|Organization|WebPage,2,,
blog/index.html,1,36,وبلاگ و مرکز مقالات تخصصی تجهیزات صنعتی | پیشرو تجهیز فرتاک,59,145,https://pishtaj.ir/blog/,بله,2,7,4,Blog|BreadcrumbList|ImageObject|ListItem|Organization|WebSite,595,,
blog/industrial-valves-complete-guide.html,1,78,راهنمای کامل شیرآلات صنعتی (Industrial Valves),46,120,https://pishtaj.ir/blog/industrial-valves-complete-guide.html,بله,2,7,4,Article|BreadcrumbList|ImageObject|ListItem|Organization|WebPage,6,,
blog/industrial-valves-selection/index.html,1,47,راهنمای انتخاب ولو صنعتی برای سرویس‌های فرایندی,47,84,https://pishtaj.ir/blog/industrial-valves-selection/,بله,2,7,4,Article|BreadcrumbList|ImageObject|ListItem|Organization,2,,
blog/instrumentation-checklist/index.html,1,31,چک‌لیست خرید تجهیزات ابزار دقیق | پیشرو تجهیز فرتاک,51,75,https://pishtaj.ir/blog/instrumentation-checklist/,بله,2,7,4,Article|BreadcrumbList|ImageObject|ListItem|Organization,2,,
blog/mtc-tpi-inspection-guide.html,1,66,راهنمای گواهی MTC و بازرسی TPI | پیشرو تجهیز فرتاک,50,114,https://pishtaj.ir/blog/mtc-tpi-inspection-guide.html,بله,2,7,4,Article|BreadcrumbList|ImageObject|ListItem|Organization|WebPage,4,,
blog/petrochemical-supply-chain/index.html,1,36,مدیریت زنجیره تامین تجهیزات پتروشیمی | پیشرو تجهیز فرتاک,56,81,https://pishtaj.ir/blog/petrochemical-supply-chain/,بله,2,7,4,Article|BreadcrumbList|ImageObject|ListItem|Organization,3,,
blog/piping-equipment-procurement/index.html,1,52,راهنمای تامین تجهیزات پایپینگ در پروژه‌های نفت و گاز,52,72,https://pishtaj.ir/blog/piping-equipment-procurement/,بله,2,7,4,Article|BreadcrumbList|ImageObject|ListItem|Organization,1,,
blog/pressure-transmitter-guide.html,1,80,راهنمای جامع ترانسمیتر فشار (Pressure Transmitter),50,143,https://pishtaj.ir/blog/pressure-transmitter-guide.html,بله,2,7,4,Article|BreadcrumbList|ImageObject|ListItem|Organization|WebPage,4,,
blog/pressure-vessels-asme.html,1,80,راهنمای جامع مخازن تحت فشار (Pressure Vessels),46,129,https://pishtaj.ir/blog/pressure-vessels-asme.html,بله,2,7,4,Article|BreadcrumbList|ImageObject|ListItem|Organization|WebPage,2,,
blog/pumps-procurement-guide/index.html,1,36,راهنمای تامین پمپ صنعتی و قطعات یدکی | پیشرو تجهیز فرتاک,56,71,https://pishtaj.ir/blog/pumps-procurement-guide/,بله,2,7,4,Article|BreadcrumbList|ImageObject|ListItem|Organization,2,,
blog/rfq-industrial-equipment/index.html,1,31,راهنمای ارسال RFQ تجهیزات صنعتی | پیشرو تجهیز فرتاک,51,89,https://pishtaj.ir/blog/rfq-industrial-equipment/,بله,2,7,4,Article|BreadcrumbList|ImageObject|ListItem|Organization,9,,
blog/rfq-procurement-guide.html,1,91,راهنمای کامل استعلام بهاء (RFQ) در صنایع نفت، گاز و پتروشیمی,60,93,https://pishtaj.ir/blog/rfq-procurement-guide.html,بله,2,7,4,Article|BreadcrumbList|ImageObject|ListItem|Organization|WebPage,2,,
blog/seamless-pipe-guide.html,1,81,راهنمای کامل لوله مانیسمان (بدون درز) | پیشرو تجهیز فرتاک,57,104,https://pishtaj.ir/blog/seamless-pipe-guide.html,بله,2,7,4,Article|BreadcrumbList|ImageObject|ListItem|Organization|WebPage,3,,
brands/abb-industrial.html,1,25,تامین و سورسینگ ABB صنعتی | پیشرو تجهیز فرتاک,45,132,https://pishtaj.ir/brands/abb-industrial.html,بله,2,5,4,Brand|BreadcrumbList|ListItem|WebPage,1,,
brands/atlas-copco-compressed-air.html,1,38,تامین و سورسینگ اطلس کوپکو Atlas Copco | پیشرو تجهیز فرتاک,58,155,https://pishtaj.ir/brands/atlas-copco-compressed-air.html,بله,2,5,4,Brand|BreadcrumbList|ListItem|WebPage,1,,
brands/eaton-crouse-hinds.html,1,55,تامین تجهیزات Eaton Crouse-Hinds | پیشرو تجهیز فرتاک,52,144,https://pishtaj.ir/brands/eaton-crouse-hinds.html,بله,2,5,4,Brand|BreadcrumbList|ListItem|WebPage,1,,
brands/emerson-rosemount.html,1,50,سورسینگ و تامین روزمونت / امرسون؛ نمایندگی و اصالت | پیشرو تجهیز,64,141,https://pishtaj.ir/brands/emerson-rosemount.html,بله,2,5,4,Answer|Brand|BreadcrumbList|FAQPage|ListItem|Question|WebPage,3,,
brands/endress-hauser.html,1,42,تامین و سورسینگ اندرس هاوزر Endress+Hauser | پیشرو تجهیز فرتاک,62,140,https://pishtaj.ir/brands/endress-hauser.html,بله,2,5,4,Brand|BreadcrumbList|ListItem|WebPage,1,,
brands/fisher-samson-control-valves.html,1,41,تامین و سورسینگ کنترل ولو Fisher و SAMSON | پیشرو تجهیز فرتاک,61,144,https://pishtaj.ir/brands/fisher-samson-control-valves.html,بله,2,5,4,Brand|BreadcrumbList|ListItem|WebPage,1,,
brands/flexitallic-gaskets.html,1,38,تامین و سورسینگ فلکسیتالیک Flexitallic | پیشرو تجهیز فرتاک,58,156,https://pishtaj.ir/brands/flexitallic-gaskets.html,بله,2,5,4,Brand|BreadcrumbList|ListItem|WebPage,1,,
brands/galperti-flanges.html,1,32,تامین و سورسینگ گالپرتی Galperti | پیشرو تجهیز فرتاک,52,149,https://pishtaj.ir/brands/galperti-flanges.html,بله,2,5,4,Brand|BreadcrumbList|ListItem|WebPage,1,,
brands/grundfos-pumps.html,1,33,تامین و سورسینگ گراندفوس Grundfos | پیشرو تجهیز فرتاک,53,140,https://pishtaj.ir/brands/grundfos-pumps.html,بله,2,5,4,Brand|BreadcrumbList|ListItem|WebPage,1,,
brands/index.html,1,34,جستجوی برندهای قابل سورسینگ تجهیزات صنعتی | پیشرو تجهیز فرتاک,61,138,https://pishtaj.ir/brands/,بله,2,7,4,BreadcrumbList|CollectionPage|ItemList|ListItem,23,,
brands/kitz-valves.html,1,28,تامین و سورسینگ شیرآلات KITZ | پیشرو تجهیز فرتاک,48,158,https://pishtaj.ir/brands/kitz-valves.html,بله,2,5,4,Brand|BreadcrumbList|ListItem|WebPage,1,,
brands/krohne-instrumentation.html,1,28,تامین و سورسینگ کرونه KROHNE | پیشرو تجهیز فرتاک,48,139,https://pishtaj.ir/brands/krohne-instrumentation.html,بله,2,5,4,Brand|BreadcrumbList|ListItem|WebPage,1,,
brands/omron-automation.html,1,38,تامین و سورسینگ امرون Omron Automation | پیشرو تجهیز فرتاک,58,155,https://pishtaj.ir/brands/omron-automation.html,بله,2,5,4,Brand|BreadcrumbList|ListItem|WebPage,1,,
brands/phoenix-contact.html,1,45,تامین و سورسینگ فونیکس کنتاکت Phoenix Contact | پیشرو تجهیز فرتاک,65,155,https://pishtaj.ir/brands/phoenix-contact.html,بله,2,5,4,Brand|BreadcrumbList|ListItem|WebPage,1,,
brands/schneider-electric.html,1,50,تامین و سورسینگ اشنایدر الکتریک Schneider Electric | پیشرو تجهیز,64,163,https://pishtaj.ir/brands/schneider-electric.html,بله,2,5,4,Brand|BreadcrumbList|ListItem|WebPage,1,,
brands/siemens-industrial.html,1,27,تامین و سورسینگ زیمنس صنعتی | پیشرو تجهیز فرتاک,47,135,https://pishtaj.ir/brands/siemens-industrial.html,بله,2,5,4,Brand|BreadcrumbList|ListItem|WebPage,1,,
brands/spirax-sarco-steam.html,1,42,تامین و سورسینگ اسپیرکس سارکو Spirax Sarco | پیشرو تجهیز فرتاک,62,143,https://pishtaj.ir/brands/spirax-sarco-steam.html,بله,2,5,4,Brand|BreadcrumbList|ListItem|WebPage,1,,
brands/tenaris-pipes.html,1,30,تامین و سورسینگ تناریس Tenaris | پیشرو تجهیز فرتاک,50,155,https://pishtaj.ir/brands/tenaris-pipes.html,بله,2,5,4,Brand|BreadcrumbList|ListItem|WebPage,1,,
brands/vallourec-pipes.html,1,32,تامین و سورسینگ والورک Vallourec | پیشرو تجهیز فرتاک,52,137,https://pishtaj.ir/brands/vallourec-pipes.html,بله,2,5,4,Brand|BreadcrumbList|ListItem|WebPage,1,,
brands/wika-instrumentation.html,1,25,تامین و سورسینگ ویکا WIKA | پیشرو تجهیز فرتاک,45,148,https://pishtaj.ir/brands/wika-instrumentation.html,بله,2,5,4,Brand|BreadcrumbList|ListItem|WebPage,1,,
brands/yokogawa-industrial.html,1,33,تامین و سورسینگ یوکوگاوا Yokogawa | پیشرو تجهیز فرتاک,53,143,https://pishtaj.ir/brands/yokogawa-industrial.html,بله,2,5,4,Brand|BreadcrumbList|ListItem|WebPage,1,,
careers/index.html,1,31,استخدام و فرصت‌های شغلی | پیشرو تجهیز فرتاک,43,78,https://pishtaj.ir/careers/,بله,2,7,4,BreadcrumbList|ListItem,0,,
catalog/index.html,1,53,مرکز دانلود کاتالوگ و مستندات فنی | پیشرو تجهیز فرتاک,53,102,https://pishtaj.ir/catalog/,بله,2,8,4,BreadcrumbList|ListItem|OfferCatalog|PostalAddress|QuantitativeValue,561,,
comparisons/a106-vs-a333-pipe.html,1,59,مقایسه لوله ASTM A106 و A333 | تفاوت کاربرد، تست ضربه و دما,59,133,https://pishtaj.ir/comparisons/a106-vs-a333-pipe.html,بله,2,7,4,Answer|Article|BreadcrumbList|FAQPage|ImageObject|ListItem|Organization|Question|WebPage,20,,
comparisons/ball-vs-butterfly-valve.html,1,67,مقایسه شیر توپی (Ball) و پروانه‌ای (Butterfly),46,120,https://pishtaj.ir/comparisons/ball-vs-butterfly-valve.html,بله,2,7,4,Answer|Article|BreadcrumbList|FAQPage|ImageObject|ListItem|Organization|Question|WebPage,13,,
comparisons/gate-vs-globe-valve.html,1,67,مقایسه شیر دروازه‌ای (Gate) و کروی (Globe),42,131,https://pishtaj.ir/comparisons/gate-vs-globe-valve.html,بله,2,7,4,Answer|Article|BreadcrumbList|FAQPage|ImageObject|ListItem|Organization|Question|WebPage,17,,
comparisons/index.html,1,33,مرجع مقایسه‌های فنی تجهیزات صنعتی | پیشرو تجهیز فرتاک,53,123,https://pishtaj.ir/comparisons/,بله,0,7,4,BreadcrumbList|CollectionPage|ListItem,25,,
comparisons/magmeter-vs-coriolis-flowmeter.html,1,70,مقایسه فلومتر مغناطیسی (Magmeter) و کوریولیس (Coriolis),55,137,https://pishtaj.ir/comparisons/magmeter-vs-coriolis-flowmeter.html,بله,2,7,4,Answer|Article|BreadcrumbList|FAQPage|ImageObject|ListItem|Organization|Question|WebPage,4,,
comparisons/nace-mr0175-vs-mr0103.html,1,61,مقایسه NACE MR0175 و MR0103 | سرویس ترش بالادستی و پایین‌دستی,61,142,https://pishtaj.ir/comparisons/nace-mr0175-vs-mr0103.html,بله,2,7,4,Answer|Article|BreadcrumbList|FAQPage|ImageObject|ListItem|Organization|Question|WebPage,12,,
comparisons/rosemount-vs-yokogawa-transmitter.html,1,61,مقایسه ترانسمیتر Rosemount و Yokogawa | دقت، اکوسیستم و سرویس,61,128,https://pishtaj.ir/comparisons/rosemount-vs-yokogawa-transmitter.html,بله,2,7,4,Answer|Article|BreadcrumbList|FAQPage|ImageObject|ListItem|Organization|Question|WebPage,12,,
comparisons/seamless-vs-erw-pipe.html,1,65,مقایسه لوله مانیسمان (Seamless) و درزدار (ERW) | استحکام و کاربرد,65,120,https://pishtaj.ir/comparisons/seamless-vs-erw-pipe.html,بله,2,7,4,Answer|Article|BreadcrumbList|FAQPage|ImageObject|ListItem|Organization|Question|WebPage,10,,
comparisons/vcb-vs-acb-switchgear.html,1,59,مقایسه کلید VCB (وکیوم) و ACB (هوایی) | ولتاژ، کاربرد و عمر,59,129,https://pishtaj.ir/comparisons/vcb-vs-acb-switchgear.html,بله,2,7,4,Answer|Article|BreadcrumbList|FAQPage|ImageObject|ListItem|Organization|Question|WebPage,9,,
comparisons/vfd-vs-soft-starter.html,1,66,مقایسه VFD و Soft Starter برای موتور الکتریکی,45,132,https://pishtaj.ir/comparisons/vfd-vs-soft-starter.html,بله,2,7,4,Answer|Article|BreadcrumbList|FAQPage|ImageObject|ListItem|Organization|Question|WebPage,9,,
comparisons/wn-vs-so-flange.html,1,62,مقایسه فلنج Weld Neck (WN) و Slip On (SO) | فشار، جوش و کاربرد,62,110,https://pishtaj.ir/comparisons/wn-vs-so-flange.html,بله,2,7,4,Answer|Article|BreadcrumbList|FAQPage|ImageObject|ListItem|Organization|Question|WebPage,11,,
index.html,1,83,تامین تجهیزات صنعتی نفت، گاز و پتروشیمی | پیشرو تجهیز فرتاک,59,138,https://pishtaj.ir/,بله,3,8,4,Answer|BreadcrumbList|ContactPoint|EducationalOccupationalCredential|FAQPage|ListItem|Offer|OfferCatalog|OpeningHoursSpecification|Organization|PostalAddress|QuantitativeValue|Question|SearchAction|Service|WebSite,651,,
industries/cement/index.html,1,33,تامین تجهیزات کارخانه سیمان | Kiln، Cooler، Mill، Cyclone، فیلتر,64,118,https://pishtaj.ir/industries/cement/,بله,2,8,4,Answer|Audience|BreadcrumbList|FAQPage|ListItem|Question|Service,11,,
industries/index.html,1,56,صنایع هدف | تامین تجهیزات نفت، گاز، پتروشیمی، فولاد، نیروگاه,60,141,https://pishtaj.ir/industries/,بله,2,7,4,BreadcrumbList|CollectionPage|ItemList|ListItem,577,,
industries/oil-gas/index.html,1,62,تامین تجهیزات نفت و گاز برای پروژه‌های EPC | پیشرو تجهیز فرتاک,62,149,https://pishtaj.ir/industries/oil-gas/,بله,2,8,4,Answer|Audience|BreadcrumbList|FAQPage|ListItem|Question|Service,22,,
industries/petrochemical/index.html,1,70,تجهیزات صنعت پتروشیمی؛ راهنمای تامین واحدهای الفین و آروماتیک,61,149,https://pishtaj.ir/industries/petrochemical/,بله,2,8,4,Answer|Audience|BreadcrumbList|FAQPage|ListItem|Question|Service,259,,
industries/power-plant/index.html,1,53,تامین تجهیزات نیروگاهی | گازی، سیکل ترکیبی، حرارتی، تجدیدپذیر,61,120,https://pishtaj.ir/industries/power-plant/,بله,2,8,4,Answer|Audience|BreadcrumbList|FAQPage|ListItem|Question|Service,22,,
industries/steel/index.html,1,32,تامین تجهیزات صنعت فولاد | کوره، نورد، فولادسازی، Utility,57,148,https://pishtaj.ir/industries/steel/,بله,2,8,4,Answer|Audience|BreadcrumbList|FAQPage|ListItem|Question|Service,20,,canonical مشترک با 2 صفحه
industries/water/index.html,1,51,تامین تجهیزات صنعت آب و فاضلاب | تصفیه‌خانه، RO، پمپ، MBR، Dosing,65,157,https://pishtaj.ir/industries/water/,بله,2,8,4,Answer|Audience|BreadcrumbList|FAQPage|ListItem|Question|Service,11,,
knowledge-center/3-way-valve-l-port-t-port.html,1,43,شیر سه‌راهه L-Port و T-Port؛ تفاوت و کاربرد,43,133,https://pishtaj.ir/knowledge-center/3-way-valve-l-port-t-port.html,بله,2,7,4,Answer|Article|BreadcrumbList|FAQPage|ImageObject|ListItem|Organization|Question|WebPage,2,3847,
knowledge-center/a106-api-5l.html,1,43,مقایسه لوله A106 و API 5L | پیشرو تجهیز فرتاک,45,139,https://pishtaj.ir/knowledge-center/a106-api-5l.html,بله,2,7,4,Answer|BreadcrumbList|FAQPage|ImageObject|ListItem|Organization|Question|WebPage,11,320,متنِ یکتا 320
knowledge-center/a106-gr-b-a333-gr-6.html,1,33,مقایسه لوله A106 Gr.B و A333 Gr.6 | پیشرو تجهیز فرتاک,53,129,https://pishtaj.ir/knowledge-center/a106-gr-b-a333-gr-6.html,بله,2,7,4,Answer|Article|BreadcrumbList|FAQPage|ImageObject|ListItem|Organization|Question|WebPage,5,158,متنِ یکتا 158
knowledge-center/a106-gr-b.html,1,47,راهنمای کامل لوله A106 Gr.B؛ مشخصات و قیمت | پیشرو تجهیز فرتاک,62,143,https://pishtaj.ir/knowledge-center/kc-astm-a106-gr.html,خیر,2,7,4,Answer|Article|BreadcrumbList|FAQPage|ImageObject|ListItem|Organization|Question|WebPage,6,437,canonical به مقصدِ ادغام (انتظار می‌رود) · canonical مشترک با 3 صفحه
knowledge-center/a106-pipe-procurement-guide.html,1,47,راهنمای خرید و قیمت لوله A106 Gr.B | پیشرو تجهیز فرتاک,54,134,https://pishtaj.ir/knowledge-center/kc-astm-a106-gr.html,خیر,2,7,4,Answer|Article|BreadcrumbList|FAQPage|ImageObject|ListItem|Organization|Question|WebPage,4,635,canonical به مقصدِ ادغام (انتظار می‌رود) · canonical مشترک با 3 صفحه
knowledge-center/a333-gr-6.html,1,43,لوله A333 Gr.6؛ مشخصات لوله کربن استیل دمای پایین (LTCS),56,145,https://pishtaj.ir/knowledge-center/a333-gr-6.html,بله,2,7,4,Answer|Article|BreadcrumbList|FAQPage|ImageObject|ListItem|Organization|Question|WebPage,7,2267,
knowledge-center/a53-gr-b.html,1,37,راهنمای خرید لوله A53 Gr.B | پیشرو تجهیز فرتاک,46,133,https://pishtaj.ir/knowledge-center/a53-pipe-specifications.html,خیر,2,7,4,Answer|Article|BreadcrumbList|FAQPage|ImageObject|ListItem|Organization|Question|WebPage,5,97,canonical به مقصدِ ادغام (انتظار می‌رود) · canonical مشترک با 3 صفحه · متنِ یکتا 97
knowledge-center/a53-pipe-specifications.html,1,47,لوله ASTM A53 Gr.B؛ مشخصات فنی، انواع F/E/S و کاربردها,54,135,https://pishtaj.ir/knowledge-center/a53-pipe-specifications.html,بله,2,7,4,Answer|Article|BreadcrumbList|FAQPage|ImageObject|ListItem|Organization|Question,5,2199,canonical مشترک با 3 صفحه
knowledge-center/acb-circuit-breaker-guide.html,1,69,راهنمای کلید هوایی ACB (Air Circuit Breaker) | پیشرو تجهیز فرتاک,64,127,https://pishtaj.ir/knowledge-center/acb-circuit-breaker-guide.html,بله,2,7,4,Answer|Article|BreadcrumbList|FAQPage|ImageObject|ListItem|Organization|Question|WebPage,4,827,
knowledge-center/angle-valve.html,1,34,راهنمای شیر زاویه‌ای (Angle Valve) | پیشرو تجهیز فرتاک,54,130,https://pishtaj.ir/knowledge-center/angle-valve.html,بله,2,7,4,Answer|Article|BreadcrumbList|FAQPage|ImageObject|ListItem|Organization|Question|WebPage,16,77,متنِ یکتا 77
knowledge-center/ansi-ieee-c37.html,1,26,رله حفاظتی | پیشرو تجهیز فرتاک,30,122,https://pishtaj.ir/knowledge-center/ansi-ieee-c37.html,بله,2,7,4,Answer|Article|BreadcrumbList|FAQPage|ImageObject|ListItem|Organization|Question|WebPage,2,88,متنِ یکتا 88
knowledge-center/api-5l-pipe-guide.html,1,56,مشخصات فنی لوله API 5L | پیشرو تجهیز فرتاک,42,130,https://pishtaj.ir/knowledge-center/api-5l-pipe-guide.html,بله,2,7,4,Answer|BreadcrumbList|FAQPage|ImageObject|ListItem|Organization|Question|WebPage,12,796,
knowledge-center/api-5l-psl2-psl1.html,1,46,لوله API 5L PSL2 | پیشرو تجهیز فرتاک,36,142,https://pishtaj.ir/knowledge-center/kc-api-5l-psl1-psl2.html,خیر,2,7,4,Answer|Article|BreadcrumbList|FAQPage|ImageObject|ListItem|Organization|Question|WebPage,4,314,canonical به مقصدِ ادغام (انتظار می‌رود) · canonical مشترک با 2 صفحه · متنِ یکتا 314
knowledge-center/api-5l-x42.html,1,28,لوله API 5L X42؛ مشخصات فنی، کاربرد و نکات خرید,47,139,https://pishtaj.ir/knowledge-center/api-5l-x42.html,بله,2,7,4,Answer|Article|BreadcrumbList|FAQPage|ImageObject|ListItem|Organization|Question|WebPage,9,3015,
knowledge-center/api-5l-x52-x60-x65.html,1,34,مقایسه لوله API 5L X52 و X60 و X65 | پیشرو تجهیز فرتاک,54,130,https://pishtaj.ir/knowledge-center/api-5l-x52-x60-x65.html,بله,2,7,4,Answer|Article|BreadcrumbList|FAQPage|ImageObject|ListItem|Organization|Question|WebPage,5,110,متنِ یکتا 110
knowledge-center/api-5l-x52.html,1,34,لوله API 5L X52؛ مشخصات فنی، کاربرد و نکات خرید,47,135,https://pishtaj.ir/knowledge-center/api-5l-x52.html,بله,2,7,4,Answer|Article|BreadcrumbList|FAQPage|ImageObject|ListItem|Organization|Question,5,3073,
knowledge-center/api-5l-x65.html,1,33,لوله API 5L X65؛ مشخصات فنی، کاربرد و نکات خرید,47,137,https://pishtaj.ir/knowledge-center/api-5l-x65.html,بله,2,7,4,Answer|Article|BreadcrumbList|FAQPage|ImageObject|ListItem|Organization|Question|WebPage,4,3181,
knowledge-center/api-5l-x70.html,1,50,لوله API 5L X70؛ مشخصات فنی، کاربرد و نکات خرید,47,134,https://pishtaj.ir/knowledge-center/api-5l-x70.html,بله,2,7,4,Answer|Article|BreadcrumbList|FAQPage|ImageObject|ListItem|Organization|Question|WebPage,3,2924,
knowledge-center/api-600-gate-valve-standard.html,1,53,استاندارد API 600 | پیشرو تجهیز فرتاک,37,117,https://pishtaj.ir/knowledge-center/api-600-gate-valve-standard.html,بله,2,7,4,Answer|Article|BreadcrumbList|FAQPage|ImageObject|ListItem|Organization|Question|WebPage,8,767,canonical مشترک با 2 صفحه
knowledge-center/api-600.html,1,43,راهنمای شیر دروازه‌ای API 600 | پیشرو تجهیز فرتاک,49,139,https://pishtaj.ir/knowledge-center/api-600-gate-valve-standard.html,خیر,2,7,4,Answer|Article|BreadcrumbList|FAQPage|ImageObject|ListItem|Organization|Question|WebPage,3,101,canonical به مقصدِ ادغام (انتظار می‌رود) · canonical مشترک با 2 صفحه · متنِ یکتا 101
knowledge-center/api-602-small-gate-valve.html,1,43,استاندارد API 602 | پیشرو تجهیز فرتاک,37,147,https://pishtaj.ir/knowledge-center/api-602-small-gate-valve.html,بله,2,7,4,Answer|Article|BreadcrumbList|FAQPage|ImageObject|ListItem|Organization|Question,4,619,
knowledge-center/api-610.html,1,32,استاندارد API 610 پمپ‌های سانتریفیوژ | پیشرو تجهیز فرتاک,56,128,https://pishtaj.ir/knowledge-center/kc-api-610.html,خیر,2,7,4,Answer|Article|BreadcrumbList|FAQPage|ImageObject|ListItem|Organization|Question|WebPage,1,298,canonical به مقصدِ ادغام (انتظار می‌رود) · canonical مشترک با 2 صفحه · متنِ یکتا 298
knowledge-center/api-617.html,1,28,استاندارد API 617 کمپرسورهای محوری | پیشرو تجهیز فرتاک,54,124,https://pishtaj.ir/knowledge-center/kc-api-617.html,خیر,2,7,4,Answer|Article|BreadcrumbList|FAQPage|ImageObject|ListItem|Organization|Question|WebPage,1,79,canonical به مقصدِ ادغام (انتظار می‌رود) · canonical مشترک با 2 صفحه · متنِ یکتا 79
knowledge-center/api-6d-ball-valve-standard.html,1,48,استاندارد API 6D | پیشرو تجهیز فرتاک,36,121,https://pishtaj.ir/knowledge-center/api-6d-ball-valve-standard.html,بله,2,7,4,Answer|Article|BreadcrumbList|FAQPage|ImageObject|ListItem|Organization|Question|WebPage,5,742,canonical مشترک با 2 صفحه
knowledge-center/article-001.html,1,44,تست هیدرواستاتیک لوله | پیشرو تجهیز فرتاک,41,140,https://pishtaj.ir/knowledge-center/article-001.html,بله,2,7,4,Answer|Article|BreadcrumbList|FAQPage|ImageObject|ListItem|Organization|Question|WebPage,24,94,متنِ یکتا 94
knowledge-center/article-002.html,1,38,مقایسه لوله کربن استیل و استینلس استیل | پیشرو تجهیز فرتاک,58,134,https://pishtaj.ir/knowledge-center/article-002.html,بله,2,7,4,Answer|Article|BreadcrumbList|FAQPage|ImageObject|ListItem|Organization|Question|WebPage,24,100,متنِ یکتا 100
knowledge-center/article-003.html,1,36,راهنمای انتخاب شیر بر اساس کلاس فشار | پیشرو تجهیز فرتاک,56,132,https://pishtaj.ir/knowledge-center/article-003.html,بله,2,7,4,Answer|Article|BreadcrumbList|FAQPage|ImageObject|ListItem|Organization|Question|WebPage,24,107,متنِ یکتا 107
knowledge-center/article-004.html,1,29,راهنمای آب‌بندی شیرآلات صنعتی | پیشرو تجهیز فرتاک,49,125,https://pishtaj.ir/knowledge-center/article-004.html,بله,2,7,4,Answer|Article|BreadcrumbList|FAQPage|ImageObject|ListItem|Organization|Question|WebPage,24,95,متنِ یکتا 95
knowledge-center/article-005.html,1,41,فلومتر کوریولیس | پیشرو تجهیز فرتاک,35,137,https://pishtaj.ir/knowledge-center/article-005.html,بله,2,7,4,Answer|Article|BreadcrumbList|FAQPage|ImageObject|ListItem|Organization|Question|WebPage,24,67,متنِ یکتا 67
knowledge-center/article-006.html,1,26,ترانسمیتر سطح هیدرواستاتیک | پیشرو تجهیز فرتاک,46,122,https://pishtaj.ir/knowledge-center/article-006.html,بله,2,7,4,Answer|Article|BreadcrumbList|FAQPage|ImageObject|ListItem|Organization|Question|WebPage,24,75,متنِ یکتا 75
knowledge-center/article-007.html,1,43,کالیبراسیون ترانسمیتر دما | پیشرو تجهیز فرتاک,45,139,https://pishtaj.ir/knowledge-center/article-007.html,بله,2,7,4,Answer|Article|BreadcrumbList|FAQPage|ImageObject|ListItem|Organization|Question|WebPage,7,83,متنِ یکتا 83
knowledge-center/article-008.html,1,32,ترانسفورماتور قدرت | پیشرو تجهیز فرتاک,38,128,https://pishtaj.ir/knowledge-center/article-008.html,بله,2,7,4,Answer|Article|BreadcrumbList|FAQPage|ImageObject|ListItem|Organization|Question|WebPage,1,79,متنِ یکتا 79
knowledge-center/article-009.html,1,32,قرارداد تامین صنعتی | پیشرو تجهیز فرتاک,39,128,https://pishtaj.ir/knowledge-center/article-009.html,بله,2,7,4,Answer|Article|BreadcrumbList|FAQPage|ImageObject|ListItem|Organization|Question|WebPage,1,79,متنِ یکتا 79
knowledge-center/article-010.html,1,34,راهنمای گمرک و ترخیص کالاهای صنعتی | پیشرو تجهیز فرتاک,54,130,https://pishtaj.ir/knowledge-center/article-010.html,بله,2,7,4,Answer|Article|BreadcrumbList|FAQPage|ImageObject|ListItem|Organization|Question|WebPage,1,78,متنِ یکتا 78
knowledge-center/article-011.html,1,38,تامین تجهیزات پتروشیمی | پیشرو تجهیز فرتاک,42,134,https://pishtaj.ir/knowledge-center/article-011.html,بله,2,7,4,Answer|Article|BreadcrumbList|FAQPage|ImageObject|ListItem|Organization|Question|WebPage,1,86,متنِ یکتا 86
knowledge-center/article-012.html,1,24,تامین تجهیزات صنعت فولاد | پیشرو تجهیز فرتاک,44,120,https://pishtaj.ir/industries/steel/,خیر,2,7,4,Answer|Article|BreadcrumbList|FAQPage|ImageObject|ListItem|Organization|Question|WebPage,1,90,canonical به مقصدِ ادغام (انتظار می‌رود) · canonical مشترک با 2 صفحه · متنِ یکتا 90
knowledge-center/article-013.html,1,33,تامین تجهیزات نیروگاه سیکل ترکیبی | پیشرو تجهیز فرتاک,53,129,https://pishtaj.ir/knowledge-center/article-013.html,بله,2,7,4,Answer|Article|BreadcrumbList|FAQPage|ImageObject|ListItem|Organization|Question|WebPage,1,74,متنِ یکتا 74
knowledge-center/article-014.html,1,30,تامین تجهیزات خطوط لوله انتقال | پیشرو تجهیز فرتاک,50,126,https://pishtaj.ir/knowledge-center/article-014.html,بله,2,7,4,Answer|Article|BreadcrumbList|FAQPage|ImageObject|ListItem|Organization|Question|WebPage,1,90,متنِ یکتا 90
knowledge-center/article-015.html,1,34,تجهیزات پالایشگاه نفت | پیشرو تجهیز فرتاک,41,130,https://pishtaj.ir/knowledge-center/article-015.html,بله,2,7,4,Answer|Article|BreadcrumbList|FAQPage|ImageObject|ListItem|Organization|Question|WebPage,1,80,متنِ یکتا 80
knowledge-center/article-016.html,1,37,تجهیزات سیستم بخار | پیشرو تجهیز فرتاک,38,133,https://pishtaj.ir/knowledge-center/article-016.html,بله,2,7,4,Answer|Article|BreadcrumbList|FAQPage|ImageObject|ListItem|Organization|Question|WebPage,1,80,متنِ یکتا 80
knowledge-center/article-017.html,1,24,تامین تجهیزات صنعت سیمان | پیشرو تجهیز فرتاک,44,120,https://pishtaj.ir/knowledge-center/article-017.html,بله,2,7,4,Answer|Article|BreadcrumbList|FAQPage|ImageObject|ListItem|Organization|Question|WebPage,1,78,متنِ یکتا 78
knowledge-center/article-021.html,1,26,انتخاب شیر برای سرویس بخار | پیشرو تجهیز فرتاک,46,122,https://pishtaj.ir/knowledge-center/article-021.html,بله,2,7,4,Answer|Article|BreadcrumbList|FAQPage|ImageObject|ListItem|Organization|Question|WebPage,1,75,متنِ یکتا 75
knowledge-center/article-023.html,1,24,انتخاب شیر برای خطوط گاز | پیشرو تجهیز فرتاک,44,120,https://pishtaj.ir/knowledge-center/article-023.html,بله,2,7,4,Answer|Article|BreadcrumbList|FAQPage|ImageObject|ListItem|Organization|Question|WebPage,1,82,متنِ یکتا 82
knowledge-center/article-027.html,1,24,مقایسه شیر فولادی و چدنی | پیشرو تجهیز فرتاک,44,120,https://pishtaj.ir/knowledge-center/article-027.html,بله,2,7,4,Answer|Article|BreadcrumbList|FAQPage|ImageObject|ListItem|Organization|Question|WebPage,1,87,متنِ یکتا 87
knowledge-center/article-031.html,1,39,مقایسه برندهای شیرآلات اروپایی و آسیایی | پیشرو تجهیز فرتاک,59,135,https://pishtaj.ir/knowledge-center/article-031.html,بله,2,7,4,Answer|Article|BreadcrumbList|FAQPage|ImageObject|ListItem|Organization|Question|WebPage,1,105,متنِ یکتا 105
knowledge-center/article-041.html,1,24,ترانسمیتر سطح التراسونیک | پیشرو تجهیز فرتاک,44,120,https://pishtaj.ir/knowledge-center/article-041.html,بله,2,7,4,Answer|Article|BreadcrumbList|FAQPage|ImageObject|ListItem|Organization|Question|WebPage,1,84,متنِ یکتا 84
knowledge-center/article-052.html,1,30,مقایسه برندهای ترانسمیتر صنعتی | پیشرو تجهیز فرتاک,50,126,https://pishtaj.ir/knowledge-center/article-052.html,بله,2,7,4,Answer|Article|BreadcrumbList|FAQPage|ImageObject|ListItem|Organization|Question|WebPage,1,93,متنِ یکتا 93
knowledge-center/article-059.html,1,33,کنتاکتور و بی متال | پیشرو تجهیز فرتاک,38,129,https://pishtaj.ir/knowledge-center/article-059.html,بله,2,7,4,Answer|Article|BreadcrumbList|FAQPage|ImageObject|ListItem|Organization|Question|WebPage,1,88,متنِ یکتا 88
knowledge-center/asme-b16-11-socket-weld-threaded.html,1,43,ASME B16.11 | پیشرو تجهیز فرتاک,31,139,https://pishtaj.ir/knowledge-center/asme-b16-11-socket-weld-threaded.html,بله,2,7,4,Answer|Article|BreadcrumbList|FAQPage|ImageObject|ListItem|Organization|Question|WebPage,3,69,متنِ یکتا 69
knowledge-center/asme-b16-34.html,1,37,استاندارد ASME B16.34 | پیشرو تجهیز فرتاک,41,133,https://pishtaj.ir/knowledge-center/asme-b16-34.html,بله,2,7,4,Answer|Article|BreadcrumbList|FAQPage|ImageObject|ListItem|Organization|Question|WebPage,3,78,متنِ یکتا 78
knowledge-center/asme-b16-5.html,1,33,ASME B16.5 | پیشرو تجهیز فرتاک,30,129,https://pishtaj.ir/knowledge-center/asme-b16-5.html,بله,2,7,4,Answer|Article|BreadcrumbList|FAQPage|ImageObject|ListItem|Organization|Question|WebPage,5,314,متنِ یکتا 314
knowledge-center/asme-b16-9.html,1,24,ASME B16.9 | پیشرو تجهیز فرتاک,30,120,https://pishtaj.ir/knowledge-center/asme-b16-9.html,بله,2,7,4,Answer|Article|BreadcrumbList|FAQPage|ImageObject|ListItem|Organization|Question|WebPage,5,287,متنِ یکتا 287
knowledge-center/asme-b31-1.html,1,33,ASME B31.1 | پیشرو تجهیز فرتاک,30,129,https://pishtaj.ir/knowledge-center/asme-b31-1.html,بله,2,7,4,Answer|Article|BreadcrumbList|FAQPage|ImageObject|ListItem|Organization|Question|WebPage,3,75,متنِ یکتا 75
knowledge-center/asme-b31-3-process-piping-guide.html,1,48,راهنمای استاندارد ASME B31.3 | پیشرو تجهیز فرتاک,48,152,https://pishtaj.ir/knowledge-center/asme-b31-3-process-piping-guide.html,بله,2,7,4,Answer|Article|BreadcrumbList|FAQPage|ImageObject|ListItem|Organization|Question,5,389,متنِ یکتا 389
knowledge-center/asme-b31-3.html,1,30,ASME B31.3 | پیشرو تجهیز فرتاک,30,126,https://pishtaj.ir/knowledge-center/asme-b31-3.html,بله,2,7,4,Answer|Article|BreadcrumbList|FAQPage|ImageObject|ListItem|Organization|Question|WebPage,3,86,متنِ یکتا 86
knowledge-center/asme-b36-10-pipe-dimensions.html,1,59,استاندارد ASME B36.10 | پیشرو تجهیز فرتاک,41,138,https://pishtaj.ir/knowledge-center/asme-b36-10-pipe-dimensions.html,بله,2,7,4,Answer|Article|BreadcrumbList|FAQPage|ImageObject|ListItem|Organization|Question|WebPage,3,754,
knowledge-center/asme-b36-19.html,1,49,راهنمای ابعاد لوله طبق ASME B36.19 | پیشرو تجهیز فرتاک,54,145,https://pishtaj.ir/knowledge-center/asme-b36-19.html,بله,2,7,4,Answer|Article|BreadcrumbList|FAQPage|ImageObject|ListItem|Organization|Question|WebPage,5,103,متنِ یکتا 103
knowledge-center/astm-a105-astm-a350-lf2.html,1,32,مقایسه ASTM A105 و ASTM A350 LF2 | پیشرو تجهیز فرتاک,52,128,https://pishtaj.ir/knowledge-center/astm-a105-astm-a350-lf2.html,بله,2,7,4,Answer|Article|BreadcrumbList|FAQPage|ImageObject|ListItem|Organization|Question|WebPage,4,75,متنِ یکتا 75
knowledge-center/astm-a105-vs-a234.html,1,39,مقایسه ASTM A105 و ASTM A234 در پایپینگ | پیشرو تجهیز فرتاک,59,143,https://pishtaj.ir/knowledge-center/astm-a105-vs-a234.html,بله,2,7,4,Answer|Article|BreadcrumbList|FAQPage|ImageObject|ListItem|Organization|Question,4,371,متنِ یکتا 371
knowledge-center/astm-a105.html,1,34,فورج کربن استیل ASTM A105؛ مشخصات، A105N و نکات خرید,52,135,https://pishtaj.ir/knowledge-center/astm-a105.html,بله,2,7,4,Answer|Article|BreadcrumbList|FAQPage|ImageObject|ListItem|Organization|Question|WebPage,11,4277,
knowledge-center/astm-a106-a53.html,1,22,مقایسه ASTM A106 و A53 | پیشرو تجهیز فرتاک,42,118,https://pishtaj.ir/knowledge-center/astm-a106-a53.html,بله,2,7,4,Answer|Article|BreadcrumbList|FAQPage|ImageObject|ListItem|Organization|Question|WebPage,3,107,متنِ یکتا 107
knowledge-center/astm-a179.html,1,36,تیوب مبدل حرارتی ASTM A179؛ مشخصات و نکات سفارش,47,133,https://pishtaj.ir/knowledge-center/astm-a179.html,بله,2,7,4,Answer|Article|BreadcrumbList|FAQPage|ImageObject|ListItem|Organization|Question|WebPage,13,3294,
knowledge-center/astm-a182-f304-f316.html,1,38,ASTM A182 F304/F316 | پیشرو تجهیز فرتاک,39,134,https://pishtaj.ir/knowledge-center/astm-a182-f304-f316.html,بله,2,7,4,Answer|Article|BreadcrumbList|FAQPage|ImageObject|ListItem|Organization|Question|WebPage,1,72,متنِ یکتا 72
knowledge-center/astm-a209.html,1,41,راهنمای لوله ASTM A209 | پیشرو تجهیز فرتاک,42,137,https://pishtaj.ir/knowledge-center/astm-a209.html,بله,2,7,4,Answer|Article|BreadcrumbList|FAQPage|ImageObject|ListItem|Organization|Question|WebPage,10,83,متنِ یکتا 83
knowledge-center/astm-a213.html,1,34,لوله و تیوب ASTM A213؛ گریدهای T11، T22 و T91,45,146,https://pishtaj.ir/knowledge-center/astm-a213.html,بله,2,7,4,Answer|Article|BreadcrumbList|FAQPage|ImageObject|ListItem|Organization|Question|WebPage,11,3760,
knowledge-center/astm-a234-wpb.html,1,38,ASTM A234 WPB | پیشرو تجهیز فرتاک,33,134,https://pishtaj.ir/knowledge-center/astm-a234-wpb.html,بله,2,7,4,Answer|Article|BreadcrumbList|FAQPage|ImageObject|ListItem|Organization|Question|WebPage,2,72,متنِ یکتا 72
knowledge-center/astm-a312.html,1,59,لوله استنلس استیل ASTM A312؛ TP304 و TP316 و نکات خرید,54,139,https://pishtaj.ir/knowledge-center/astm-a312.html,بله,2,7,4,Answer|Article|BreadcrumbList|FAQPage|ImageObject|ListItem|Organization|Question|WebPage,9,3782,
knowledge-center/astm-a335-p11-p22-p91.html,1,48,"لوله آلیاژی ASTM A335 P11, P22, P91 | پیشرو تجهیز فرتاک",55,144,https://pishtaj.ir/knowledge-center/kc-a335.html,خیر,2,7,4,Answer|Article|BreadcrumbList|FAQPage|ImageObject|ListItem|Organization|Question|WebPage,3,87,canonical به مقصدِ ادغام (انتظار می‌رود) · canonical مشترک با 3 صفحه · متنِ یکتا 87
knowledge-center/astm-a335-p91.html,1,32,لوله ASTM A335 P91 | پیشرو تجهیز فرتاک,38,128,https://pishtaj.ir/knowledge-center/kc-a335.html,خیر,2,7,4,Answer|Article|BreadcrumbList|FAQPage|ImageObject|ListItem|Organization|Question|WebPage,2,88,canonical به مقصدِ ادغام (انتظار می‌رود) · canonical مشترک با 3 صفحه · متنِ یکتا 88
knowledge-center/astm-a403-wp304-wp316.html,1,38,ASTM A403 WP304/WP316 | پیشرو تجهیز فرتاک,41,134,https://pishtaj.ir/knowledge-center/astm-a403-wp304-wp316.html,بله,2,7,4,Answer|Article|BreadcrumbList|FAQPage|ImageObject|ListItem|Organization|Question|WebPage,1,74,متنِ یکتا 74
knowledge-center/astm-a53-gr-b.html,1,43,مشخصات لوله ASTM A53 Gr.B | پیشرو تجهیز فرتاک,45,139,https://pishtaj.ir/knowledge-center/a53-pipe-specifications.html,خیر,2,7,4,Answer|Article|BreadcrumbList|FAQPage|ImageObject|ListItem|Organization|Question|WebPage,10,77,canonical به مقصدِ ادغام (انتظار می‌رود) · canonical مشترک با 3 صفحه · متنِ یکتا 77
knowledge-center/astm-jis.html,1,38,مقایسه استاندارد ASTM و JIS در پایپینگ | پیشرو تجهیز فرتاک,58,134,https://pishtaj.ir/knowledge-center/astm-jis.html,بله,2,7,4,Answer|Article|BreadcrumbList|FAQPage|ImageObject|ListItem|Organization|Question|WebPage,4,86,متنِ یکتا 86
knowledge-center/astm-piping-standards-guide.html,1,36,راهنمای استانداردهای ASTM در پایپینگ | پیشرو تجهیز فرتاک,56,140,https://pishtaj.ir/knowledge-center/astm-piping-standards-guide.html,بله,2,7,4,Answer|Article|BreadcrumbList|FAQPage|ImageObject|ListItem|Organization|Question,3,365,متنِ یکتا 365
knowledge-center/atex-iecex-hazardous-area-guide.html,1,48,راهنمای استاندارد ATEX و IECEx برای مناطق خطرناک,48,152,https://pishtaj.ir/knowledge-center/atex-iecex-hazardous-area-guide.html,بله,2,7,4,Answer|Article|BreadcrumbList|FAQPage|ImageObject|ListItem|Organization|Question,6,389,متنِ یکتا 389
knowledge-center/ball-valve-api-6d.html,1,34,Ball Valve API 6D | پیشرو تجهیز فرتاک,37,130,https://pishtaj.ir/knowledge-center/api-6d-ball-valve-standard.html,خیر,2,7,4,Answer|Article|BreadcrumbList|FAQPage|ImageObject|ListItem|Organization|Question|WebPage,3,316,canonical به مقصدِ ادغام (انتظار می‌رود) · canonical مشترک با 2 صفحه · متنِ یکتا 316
knowledge-center/ball-vs-gate-valve-comparison.html,1,53,مقایسه Ball Valve و Gate Valve | پیشرو تجهیز فرتاک,50,138,https://pishtaj.ir/knowledge-center/ball-vs-gate-valve-comparison.html,بله,2,7,4,Answer|Article|BreadcrumbList|FAQPage|ImageObject|ListItem|Organization|Question|WebPage,8,807,
knowledge-center/butterfly-valve-api-609-concentric-offset.html,1,51,Butterfly Valve API 609 | پیشرو تجهیز فرتاک,43,147,https://pishtaj.ir/knowledge-center/butterfly-valve-api-609-concentric-offset.html,بله,2,7,4,Answer|Article|BreadcrumbList|FAQPage|ImageObject|ListItem|Organization|Question|WebPage,2,297,متنِ یکتا 297
knowledge-center/butterfly-valve-complete-guide.html,1,61,راهنمای جامع Butterfly Valve (شیر پروانه‌ای) | پیشرو تجهیز فرتاک,64,139,https://pishtaj.ir/knowledge-center/butterfly-valve-complete-guide.html,بله,2,7,4,Answer|Article|BreadcrumbList|FAQPage|ImageObject|ListItem|Organization|Question|WebPage,4,893,
knowledge-center/cement-industry-supply-guide.html,1,33,راهنمای تامین تجهیزات صنایع سیمان | پیشرو تجهیز فرتاک,53,137,https://pishtaj.ir/knowledge-center/cement-industry-supply-guide.html,بله,2,7,4,Answer|Article|BreadcrumbList|FAQPage|ImageObject|ListItem|Organization|Question,8,359,متنِ یکتا 359
knowledge-center/cerabar.html,1,33,ترانسمیتر فشار اندرس هاسر Cerabar | پیشرو تجهیز فرتاک,53,129,https://pishtaj.ir/knowledge-center/cerabar.html,بله,2,7,4,Answer|Article|BreadcrumbList|FAQPage|ImageObject|ListItem|Organization|Question|WebPage,1,76,متنِ یکتا 76
knowledge-center/check-valve-complete-guide.html,1,55,راهنمای جامع Check Valve (شیر یک‌طرفه) | پیشرو تجهیز فرتاک,58,107,https://pishtaj.ir/knowledge-center/check-valve-complete-guide.html,بله,2,7,4,Answer|Article|BreadcrumbList|FAQPage|ImageObject|ListItem|Organization|Question|WebPage,6,761,
knowledge-center/check-valve-swing-lift-dual-plate.html,1,48,مقایسه شیر Check Valve | پیشرو تجهیز فرتاک,42,144,https://pishtaj.ir/knowledge-center/check-valve-swing-lift-dual-plate.html,بله,2,7,4,Answer|Article|BreadcrumbList|FAQPage|ImageObject|ListItem|Organization|Question|WebPage,5,310,متنِ یکتا 310
knowledge-center/class-i-class-vi.html,1,45,مقایسه نرخ نشتی شیرآلات | پیشرو تجهیز فرتاک,43,141,https://pishtaj.ir/knowledge-center/class-i-class-vi.html,بله,2,7,4,Answer|Article|BreadcrumbList|FAQPage|ImageObject|ListItem|Organization|Question|WebPage,2,104,متنِ یکتا 104
knowledge-center/conductivity-meter.html,1,38,راهنمای هدایت سنج (Conductivity Meter) | پیشرو تجهیز فرتاک,58,134,https://pishtaj.ir/knowledge-center/conductivity-meter.html,بله,2,7,4,Answer|Article|BreadcrumbList|FAQPage|ImageObject|ListItem|Organization|Question|WebPage,4,81,متنِ یکتا 81
knowledge-center/contactor-bimetal-guide.html,1,39,راهنمای کنتاکتور و بی متال در برق صنعتی | پیشرو تجهیز فرتاک,59,143,https://pishtaj.ir/knowledge-center/contactor-bimetal-guide.html,بله,2,7,4,Answer|Article|BreadcrumbList|FAQPage|ImageObject|ListItem|Organization|Question,3,371,متنِ یکتا 371
knowledge-center/control-valve-actuator-selection-guide.html,1,57,راهنمای انتخاب اکچویتور کنترل ولو | Fail Action و Shutoff,57,163,https://pishtaj.ir/knowledge-center/control-valve-actuator-selection-guide.html,بله,2,7,4,Answer|Article|BreadcrumbList|FAQPage|ListItem|Organization|Question|WebPage,6,7552,
knowledge-center/control-valve-cavitation-guide.html,1,49,کاویتاسیون در کنترل ولو چیست؟ روش تشخیص و جلوگیری,49,162,https://pishtaj.ir/knowledge-center/control-valve-cavitation-guide.html,بله,2,7,4,Answer|Article|BreadcrumbList|FAQPage|ListItem|Organization|Question|WebPage,13,3951,
knowledge-center/control-valve-complete-guide.html,1,44,راهنمای کامل شیر کنترل (Control Valve) صنعتی؛ مشخصات و قیمت,59,148,https://pishtaj.ir/knowledge-center/control-valve-complete-guide.html,بله,2,7,4,Answer|BreadcrumbList|FAQPage|ImageObject|ListItem|Organization|Question|WebPage,12,381,متنِ یکتا 381
knowledge-center/control-valve-cv-calculation-guide.html,1,67,محاسبه Cv کنترل ولو چیست؟ راهنمای سایزینگ Control Valve,55,162,https://pishtaj.ir/knowledge-center/control-valve-cv-calculation-guide.html,بله,2,7,4,Answer|Article|BreadcrumbList|FAQPage|ListItem|Organization|Question|WebPage,14,4063,
knowledge-center/control-valve-cv-kv-difference.html,1,64,تفاوت Cv و Kv در کنترل ولو چیست؟ فرمول تبدیل و کاربرد,53,162,https://pishtaj.ir/knowledge-center/control-valve-cv-kv-difference.html,بله,2,7,4,Answer|Article|BreadcrumbList|FAQPage|ListItem|Organization|Question|WebPage,10,7521,
knowledge-center/control-valve-iec-60534.html,1,47,شیر کنترل (Control Valve) | پیشرو تجهیز فرتاک,45,143,https://pishtaj.ir/knowledge-center/control-valve-iec-60534.html,بله,2,7,4,Answer|Article|BreadcrumbList|FAQPage|ImageObject|ListItem|Organization|Question|WebPage,6,82,متنِ یکتا 82
knowledge-center/corrosion-resistant-equipment-guide.html,1,37,راهنمای تجهیزات مقاوم به خوردگی صنعتی | پیشرو تجهیز فرتاک,57,141,https://pishtaj.ir/knowledge-center/corrosion-resistant-equipment-guide.html,بله,2,7,4,Answer|Article|BreadcrumbList|FAQPage|ImageObject|ListItem|Organization|Question,1,367,متنِ یکتا 367
knowledge-center/cryogenic-valve-lng.html,1,44,شیر برودتی (Cryogenic Valve) برای LNG و گازهای مایع,51,150,https://pishtaj.ir/knowledge-center/cryogenic-valve-lng.html,بله,2,7,4,Answer|Article|BreadcrumbList|FAQPage|ImageObject|ListItem|Organization|Question|WebPage,2,4143,
knowledge-center/dcs-distributed-control-system.html,1,46,راهنمای سیستم DCS (Distributed Control System),46,142,https://pishtaj.ir/knowledge-center/kc-dcs.html,خیر,2,7,4,Answer|Article|BreadcrumbList|FAQPage|ImageObject|ListItem|Organization|Question|WebPage,2,103,canonical به مقصدِ ادغام (انتظار می‌رود) · canonical مشترک با 2 صفحه · متنِ یکتا 103
knowledge-center/diaphragm-seal-guide.html,1,51,راهنمای سیل جداکننده (Diaphragm Seal) در ابزار دقیق,51,155,https://pishtaj.ir/knowledge-center/diaphragm-seal-guide.html,بله,2,7,4,Answer|Article|BreadcrumbList|FAQPage|ImageObject|ListItem|Organization|Question,3,395,متنِ یکتا 395
knowledge-center/diaphragm-valve.html,1,40,Diaphragm Valve | پیشرو تجهیز فرتاک,35,136,https://pishtaj.ir/knowledge-center/diaphragm-valve.html,بله,2,7,4,Answer|Article|BreadcrumbList|FAQPage|ImageObject|ListItem|Organization|Question|WebPage,15,80,متنِ یکتا 80
knowledge-center/differential-pressure-transmitter-guide.html,1,65,راهنمای ترانسمیتر اختلاف فشار (DPT) | پیشرو تجهیز فرتاک,55,118,https://pishtaj.ir/knowledge-center/differential-pressure-transmitter-guide.html,بله,2,7,4,Answer|Article|BreadcrumbList|FAQPage|ImageObject|ListItem|Organization|Question|WebPage,5,998,
knowledge-center/din-ansi.html,1,38,مقایسه استاندارد DIN و ANSI در پایپینگ | پیشرو تجهیز فرتاک,58,134,https://pishtaj.ir/knowledge-center/din-ansi.html,بله,2,7,4,Answer|Article|BreadcrumbList|FAQPage|ImageObject|ListItem|Organization|Question|WebPage,2,84,متنِ یکتا 84
knowledge-center/distribution-transformer.html,1,46,ترانسفورماتور توزیع (Distribution Transformer),46,142,https://pishtaj.ir/knowledge-center/distribution-transformer.html,بله,2,7,4,Answer|Article|BreadcrumbList|FAQPage|ImageObject|ListItem|Organization|Question|WebPage,3,262,متنِ یکتا 262
knowledge-center/dpt.html,1,43,ترانسمیتر اختلاف فشار DPT | پیشرو تجهیز فرتاک,45,139,https://pishtaj.ir/knowledge-center/dpt.html,بله,2,7,4,Answer|Article|BreadcrumbList|FAQPage|ImageObject|ListItem|Organization|Question|WebPage,3,268,متنِ یکتا 268
knowledge-center/dual-plate-check-valve.html,1,37,راهنمای شیرهای Dual Plate Check Valve | پیشرو تجهیز فرتاک,57,133,https://pishtaj.ir/knowledge-center/dual-plate-check-valve.html,بله,2,7,4,Answer|Article|BreadcrumbList|FAQPage|ImageObject|ListItem|Organization|Question|WebPage,3,311,متنِ یکتا 311
knowledge-center/electric-actuator.html,1,41,محرک الکتریکی (Electric Actuator) شیرآلات | پیشرو تجهیز فرتاک,61,137,https://pishtaj.ir/knowledge-center/kc-actuator.html,خیر,2,7,4,Answer|Article|BreadcrumbList|FAQPage|ImageObject|ListItem|Organization|Question|WebPage,2,84,canonical به مقصدِ ادغام (انتظار می‌رود) · canonical مشترک با 3 صفحه · متنِ یکتا 84
knowledge-center/electrical-brands-comparison.html,1,58,مقایسه برندهای تجهیزات برق صنعتی | پیشرو تجهیز فرتاک,52,162,https://pishtaj.ir/knowledge-center/electrical-brands-comparison.html,بله,2,7,4,Answer|Article|BreadcrumbList|FAQPage|ImageObject|ListItem|Organization|Question,2,409,
knowledge-center/en-10204-certificate-guide.html,1,52,راهنمای کامل EN 10204؛ مشخصات و قیمت | پیشرو تجهیز فرتاک,56,124,https://pishtaj.ir/knowledge-center/en-10204-certificate-guide.html,بله,2,7,4,Answer|Article|BreadcrumbList|FAQPage|ImageObject|ListItem|Organization|Question|WebPage,5,556,
knowledge-center/en-10204.html,1,27,گواهی EN 10204 و تفاوت نوع 3.1 و 3.2 | پیشرو تجهیز فرتاک,56,123,https://pishtaj.ir/knowledge-center/kc-a106-mill-test-certificate-verification.html,خیر,2,7,4,Answer|Article|BreadcrumbList|FAQPage|ImageObject|ListItem|Organization|Question|WebPage,1,87,canonical به مقصدِ ادغام (انتظار می‌رود) · canonical مشترک با 2 صفحه · متنِ یکتا 87
knowledge-center/epc-supply-chain-management-guide.html,1,44,راهنمای مدیریت زنجیره تامین در پروژه‌های EPC | پیشرو تجهیز فرتاک,64,148,https://pishtaj.ir/knowledge-center/epc-supply-chain-management-guide.html,بله,2,7,4,Answer|Article|BreadcrumbList|FAQPage|ImageObject|ListItem|Organization|Question,2,381,متنِ یکتا 381
knowledge-center/erw.html,1,35,مقایسه لوله جوشی ERW و لوله اسپیرال | پیشرو تجهیز فرتاک,55,131,https://pishtaj.ir/knowledge-center/erw.html,بله,2,7,4,Answer|Article|BreadcrumbList|FAQPage|ImageObject|ListItem|Organization|Question|WebPage,3,144,متنِ یکتا 144
knowledge-center/esd-emergency-shutdown.html,1,38,راهنمای سیستم ESD (Emergency Shutdown) | پیشرو تجهیز فرتاک,58,134,https://pishtaj.ir/knowledge-center/esd-emergency-shutdown.html,بله,2,7,4,Answer|Article|BreadcrumbList|FAQPage|ImageObject|ListItem|Organization|Question|WebPage,6,77,متنِ یکتا 77
knowledge-center/fire-gas-system-fgs.html,1,31,راهنمای Fire & Gas System (FGS) | پیشرو تجهیز فرتاک,51,131,https://pishtaj.ir/knowledge-center/fire-gas-system-fgs.html,بله,2,7,4,Answer|Article|BreadcrumbList|FAQPage|ImageObject|ListItem|Organization|Question|WebPage,7,81,متنِ یکتا 81
knowledge-center/fire-test-api-607.html,1,45,راهنمای تست آتش (Fire Test) شیرآلات | پیشرو تجهیز فرتاک,55,141,https://pishtaj.ir/knowledge-center/fire-test-api-607.html,بله,2,7,4,Answer|Article|BreadcrumbList|FAQPage|ImageObject|ListItem|Organization|Question|WebPage,5,89,متنِ یکتا 89
knowledge-center/flange-arak-guide.html,1,58,فلنج اراک؛ راهنمای خرید، استانداردها و راستی‌آزمایی کیفیت | پیشرو,65,92,https://pishtaj.ir/knowledge-center/flange-arak-guide.html,بله,2,7,4,Answer|BreadcrumbList|FAQPage|ImageObject|ListItem|Organization|Question|WebPage,4,3265,
knowledge-center/flange-bolting-guide.html,1,41,پیچ و مهرهٔ اتصالات فلنجی؛ گریدها، گشتاور و ترتیب سفت‌کردن,58,159,https://pishtaj.ir/knowledge-center/flange-bolting-guide.html,بله,2,7,4,Answer|Article|BreadcrumbList|FAQPage|ImageObject|ListItem|Organization|Question,9,4051,
knowledge-center/flange-material-selection-guide.html,1,56,راهنمای جنس و متریال فلنج صنعتی بر اساس کلاس فشار و سیال,56,135,https://pishtaj.ir/knowledge-center/flange-material-selection-guide.html,بله,2,7,4,Answer|Article|BreadcrumbList|FAQPage|ImageObject|ListItem|Organization|Question|WebPage,3,989,
knowledge-center/flange-types-complete-guide.html,1,49,انواع فلنج صنعتی: WN، SO، Blind و SW؛ راهنمای انتخاب,52,141,https://pishtaj.ir/knowledge-center/flange-types-complete-guide.html,بله,2,7,4,Answer|Article|BreadcrumbList|FAQPage|ImageObject|ListItem|Organization|Question,8,4234,
knowledge-center/float-vibrating-capacitance.html,1,41,سوئیچ سطح صنعتی؛ انواع و انتخاب | پیشرو تجهیز فرتاک,51,137,https://pishtaj.ir/knowledge-center/kc-level-measurement-6-methods.html,خیر,2,7,4,Answer|Article|BreadcrumbList|FAQPage|ImageObject|ListItem|Organization|Question|WebPage,1,78,canonical به مقصدِ ادغام (انتظار می‌رود) · canonical مشترک با 3 صفحه · متنِ یکتا 78
knowledge-center/flowmeter-types-guide.html,1,45,راهنمای فلومتر صنعتی | پیشرو تجهیز فرتاک,40,132,https://pishtaj.ir/knowledge-center/flowmeter-types-guide.html,بله,2,7,4,Answer|BreadcrumbList|FAQPage|ImageObject|ListItem|Organization|Question|WebPage,8,832,
knowledge-center/gas-analyzer-industry-guide.html,1,41,راهنمای آنالایزر گاز صنعتی | پیشرو تجهیز فرتاک,46,145,https://pishtaj.ir/knowledge-center/gas-analyzer-industry-guide.html,بله,2,7,4,Answer|Article|BreadcrumbList|FAQPage|ImageObject|ListItem|Organization|Question,6,375,متنِ یکتا 375
knowledge-center/gas-control-valve-sizing-guide.html,1,57,سایزینگ کنترل ولو گاز چیست؟ نکات انتخاب Gas Control Valve,57,142,https://pishtaj.ir/knowledge-center/gas-control-valve-sizing-guide.html,بله,2,7,4,Answer|Article|BreadcrumbList|FAQPage|ListItem|Organization|Question|WebPage,2,6944,
knowledge-center/gasket-types-guide.html,1,69,انواع گسکت صنعتی؛ انتخاب بر اساس کلاس، دما و سیال,49,156,https://pishtaj.ir/knowledge-center/gasket-types-guide.html,بله,2,7,4,Answer|Article|BreadcrumbList|FAQPage|ImageObject|ListItem|Organization|Question|WebPage,5,3711,
knowledge-center/gate-valve-complete-guide.html,1,69,راهنمای جامع Gate Valve (شیر دروازه‌ای) | پیشرو تجهیز فرتاک,59,164,https://pishtaj.ir/knowledge-center/gate-valve-complete-guide.html,بله,2,7,4,Answer|Article|BreadcrumbList|FAQPage|ImageObject|ListItem|Organization|Question|WebPage,8,1003,
knowledge-center/gearbox-handwheel-worm-gear.html,1,47,راهنمای Gearbox شیرآلات | پیشرو تجهیز فرتاک,43,143,https://pishtaj.ir/knowledge-center/gearbox-handwheel-worm-gear.html,بله,2,7,4,Answer|Article|BreadcrumbList|FAQPage|ImageObject|ListItem|Organization|Question|WebPage,2,78,متنِ یکتا 78
knowledge-center/ghz-80.html,1,27,ترانسمیتر سطح راداری GHz 80 | پیشرو تجهیز فرتاک,47,123,https://pishtaj.ir/knowledge-center/ghz-80.html,بله,2,7,4,Answer|Article|BreadcrumbList|FAQPage|ImageObject|ListItem|Organization|Question|WebPage,2,83,متنِ یکتا 83
knowledge-center/globe-angle-valve.html,1,30,مقایسه شیر Globe و Angle Valve | پیشرو تجهیز فرتاک,50,126,https://pishtaj.ir/knowledge-center/globe-angle-valve.html,بله,2,7,4,Answer|Article|BreadcrumbList|FAQPage|ImageObject|ListItem|Organization|Question|WebPage,4,304,متنِ یکتا 304
knowledge-center/globe-gate-valve.html,1,50,مقایسه Globe و Gate Valve | پیشرو تجهیز فرتاک,45,146,https://pishtaj.ir/knowledge-center/globe-gate-valve.html,بله,2,7,4,Answer|Article|BreadcrumbList|FAQPage|ImageObject|ListItem|Organization|Question|WebPage,6,316,متنِ یکتا 316
knowledge-center/globe-valve-complete-guide.html,1,60,راهنمای جامع Globe Valve (شیر کروی) | پیشرو تجهیز فرتاک,55,127,https://pishtaj.ir/knowledge-center/globe-valve-complete-guide.html,بله,2,7,4,Answer|Article|BreadcrumbList|FAQPage|ImageObject|ListItem|Organization|Question|WebPage,8,725,
knowledge-center/guided-wave-non-contact.html,1,42,سطح‌سنج راداری | پیشرو تجهیز فرتاک,34,138,https://pishtaj.ir/knowledge-center/kc-level-measurement-6-methods.html,خیر,2,7,4,Answer|Article|BreadcrumbList|FAQPage|ImageObject|ListItem|Organization|Question|WebPage,4,87,canonical به مقصدِ ادغام (انتظار می‌رود) · canonical مشترک با 3 صفحه · متنِ یکتا 87
knowledge-center/hart-calibration-training.html,1,42,آموزش کالیبراسیون HART در ابزار دقیق صنعتی | پیشرو تجهیز فرتاک,62,146,https://pishtaj.ir/knowledge-center/hart-calibration-training.html,بله,2,7,4,Answer|Article|BreadcrumbList|FAQPage|ImageObject|ListItem|Organization|Question,6,377,متنِ یکتا 377
knowledge-center/hart-protocol-complete-guide.html,1,44,راهنمای کامل پروتکل HART در ابزار دقیق صنعتی؛ مشخصات و قیمت,59,135,https://pishtaj.ir/knowledge-center/hart-protocol-complete-guide.html,بله,2,7,4,Answer|Article|BreadcrumbList|FAQPage|ImageObject|ListItem|Organization|Question|WebPage,2,606,
knowledge-center/high-pressure-equipment-guide.html,1,43,راهنمای تجهیزات فشار قوی و فوق‌العاده صنعتی | پیشرو تجهیز فرتاک,63,147,https://pishtaj.ir/knowledge-center/high-pressure-equipment-guide.html,بله,2,7,4,Answer|Article|BreadcrumbList|FAQPage|ImageObject|ListItem|Organization|Question,3,379,متنِ یکتا 379
knowledge-center/high-temperature.html,1,44,انتخاب شیر برای دمای بالا (High Temperature) | پیشرو تجهیز فرتاک,64,140,https://pishtaj.ir/knowledge-center/high-temperature.html,بله,2,7,4,Answer|Article|BreadcrumbList|FAQPage|ImageObject|ListItem|Organization|Question|WebPage,2,79,متنِ یکتا 79
knowledge-center/hplc-gc.html,1,38,راهنمای تجهیزات HPLC و GC در آزمایشگاه | پیشرو تجهیز فرتاک,58,134,https://pishtaj.ir/knowledge-center/hplc-gc.html,بله,2,7,4,Answer|Article|BreadcrumbList|FAQPage|ImageObject|ListItem|Organization|Question|WebPage,2,90,متنِ یکتا 90
knowledge-center/hydrostatic-level-transmitter.html,1,40,راهنمای ترانسمیتر سطح هیدرواستاتیک صنعتی | پیشرو تجهیز فرتاک,60,144,https://pishtaj.ir/knowledge-center/hydrostatic-level-transmitter.html,بله,2,7,4,Answer|Article|BreadcrumbList|FAQPage|ImageObject|ListItem|Organization|Question,4,373,متنِ یکتا 373
knowledge-center/hydrostatic-test-pipe-guide.html,1,43,تست هیدرواستاتیک لوله؛ فشار تست، زمان نگه‌داشت و چک‌لیست,56,154,https://pishtaj.ir/knowledge-center/hydrostatic-test-pipe-guide.html,بله,2,7,4,Answer|Article|BreadcrumbList|FAQPage|ImageObject|ListItem|Organization|Question,3,3799,
knowledge-center/incoterms-2024.html,1,29,Incoterms 2024 | پیشرو تجهیز فرتاک,34,125,https://pishtaj.ir/knowledge-center/kc-incoterms-2024.html,خیر,2,7,4,Answer|Article|BreadcrumbList|FAQPage|ImageObject|ListItem|Organization|Question|WebPage,3,81,canonical به مقصدِ ادغام (انتظار می‌رود) · canonical مشترک با 2 صفحه · متنِ یکتا 81
knowledge-center/incoterms-industrial-trade-guide.html,1,48,راهنمای Incoterms 2024 در تجارت بین‌المللی صنعتی,48,152,https://pishtaj.ir/knowledge-center/incoterms-industrial-trade-guide.html,بله,2,7,4,Answer|Article|BreadcrumbList|FAQPage|ImageObject|ListItem|Organization|Question,3,389,متنِ یکتا 389
knowledge-center/index.html,1,36,مرکز دانش تجهیزات صنعتی و استانداردها | پیشرو تجهیز فرتاک,57,139,https://pishtaj.ir/knowledge-center/,بله,2,8,4,BreadcrumbList|CollectionPage|ImageObject|ListItem|Organization|WebSite,797,22882,
knowledge-center/industrial-cable-selection-guide.html,1,39,راهنمای انتخاب کابل صنعتی (Power Cable) | پیشرو تجهیز فرتاک,59,143,https://pishtaj.ir/knowledge-center/industrial-cable-selection-guide.html,بله,2,7,4,Answer|Article|BreadcrumbList|FAQPage|ImageObject|ListItem|Organization|Question,7,371,متنِ یکتا 371
knowledge-center/industrial-customs-clearance-guide.html,1,33,راهنمای ترخیص گمرکی کالاهای صنعتی | پیشرو تجهیز فرتاک,53,137,https://pishtaj.ir/knowledge-center/kc-customs-clearance.html,خیر,2,7,4,Answer|Article|BreadcrumbList|FAQPage|ImageObject|ListItem|Organization|Question,4,359,canonical به مقصدِ ادغام (انتظار می‌رود) · canonical مشترک با 2 صفحه · متنِ یکتا 359
knowledge-center/industrial-grounding-guide.html,1,42,راهنمای سیستم اتصال زمین (Grounding) صنعتی | پیشرو تجهیز فرتاک,62,146,https://pishtaj.ir/knowledge-center/kc-earthing.html,خیر,2,7,4,Answer|Article|BreadcrumbList|FAQPage|ImageObject|ListItem|Organization|Question,4,377,canonical به مقصدِ ادغام (انتظار می‌رود) · canonical مشترک با 2 صفحه · متنِ یکتا 377
knowledge-center/industrial-procurement-documentation-guide.html,1,53,راهنمای مدارک خرید تجهیزات صنعتی؛ MTC، COC، TPI و Data Book,59,160,https://pishtaj.ir/knowledge-center/industrial-procurement-documentation-guide.html,بله,2,7,2,Answer|Article|BreadcrumbList|FAQPage|ImageObject|ListItem|Organization|Question,7,7705,
knowledge-center/industrial-valve-standards-guide.html,1,44,استانداردهای شیرآلات صنعتی؛ API 600، ASME B16.34 و ISO 5208,59,145,https://pishtaj.ir/knowledge-center/industrial-valve-standards-guide.html,بله,2,7,4,Answer|BreadcrumbList|FAQPage|ImageObject|ListItem|Organization|Question|WebPage,16,2291,
knowledge-center/instrument-calibration-standards.html,1,43,راهنمای استانداردهای کالیبراسیون ابزار دقیق | پیشرو تجهیز فرتاک,63,147,https://pishtaj.ir/knowledge-center/instrument-calibration-standards.html,بله,2,7,4,Answer|Article|BreadcrumbList|FAQPage|ImageObject|ListItem|Organization|Question,3,379,متنِ یکتا 379
knowledge-center/international-supply-contract-guide.html,1,41,راهنمای قراردادهای تامین بین‌المللی صنعتی | پیشرو تجهیز فرتاک,61,145,https://pishtaj.ir/knowledge-center/international-supply-contract-guide.html,بله,2,7,4,Answer|Article|BreadcrumbList|FAQPage|ImageObject|ListItem|Organization|Question,3,375,متنِ یکتا 375
knowledge-center/ip-rating-industrial-equipment-guide.html,1,37,راهنمای استاندارد IP در تجهیزات صنعتی | پیشرو تجهیز فرتاک,57,141,https://pishtaj.ir/knowledge-center/ip-rating-industrial-equipment-guide.html,بله,2,7,4,Answer|Article|BreadcrumbList|FAQPage|ImageObject|ListItem|Organization|Question,2,367,متنِ یکتا 367
knowledge-center/iso-9001.html,1,33,ISO 9001 برای تامین‌کنندگان صنعتی | پیشرو تجهیز فرتاک,53,129,https://pishtaj.ir/knowledge-center/kc-technical-certifications-supplier-qualification.html,خیر,2,7,4,Answer|Article|BreadcrumbList|FAQPage|ImageObject|ListItem|Organization|Question,1,0,canonical به مقصدِ ادغام (انتظار می‌رود) · canonical مشترک با 2 صفحه · متنِ یکتا 0
knowledge-center/kc-304-316.html,1,45,راهنمای کامل لوله‌های استینلس استیل 304 و 316؛ مشخصات و قیمت,60,164,https://pishtaj.ir/knowledge-center/kc-304-316.html,بله,2,7,4,Answer|BreadcrumbList|FAQPage|ImageObject|ListItem|Organization|Question|WebPage,3,2571,
knowledge-center/kc-304-vs-316-corrosion-resistance.html,1,59,مقاومت به خوردگی 304 و 316 | پیشرو تجهیز فرتاک,46,159,https://pishtaj.ir/knowledge-center/kc-304-vs-316-corrosion-resistance.html,بله,2,7,4,Answer|BreadcrumbList|FAQPage|ImageObject|ListItem|Organization|Question|WebPage,5,7340,
knowledge-center/kc-a106-api-5l-standard-selection-by-project.html,1,62,انتخاب استاندارد A106 یا API 5L بر اساس پروژه | پیشرو تجهیز فرتاک,65,139,https://pishtaj.ir/knowledge-center/kc-a106-api-5l-standard-selection-by-project.html,بله,2,7,4,Answer|BreadcrumbList|FAQPage|ImageObject|ListItem|Organization|Question|WebPage,4,7046,
knowledge-center/kc-a106-mill-test-certificate-verification.html,1,60,راستی‌آزمایی گواهی MTC لوله A106 Gr.B | پیشرو تجهیز فرتاک,57,165,https://pishtaj.ir/knowledge-center/kc-a106-mill-test-certificate-verification.html,بله,2,7,4,Answer|BreadcrumbList|FAQPage|ImageObject|ListItem|Organization|Question|WebPage,3,6876,canonical مشترک با 2 صفحه
knowledge-center/kc-a179-tube-expansion-rolling-procedure.html,1,64,اتصال لولهٔ A179 به Tube Sheet با Rolling | پیشرو تجهیز فرتاک,61,148,https://pishtaj.ir/knowledge-center/kc-a179-tube-expansion-rolling-procedure.html,بله,2,7,4,Answer|BreadcrumbList|FAQPage|ImageObject|ListItem|Organization|Question|WebPage,2,7665,
knowledge-center/kc-a333-low-temperature-impact-testing.html,1,74,تست ضربهٔ دمای پایین لولهٔ A333 Gr.6 | پیشرو تجهیز فرتاک,56,135,https://pishtaj.ir/knowledge-center/kc-a333-low-temperature-impact-testing.html,بله,2,7,4,Answer|BreadcrumbList|FAQPage|ImageObject|ListItem|Organization|Question|WebPage,3,7245,
knowledge-center/kc-a335-p11-p22-p91-welding-procedure.html,1,60,جوشکاری لوله آلیاژی A335 P11/P22/P91 | پیشرو تجهیز فرتاک,56,144,https://pishtaj.ir/knowledge-center/kc-a335-p11-p22-p91-welding-procedure.html,بله,2,7,4,Answer|BreadcrumbList|FAQPage|ImageObject|ListItem|Organization|Question|WebPage,5,7570,
knowledge-center/kc-a335-pwht-post-weld-heat-treatment.html,1,64,عملیات حرارتی پس از جوش (PWHT) لوله A335 | پیشرو تجهیز فرتاک,60,137,https://pishtaj.ir/knowledge-center/kc-a335-pwht-post-weld-heat-treatment.html,بله,2,7,4,Answer|BreadcrumbList|FAQPage|ImageObject|ListItem|Organization|Question|WebPage,2,7060,
knowledge-center/kc-a335.html,1,46,راهنمای کامل لوله‌های آلیاژی کروم-مولیبدن A335,46,149,https://pishtaj.ir/knowledge-center/kc-a335.html,بله,2,7,4,Answer|Article|BreadcrumbList|FAQPage|ImageObject|ListItem|Organization|Question|WebPage,4,2436,canonical مشترک با 3 صفحه
knowledge-center/kc-a53-vs-a106-selection-criteria.html,1,56,معیار انتخاب بین لولهٔ ASTM A53 و A106 Gr.B | پیشرو تجهیز فرتاک,63,153,https://pishtaj.ir/knowledge-center/kc-a53-vs-a106-selection-criteria.html,بله,2,7,4,Answer|BreadcrumbList|FAQPage|ImageObject|ListItem|Organization|Question|WebPage,2,7271,
knowledge-center/kc-actuator-fail-safe-position-guide.html,1,59,انتخاب وضعیت ایمن Fail-Safe محرک شیرآلات | پیشرو تجهیز فرتاک,60,162,https://pishtaj.ir/knowledge-center/kc-actuator-fail-safe-position-guide.html,بله,2,7,4,Answer|BreadcrumbList|FAQPage|ImageObject|ListItem|Organization|Question|WebPage,4,7481,
knowledge-center/kc-actuator.html,1,48,راهنمای کامل انتخاب محرک (Actuator) برای شیرآلات,48,151,https://pishtaj.ir/knowledge-center/kc-actuator.html,بله,2,7,4,Answer|BreadcrumbList|FAQPage|ImageObject|ListItem|Organization|Question|WebPage,7,2535,canonical مشترک با 3 صفحه
knowledge-center/kc-air-cooled-fin-fan-selection-guide.html,1,62,انتخاب فن مبدل هوایی Air Cooled برای اقلیم گرم,46,164,https://pishtaj.ir/knowledge-center/kc-air-cooled-fin-fan-selection-guide.html,بله,2,7,4,Answer|BreadcrumbList|FAQPage|ImageObject|ListItem|Organization|Question|WebPage,4,7468,
knowledge-center/kc-air-cooled.html,1,47,راهنمای کامل مبدل‌های حرارتی هوایی (Air Cooled),47,150,https://pishtaj.ir/knowledge-center/kc-air-cooled.html,بله,2,7,4,Answer|Article|BreadcrumbList|FAQPage|ImageObject|ListItem|Organization|Question|WebPage,4,2478,
knowledge-center/kc-amine-unit-foaming-corrosion-problems.html,1,51,مشکلات کف‌کردن و خوردگی واحد آمین | پیشرو تجهیز فرتاک,53,143,https://pishtaj.ir/knowledge-center/kc-amine-unit-foaming-corrosion-problems.html,بله,2,7,4,Answer|BreadcrumbList|FAQPage|ImageObject|ListItem|Organization|Question|WebPage,5,7582,
knowledge-center/kc-ansi-50-51-87-21.html,1,62,راهنمای کامل رله‌های حفاظتی در تابلو برق؛ مشخصات و قیمت | پیشرو,63,161,https://pishtaj.ir/knowledge-center/kc-ansi-50-51-87-21.html,بله,2,7,4,Answer|Article|BreadcrumbList|FAQPage|ImageObject|ListItem|Organization|Question|WebPage,8,2650,
knowledge-center/kc-api-598-iso-5208.html,1,50,راهنمای کامل تست نشتی شیرآلات؛ مشخصات و قیمت | پیشرو تجهیز فرتاک,64,153,https://pishtaj.ir/knowledge-center/kc-api-598-iso-5208.html,بله,2,7,4,Answer|Article|BreadcrumbList|FAQPage|ImageObject|ListItem|Organization|Question|WebPage,5,2398,
knowledge-center/kc-api-5l-psl-charpy-impact-test.html,1,49,تست ضربه شارپی لوله API 5L PSL2 | پیشرو تجهیز فرتاک,51,148,https://pishtaj.ir/knowledge-center/kc-api-5l-psl-charpy-impact-test.html,بله,2,7,4,Answer|BreadcrumbList|FAQPage|ImageObject|ListItem|Organization|Question|WebPage,2,7187,
knowledge-center/kc-api-5l-psl1-psl2.html,1,49,راهنمای کامل لوله‌های بدون درز API 5L PSL1 و PSL2,49,152,https://pishtaj.ir/knowledge-center/kc-api-5l-psl1-psl2.html,بله,2,7,4,Answer|BreadcrumbList|FAQPage|ImageObject|ListItem|Organization|Question|WebPage,3,2715,canonical مشترک با 2 صفحه
knowledge-center/kc-api-5l-psl2-sour-service-nace-requirements.html,1,72,لوله NACE (سرویس ترش)؛ الزامات MR0175 برای API 5L PSL2 | پیشرو,62,149,https://pishtaj.ir/knowledge-center/kc-api-5l-psl2-sour-service-nace-requirements.html,بله,2,7,4,Answer|BreadcrumbList|FAQPage|ImageObject|ListItem|Organization|Question|WebPage,5,7186,
knowledge-center/kc-api-5l-x60-pipeline-design-factor.html,1,59,ضریب طراحی لولهٔ API 5L X60 طبق ASME B31.8 | پیشرو تجهیز فرتاک,62,152,https://pishtaj.ir/knowledge-center/kc-api-5l-x60-pipeline-design-factor.html,بله,2,7,4,Answer|BreadcrumbList|FAQPage|ImageObject|ListItem|Organization|Question|WebPage,2,7071,
knowledge-center/kc-api-610-pump-curve-reading-guide.html,1,69,خواندن منحنی پمپ API 610 | پیشرو تجهیز فرتاک,44,155,https://pishtaj.ir/knowledge-center/kc-api-610-pump-curve-reading-guide.html,بله,2,7,4,Answer|BreadcrumbList|FAQPage|ImageObject|ListItem|Organization|Question|WebPage,5,7518,
knowledge-center/kc-api-610.html,1,47,راهنمای کامل پمپ‌های سانتریفیوژ فرایندی API 610,47,150,https://pishtaj.ir/knowledge-center/kc-api-610.html,بله,2,7,4,Answer|BreadcrumbList|FAQPage|ImageObject|ListItem|Organization|Question|WebPage,7,3723,canonical مشترک با 2 صفحه
knowledge-center/kc-api-617-surge-control-antisurge.html,1,63,کنترل سرج کمپرسور API 617 | پیشرو تجهیز فرتاک,45,96,https://pishtaj.ir/knowledge-center/kc-api-617-surge-control-antisurge.html,بله,2,7,4,Answer|BreadcrumbList|FAQPage|ImageObject|ListItem|Organization|Question|WebPage,7,7172,
knowledge-center/kc-api-617.html,1,42,راهنمای کامل کمپرسورهای سانتریفیوژ API 617؛ مشخصات و قیمت | پیشرو,65,161,https://pishtaj.ir/knowledge-center/kc-api-617.html,بله,2,7,4,Answer|Article|BreadcrumbList|FAQPage|ImageObject|ListItem|Organization|Question|WebPage,7,3369,canonical مشترک با 2 صفحه
knowledge-center/kc-api-618-vibration-pulsation-analysis.html,1,53,ارتعاش و پالس کمپرسور API 618 | پیشرو تجهیز فرتاک,49,155,https://pishtaj.ir/knowledge-center/kc-api-618-vibration-pulsation-analysis.html,بله,2,7,4,Answer|BreadcrumbList|FAQPage|ImageObject|ListItem|Organization|Question|WebPage,5,7959,
knowledge-center/kc-api-618.html,1,44,راهنمای کامل کمپرسورهای رفت و برگشتی API 618؛ مشخصات و قیمت,59,163,https://pishtaj.ir/knowledge-center/kc-api-618.html,بله,2,7,4,Answer|Article|BreadcrumbList|FAQPage|ImageObject|ListItem|Organization|Question|WebPage,5,3374,
knowledge-center/kc-astm-a106-gr.html,1,43,لوله ASTM A106 Gr.B؛ مشخصات فنی، کاربرد و نکات خرید,51,138,https://pishtaj.ir/knowledge-center/kc-astm-a106-gr.html,بله,2,7,4,Answer|Article|BreadcrumbList|FAQPage|ImageObject|ListItem|Organization|Question|WebPage,14,5254,canonical مشترک با 3 صفحه
knowledge-center/kc-astm-a106-heat-treatment-requirements.html,1,55,عملیات حرارتی Normalizing لوله A106 | پیشرو تجهیز فرتاک,55,135,https://pishtaj.ir/knowledge-center/kc-astm-a106-heat-treatment-requirements.html,بله,2,7,4,Answer|BreadcrumbList|FAQPage|ImageObject|ListItem|Organization|Question|WebPage,4,7630,
knowledge-center/kc-ball-valve-api-6d-fire-safe-design.html,1,39,طراحی Fire-Safe شیر توپی API 6D | پیشرو تجهیز فرتاک,51,144,https://pishtaj.ir/knowledge-center/kc-ball-valve-api-6d-fire-safe-design.html,بله,2,7,4,Answer|BreadcrumbList|FAQPage|ImageObject|ListItem|Organization|Question|WebPage,2,7542,
knowledge-center/kc-ball-valve-seat-material-selection.html,1,57,متریال نشیمنگاه شیر توپی Ball Valve | پیشرو تجهیز فرتاک,55,147,https://pishtaj.ir/knowledge-center/kc-ball-valve-seat-material-selection.html,بله,2,7,4,Answer|BreadcrumbList|FAQPage|ImageObject|ListItem|Organization|Question|WebPage,6,7466,
knowledge-center/kc-ball-valve.html,1,44,راهنمای کامل شیرهای Ball Valve؛ مشخصات و قیمت | پیشرو تجهیز فرتاک,65,163,https://pishtaj.ir/knowledge-center/kc-ball-valve.html,بله,2,7,4,Answer|Article|BreadcrumbList|FAQPage|ImageObject|ListItem|Organization|Question|WebPage,17,2420,
knowledge-center/kc-bms-integration-fire-alarm-hvac.html,1,51,یکپارچه‌سازی BMS با اعلام حریق و HVAC | پیشرو تجهیز فرتاک,57,147,https://pishtaj.ir/knowledge-center/kc-bms-integration-fire-alarm-hvac.html,بله,2,7,4,Answer|BreadcrumbList|FAQPage|ImageObject|ListItem|Organization|Question|WebPage,3,7521,
knowledge-center/kc-bms.html,1,48,راهنمای کامل سیستم اتوماسیون ساختمان (BMS) صنعتی,48,151,https://pishtaj.ir/knowledge-center/kc-bms.html,بله,2,7,4,Answer|Article|BreadcrumbList|FAQPage|ImageObject|ListItem|Organization|Question|WebPage,2,2458,
knowledge-center/kc-boiler-water-treatment-scale-prevention.html,1,66,تصفیهٔ آب بویلر و پیشگیری از رسوب‌گذاری | پیشرو تجهیز فرتاک,59,148,https://pishtaj.ir/knowledge-center/kc-boiler-water-treatment-scale-prevention.html,بله,2,7,4,Answer|BreadcrumbList|FAQPage|ImageObject|ListItem|Organization|Question|WebPage,2,7183,
knowledge-center/kc-butterfly-valve-offset.html,1,50,راهنمای کامل شیرهای Butterfly Valve؛ مشخصات و قیمت | پیشرو تجهیز,64,153,https://pishtaj.ir/knowledge-center/kc-butterfly-valve-offset.html,بله,2,7,4,Answer|Article|BreadcrumbList|FAQPage|ImageObject|ListItem|Organization|Question|WebPage,2,2641,
knowledge-center/kc-butterfly-valve-torque-actuator-sizing.html,1,54,گشتاور شیر Butterfly و انتخاب اکچویتور | پیشرو تجهیز فرتاک,58,150,https://pishtaj.ir/knowledge-center/kc-butterfly-valve-torque-actuator-sizing.html,بله,2,7,4,Answer|BreadcrumbList|FAQPage|ImageObject|ListItem|Organization|Question|WebPage,3,7791,
knowledge-center/kc-cable-tray-cable-duct.html,1,45,راهنمای کامل کانال‌های کابل و سینی کابل صنعتی؛ مشخصات و قیمت,60,164,https://pishtaj.ir/knowledge-center/kc-cable-tray-cable-duct.html,بله,2,7,4,Answer|Article|BreadcrumbList|FAQPage|ImageObject|ListItem|Organization|Question|WebPage,2,2489,
knowledge-center/kc-cctv-camera-selection-hazardous-area.html,1,65,انتخاب دوربین CCTV ضدانفجار برای مناطق خطرناک | پیشرو تجهیز فرتاک,65,158,https://pishtaj.ir/knowledge-center/kc-cctv-camera-selection-hazardous-area.html,بله,2,7,4,Answer|BreadcrumbList|FAQPage|ImageObject|ListItem|Organization|Question|WebPage,4,7211,
knowledge-center/kc-cctv.html,1,47,راهنمای کامل سیستم دوربین مداربسته صنعتی (CCTV),47,150,https://pishtaj.ir/knowledge-center/kc-cctv.html,بله,2,7,4,Answer|Article|BreadcrumbList|FAQPage|ImageObject|ListItem|Organization|Question|WebPage,3,2523,
knowledge-center/kc-cement-industry-equipment.html,1,53,راهنمای کامل تجهیزات صنایع سیمان؛ مشخصات و قیمت | پیشرو تجهیز,61,156,https://pishtaj.ir/knowledge-center/kc-cement-industry-equipment.html,بله,2,7,4,Answer|Article|BreadcrumbList|FAQPage|ImageObject|ListItem|Organization|Question|WebPage,6,2607,
knowledge-center/kc-cement-kiln-refractory-lining-guide.html,1,53,راهنمای نسوزکاری کورهٔ سیمان Kiln Refractory | پیشرو تجهیز فرتاک,64,147,https://pishtaj.ir/knowledge-center/kc-cement-kiln-refractory-lining-guide.html,بله,2,7,4,Answer|BreadcrumbList|FAQPage|ImageObject|ListItem|Organization|Question|WebPage,4,6884,
knowledge-center/kc-cf8-cf8m-casting-defects-inspection.html,1,53,عیوب ریخته‌گری و بازرسی بدنهٔ شیر CF8/CF8M | پیشرو تجهیز فرتاک,62,159,https://pishtaj.ir/knowledge-center/kc-cf8-cf8m-casting-defects-inspection.html,بله,2,7,4,Answer|BreadcrumbList|FAQPage|ImageObject|ListItem|Organization|Question|WebPage,4,7329,
knowledge-center/kc-cf8-cf8m-cf3m.html,1,57,راهنمای کامل شیرهای صنعتی استینلس استیل؛ مشخصات و قیمت | پیشرو,62,160,https://pishtaj.ir/knowledge-center/kc-cf8-cf8m-cf3m.html,بله,2,7,4,Answer|Article|BreadcrumbList|FAQPage|ImageObject|ListItem|Organization|Question|WebPage,4,2472,
knowledge-center/kc-chemical-injection-pump-metering-accuracy.html,1,46,دقت اندازه‌گیری پمپ تزریق مواد شیمیایی | پیشرو تجهیز فرتاک,58,145,https://pishtaj.ir/knowledge-center/kc-chemical-injection-pump-metering-accuracy.html,بله,2,7,4,Answer|BreadcrumbList|FAQPage|ImageObject|ListItem|Organization|Question|WebPage,6,7553,
knowledge-center/kc-chemical-injection.html,1,58,راهنمای کامل سیستم تزریق مواد شیمیایی (Chemical Injection),58,161,https://pishtaj.ir/knowledge-center/kc-chemical-injection.html,بله,2,7,4,Answer|Article|BreadcrumbList|FAQPage|ImageObject|ListItem|Organization|Question|WebPage,4,2791,
knowledge-center/kc-class-900-class-2500.html,1,54,راهنمای کامل فلنج‌های فشار قوی Class 900 تا Class 2500,54,157,https://pishtaj.ir/knowledge-center/kc-class-900-class-2500.html,بله,2,7,4,Answer|Article|BreadcrumbList|FAQPage|ImageObject|ListItem|Organization|Question|WebPage,4,3373,
knowledge-center/kc-cold-drawn-hot-rolled-dimensional-tolerance.html,1,80,تلورانس ابعادی لولهٔ کشش سرد و نورد گرم | پیشرو تجهیز فرتاک,59,149,https://pishtaj.ir/knowledge-center/kc-cold-drawn-hot-rolled-dimensional-tolerance.html,بله,2,7,4,Answer|BreadcrumbList|FAQPage|ImageObject|ListItem|Organization|Question|WebPage,1,7301,
knowledge-center/kc-commissioning-punch-list-management.html,1,54,مدیریت Punch List در Commissioning | پیشرو تجهیز فرتاک,54,155,https://pishtaj.ir/knowledge-center/kc-commissioning-punch-list-management.html,بله,2,7,4,Answer|BreadcrumbList|FAQPage|ImageObject|ListItem|Organization|Question|WebPage,4,7451,
knowledge-center/kc-commissioning.html,1,69,راهنمای کامل تجهیزات تست و راه‌اندازی پروژه‌های صنعتی,53,141,https://pishtaj.ir/knowledge-center/kc-commissioning.html,بله,2,7,4,Answer|Article|BreadcrumbList|FAQPage|ImageObject|ListItem|Organization|Question|WebPage,3,2698,
knowledge-center/kc-compressed-air-system.html,1,35,راهنمای کامل سیستم هوای فشرده صنعتی؛ مشخصات و قیمت | پیشرو تجهیز,64,154,https://pishtaj.ir/knowledge-center/kc-compressed-air-system.html,بله,2,7,4,Answer|Article|BreadcrumbList|FAQPage|ImageObject|ListItem|Organization|Question|WebPage,7,2584,
knowledge-center/kc-compressor-selection-screw-vs-reciprocating.html,1,67,مقایسهٔ کمپرسور اسکرو و رفت‌وبرگشتی | پیشرو تجهیز فرتاک,55,146,https://pishtaj.ir/knowledge-center/kc-compressor-selection-screw-vs-reciprocating.html,بله,2,7,4,Answer|BreadcrumbList|FAQPage|ImageObject|ListItem|Organization|Question|WebPage,5,7809,
knowledge-center/kc-control-room-equipment-standards.html,1,53,راهنمای کامل اتاق کنترل صنعتی؛ مشخصات و قیمت | پیشرو تجهیز فرتاک,64,156,https://pishtaj.ir/knowledge-center/kc-control-room-equipment-standards.html,بله,2,7,4,Answer|Article|BreadcrumbList|FAQPage|ImageObject|ListItem|Organization|Question|WebPage,3,2659,
knowledge-center/kc-control-valve-noise-prediction-iec-60534.html,1,67,پیش‌بینی نویز آیرودینامیک کنترل ولو IEC 60534 | پیشرو تجهیز فرتاک,65,151,https://pishtaj.ir/knowledge-center/kc-control-valve-noise-prediction-iec-60534.html,بله,2,7,4,Answer|BreadcrumbList|FAQPage|ImageObject|ListItem|Organization|Question|WebPage,2,7184,
knowledge-center/kc-control-valve-rangeability-turndown.html,1,58,رنج‌پذیری و نسبت Turndown کنترل ولو | پیشرو تجهیز فرتاک,55,142,https://pishtaj.ir/knowledge-center/kc-control-valve-rangeability-turndown.html,بله,2,7,4,Answer|BreadcrumbList|FAQPage|ImageObject|ListItem|Organization|Question|WebPage,2,7211,
knowledge-center/kc-cooling-water-legionella-control.html,1,62,کنترل لژیونلا در سیستم آب خنک‌کننده | پیشرو تجهیز فرتاک,55,158,https://pishtaj.ir/knowledge-center/kc-cooling-water-legionella-control.html,بله,2,7,4,Answer|BreadcrumbList|FAQPage|ImageObject|ListItem|Organization|Question|WebPage,3,7474,
knowledge-center/kc-cooling-water.html,1,53,راهنمای کامل سیستم آب خنک‌کننده صنعتی (Cooling Water),53,156,https://pishtaj.ir/knowledge-center/kc-cooling-water.html,بله,2,7,4,Answer|Article|BreadcrumbList|FAQPage|ImageObject|ListItem|Organization|Question|WebPage,2,2527,
knowledge-center/kc-crude-oil-products-storage-system.html,1,56,راهنمای کامل سیستم ذخیره‌سازی نفت خام و فرآورده‌های نفتی,56,159,https://pishtaj.ir/knowledge-center/kc-crude-oil-products-storage-system.html,بله,2,7,4,Answer|Article|BreadcrumbList|FAQPage|ImageObject|ListItem|Organization|Question|WebPage,1,2879,
knowledge-center/kc-ct-pt-accuracy-class-burden.html,1,42,کلاس دقت و بار مجاز CT/PT | پیشرو تجهیز فرتاک,45,143,https://pishtaj.ir/knowledge-center/kc-ct-pt-accuracy-class-burden.html,بله,2,7,4,Answer|BreadcrumbList|FAQPage|ImageObject|ListItem|Organization|Question|WebPage,3,6964,
knowledge-center/kc-ct-pt.html,1,53,راهنمای کامل ترانسفورماتورهای جریان (CT) و ولتاژ (PT),53,156,https://pishtaj.ir/knowledge-center/kc-ct-pt.html,بله,2,7,4,Answer|Article|BreadcrumbList|FAQPage|ImageObject|ListItem|Organization|Question|WebPage,2,2572,
knowledge-center/kc-customs-clearance-hs-code-tariff-guide.html,1,56,راهنمای کد HS و تعرفهٔ گمرکی تجهیزات صنعتی | پیشرو تجهیز فرتاک,62,144,https://pishtaj.ir/knowledge-center/kc-customs-clearance-hs-code-tariff-guide.html,بله,2,7,4,Answer|BreadcrumbList|FAQPage|ImageObject|ListItem|Organization|Question|WebPage,6,7385,
knowledge-center/kc-customs-clearance.html,1,38,راهنمای کامل ترخیص گمرکی کالاهای صنعتی؛ مشخصات و قیمت | پیشرو,61,157,https://pishtaj.ir/knowledge-center/kc-customs-clearance.html,بله,2,7,4,Answer|Article|BreadcrumbList|FAQPage|ImageObject|ListItem|Organization|Question|WebPage,3,2463,canonical مشترک با 2 صفحه
knowledge-center/kc-cv-actuator.html,1,55,راهنمای کامل شیرهای کنترل؛ مشخصات و قیمت | پیشرو تجهیز فرتاک,60,158,https://pishtaj.ir/knowledge-center/kc-cv-actuator.html,بله,2,7,4,Answer|Article|BreadcrumbList|FAQPage|ImageObject|ListItem|Organization|Question|WebPage,4,2435,
knowledge-center/kc-dcs-redundancy-architecture-guide.html,1,45,معماری افزونگی (Redundancy) سیستم DCS | پیشرو تجهیز فرتاک,57,134,https://pishtaj.ir/knowledge-center/kc-dcs-redundancy-architecture-guide.html,بله,2,7,4,Answer|BreadcrumbList|FAQPage|ImageObject|ListItem|Organization|Question|WebPage,2,7537,
knowledge-center/kc-dcs.html,1,39,راهنمای کامل سیستم DCS در صنایع فرایندی؛ مشخصات و قیمت | پیشرو,62,158,https://pishtaj.ir/knowledge-center/kc-dcs.html,بله,2,7,4,Answer|Article|BreadcrumbList|FAQPage|ImageObject|ListItem|Organization|Question|WebPage,4,2512,canonical مشترک با 2 صفحه
knowledge-center/kc-desalter-electrostatic-grid-troubleshooting.html,1,55,عیب‌یابی شبکهٔ الکترواستاتیک دیسالتر | پیشرو تجهیز فرتاک,56,137,https://pishtaj.ir/knowledge-center/kc-desalter-electrostatic-grid-troubleshooting.html,بله,2,7,4,Answer|BreadcrumbList|FAQPage|ImageObject|ListItem|Organization|Question|WebPage,4,7272,
knowledge-center/kc-desalter.html,1,49,راهنمای کامل تجهیزات نمک‌زدایی نفت خام (Desalter),49,152,https://pishtaj.ir/knowledge-center/kc-desalter.html,بله,2,7,4,Answer|Article|BreadcrumbList|FAQPage|ImageObject|ListItem|Organization|Question|WebPage,2,2499,
knowledge-center/kc-earthing-grid-resistance-testing.html,1,64,تست مقاومت شبکهٔ زمین (Earthing Grid) | پیشرو تجهیز فرتاک,57,144,https://pishtaj.ir/knowledge-center/kc-earthing-grid-resistance-testing.html,بله,2,7,4,Answer|BreadcrumbList|FAQPage|ImageObject|ListItem|Organization|Question|WebPage,5,7479,
knowledge-center/kc-earthing.html,1,55,راهنمای کامل سیستم اتصال به زمین (Earthing) پست‌های برق,55,158,https://pishtaj.ir/knowledge-center/kc-earthing.html,بله,2,7,4,Answer|Article|BreadcrumbList|FAQPage|ImageObject|ListItem|Organization|Question|WebPage,3,2542,canonical مشترک با 2 صفحه
knowledge-center/kc-energy-management-oil-gas.html,1,44,راهنمای کامل مدیریت انرژی در صنایع نفت و گاز؛ مشخصات و قیمت,59,163,https://pishtaj.ir/knowledge-center/kc-energy-management-oil-gas.html,بله,2,7,4,Answer|Article|BreadcrumbList|FAQPage|ImageObject|ListItem|Organization|Question|WebPage,4,2788,
knowledge-center/kc-erw-hfw-weld-seam-inspection.html,1,41,بازرسی درز جوش لوله ERW و HFW | پیشرو تجهیز فرتاک,49,145,https://pishtaj.ir/knowledge-center/kc-erw-hfw-weld-seam-inspection.html,بله,2,7,4,Answer|BreadcrumbList|FAQPage|ImageObject|ListItem|Organization|Question|WebPage,3,7698,
knowledge-center/kc-erw-hfw.html,1,36,راهنمای کامل لوله‌های جوشی ERW و HFW؛ مشخصات و قیمت | پیشرو تجهیز,65,155,https://pishtaj.ir/knowledge-center/kc-erw-hfw.html,بله,2,7,4,Answer|Article|BreadcrumbList|FAQPage|ImageObject|ListItem|Organization|Question|WebPage,3,2597,
knowledge-center/kc-esd-fire-gas-sil-rated-design.html,1,61,طراحی سیستم ESD/F&G بر اساس SIL | پیشرو تجهیز فرتاک,51,164,https://pishtaj.ir/knowledge-center/kc-esd-fire-gas-sil-rated-design.html,بله,2,7,4,Answer|BreadcrumbList|FAQPage|ImageObject|ListItem|Organization|Question|WebPage,8,7295,
knowledge-center/kc-esd-fire-gas.html,1,49,راهنمای کامل سیستم ESD و Fire &amp; Gas (F&amp;G),49,152,https://pishtaj.ir/knowledge-center/kc-esd-fire-gas.html,بله,2,7,4,Answer|Article|BreadcrumbList|FAQPage|ImageObject|ListItem|Organization|Question|WebPage,3,2469,
knowledge-center/kc-explosion-proof-lighting-zone-classification.html,1,57,روشنایی ضدانفجار و تطبیق با طبقه‌بندی مناطق | پیشرو تجهیز فرتاک,63,163,https://pishtaj.ir/knowledge-center/kc-explosion-proof-lighting-zone-classification.html,بله,2,7,4,Answer|BreadcrumbList|FAQPage|ImageObject|ListItem|Organization|Question|WebPage,3,7407,
knowledge-center/kc-fcc-catalyst-regeneration-process.html,1,65,فرآیند احیای کاتالیست در واحد FCC | پیشرو تجهیز فرتاک,53,150,https://pishtaj.ir/knowledge-center/kc-fcc-catalyst-regeneration-process.html,بله,2,7,4,Answer|BreadcrumbList|FAQPage|ImageObject|ListItem|Organization|Question|WebPage,5,7542,
knowledge-center/kc-fcc-unit.html,1,49,راهنمای کامل تجهیزات کراکینگ کاتالیستی (FCC Unit),49,152,https://pishtaj.ir/knowledge-center/kc-fcc-unit.html,بله,2,7,4,Answer|Article|BreadcrumbList|FAQPage|ImageObject|ListItem|Organization|Question|WebPage,2,2489,
knowledge-center/kc-fire-alarm-detection-system.html,1,46,راهنمای کامل سیستم آتش‌نشان و اعلام حریق صنعتی,46,149,https://pishtaj.ir/knowledge-center/kc-fire-alarm-detection-system.html,بله,2,7,4,Answer|Article|BreadcrumbList|FAQPage|ImageObject|ListItem|Organization|Question|WebPage,1,2743,
knowledge-center/kc-fire-suppression-agent-selection-guide.html,1,54,راهنمای انتخاب عامل اطفاء حریق صنعتی | پیشرو تجهیز فرتاک,56,162,https://pishtaj.ir/knowledge-center/kc-fire-suppression-agent-selection-guide.html,بله,2,7,4,Answer|BreadcrumbList|FAQPage|ImageObject|ListItem|Organization|Question|WebPage,3,5748,
knowledge-center/kc-flange-class-900-2500-bolt-torque-table.html,1,57,جدول گشتاور پیچ فلنج Class 900 تا 2500 | پیشرو تجهیز فرتاک,58,151,https://pishtaj.ir/knowledge-center/kc-flange-class-900-2500-bolt-torque-table.html,بله,2,7,4,Answer|BreadcrumbList|FAQPage|ImageObject|ListItem|Organization|Question|WebPage,5,7250,
knowledge-center/kc-flare-burner-equipment.html,1,37,راهنمای کامل تجهیزات فلر و مشعل صنعتی؛ مشخصات و قیمت | پیشرو,60,156,https://pishtaj.ir/knowledge-center/kc-flare-burner-equipment.html,بله,2,7,4,Answer|Article|BreadcrumbList|FAQPage|ImageObject|ListItem|Organization|Question|WebPage,1,2728,
knowledge-center/kc-flowmeter-selection-by-fluid-application.html,1,47,راهنمای انتخاب فلومتر بر اساس نوع سیال | پیشرو تجهیز فرتاک,58,144,https://pishtaj.ir/knowledge-center/kc-flowmeter-selection-by-fluid-application.html,بله,2,7,4,Answer|BreadcrumbList|FAQPage|ImageObject|ListItem|Organization|Question|WebPage,9,7425,
knowledge-center/kc-flowmeters-10-methods.html,1,53,راهنمای کامل فلومترهای صنعتی؛ مشخصات و قیمت | پیشرو تجهیز فرتاک,63,156,https://pishtaj.ir/knowledge-center/kc-flowmeters-10-methods.html,بله,2,7,4,Answer|Article|BreadcrumbList|FAQPage|ImageObject|ListItem|Organization|Question|WebPage,7,2657,
knowledge-center/kc-fm200-co2-foam-water.html,1,61,راهنمای کامل سیستم اطفاء حریق صنعتی؛ مشخصات و قیمت | پیشرو تجهیز,64,160,https://pishtaj.ir/knowledge-center/kc-fm200-co2-foam-water.html,بله,2,7,4,Answer|Article|BreadcrumbList|FAQPage|ImageObject|ListItem|Organization|Question|WebPage,4,2408,
knowledge-center/kc-gas-analyzer-calibration-zero-span.html,1,45,کالیبراسیون Zero و Span آنالایزر گازی | پیشرو تجهیز فرتاک,57,156,https://pishtaj.ir/knowledge-center/kc-gas-analyzer-calibration-zero-span.html,بله,2,7,4,Answer|BreadcrumbList|FAQPage|ImageObject|ListItem|Organization|Question|WebPage,3,7768,
knowledge-center/kc-gas-dehydration-teg.html,1,56,راهنمای کامل تجهیزات آب‌گیری گاز (Gas Dehydration - TEG),56,159,https://pishtaj.ir/knowledge-center/kc-gas-dehydration-teg.html,بله,2,7,4,Answer|Article|BreadcrumbList|FAQPage|ImageObject|ListItem|Organization|Question|WebPage,3,2511,
knowledge-center/kc-gas-sweetening-amine.html,1,60,راهنمای کامل تجهیزات شیرین‌سازی گاز (Gas Sweetening - Amine),60,159,https://pishtaj.ir/knowledge-center/kc-gas-sweetening-amine.html,بله,2,7,4,Answer|Article|BreadcrumbList|FAQPage|ImageObject|ListItem|Organization|Question|WebPage,5,2515,
knowledge-center/kc-gasket-selection-by-fluid-temperature.html,1,45,انتخاب گسکت بر اساس سیال و دما | پیشرو تجهیز فرتاک,50,159,https://pishtaj.ir/knowledge-center/kc-gasket-selection-by-fluid-temperature.html,بله,2,7,4,Answer|BreadcrumbList|FAQPage|ImageObject|ListItem|Organization|Question|WebPage,6,7650,
knowledge-center/kc-gate-valve-api-600-flexible-wedge-design.html,1,66,طراحی گوهٔ منعطف در شیر دروازه‌ای API 600 | پیشرو تجهیز فرتاک,61,144,https://pishtaj.ir/knowledge-center/kc-gate-valve-api-600-flexible-wedge-design.html,بله,2,7,4,Answer|BreadcrumbList|FAQPage|ImageObject|ListItem|Organization|Question|WebPage,2,7578,
knowledge-center/kc-gate-valve-wedge-parallel-slide.html,1,61,راهنمای کامل شیرهای Gate Valve؛ مشخصات و قیمت | پیشرو تجهیز فرتاک,65,160,https://pishtaj.ir/knowledge-center/kc-gate-valve-wedge-parallel-slide.html,بله,2,7,4,Answer|Article|BreadcrumbList|FAQPage|ImageObject|ListItem|Organization|Question|WebPage,5,2420,
knowledge-center/kc-gate-valve-wedge-sticking-troubleshooting.html,1,54,گیرکردن گوه شیر دروازه‌ای | پیشرو تجهیز فرتاک,45,154,https://pishtaj.ir/knowledge-center/kc-gate-valve-wedge-sticking-troubleshooting.html,بله,2,7,4,Answer|BreadcrumbList|FAQPage|ImageObject|ListItem|Organization|Question|WebPage,4,7703,
knowledge-center/kc-gauge-absolute-differential.html,1,65,راهنمای کامل ترانسمیتر فشار؛ مشخصات و قیمت | پیشرو تجهیز فرتاک,62,137,https://pishtaj.ir/knowledge-center/kc-gauge-absolute-differential.html,بله,2,7,4,Answer|Article|BreadcrumbList|FAQPage|ImageObject|ListItem|Organization|Question|WebPage,2,2374,
knowledge-center/kc-gc-ph-o2-h2s.html,1,50,راهنمای کامل آنالایزرهای فرآیندی؛ مشخصات و قیمت | پیشرو تجهیز,61,153,https://pishtaj.ir/knowledge-center/kc-gc-ph-o2-h2s.html,بله,2,7,4,Answer|Article|BreadcrumbList|FAQPage|ImageObject|ListItem|Organization|Question|WebPage,3,2603,
knowledge-center/kc-globe-valve-flow-direction-guide.html,1,37,جهت صحیح نصب شیر Globe Valve | پیشرو تجهیز فرتاک,48,137,https://pishtaj.ir/knowledge-center/kc-globe-valve-flow-direction-guide.html,بله,2,7,4,Answer|BreadcrumbList|FAQPage|ImageObject|ListItem|Organization|Question|WebPage,5,7476,
knowledge-center/kc-globe-valve-type-type.html,1,55,راهنمای کامل شیرهای Globe Valve؛ مشخصات و قیمت | پیشرو تجهیز,60,158,https://pishtaj.ir/knowledge-center/kc-globe-valve-type-type.html,بله,2,7,4,Answer|Article|BreadcrumbList|FAQPage|ImageObject|ListItem|Organization|Question|WebPage,4,2392,
knowledge-center/kc-heat-exchanger-tema-class-selection.html,1,50,راهنمای انتخاب کلاس TEMA مبدل حرارتی | پیشرو تجهیز فرتاک,56,143,https://pishtaj.ir/knowledge-center/kc-heat-exchanger-tema-class-selection.html,بله,2,7,4,Answer|BreadcrumbList|FAQPage|ImageObject|ListItem|Organization|Question|WebPage,6,7406,
knowledge-center/kc-heat-tracing-power-calculation-guide.html,1,62,محاسبهٔ توان سیستم Heat Tracing لوله | پیشرو تجهیز فرتاک,56,147,https://pishtaj.ir/knowledge-center/kc-heat-tracing-power-calculation-guide.html,بله,2,7,4,Answer|BreadcrumbList|FAQPage|ImageObject|ListItem|Organization|Question|WebPage,2,6834,
knowledge-center/kc-heat-tracing.html,1,54,راهنمای کامل سیستم گرمایش الکتریکی (Heat Tracing) لوله,54,157,https://pishtaj.ir/knowledge-center/kc-heat-tracing.html,بله,2,7,4,Answer|Article|BreadcrumbList|FAQPage|ImageObject|ListItem|Organization|Question|WebPage,2,2610,
knowledge-center/kc-hse-permit-to-work-system-guide.html,1,56,سیستم مجوز کار (Permit to Work) صنعتی | پیشرو تجهیز فرتاک,57,138,https://pishtaj.ir/knowledge-center/kc-hse-permit-to-work-system-guide.html,بله,2,7,4,Answer|BreadcrumbList|FAQPage|ImageObject|ListItem|Organization|Question|WebPage,3,7088,
knowledge-center/kc-hse.html,1,54,راهنمای کامل سیستم مدیریت ایمنی (HSE) در صنایع فرایندی,54,157,https://pishtaj.ir/knowledge-center/kc-hse.html,بله,2,7,4,Answer|Article|BreadcrumbList|FAQPage|ImageObject|ListItem|Organization|Question|WebPage,4,2547,
knowledge-center/kc-hvac-pressurization-control-room.html,1,64,فشار مثبت اتاق کنترل طبق NFPA 496 | پیشرو تجهیز فرتاک,53,138,https://pishtaj.ir/knowledge-center/kc-hvac-pressurization-control-room.html,بله,2,7,4,Answer|BreadcrumbList|FAQPage|ImageObject|ListItem|Organization|Question|WebPage,5,6782,
knowledge-center/kc-hvac.html,1,52,راهنمای کامل سیستم تهویه صنعتی (HVAC) و فن‌های صنعتی,52,155,https://pishtaj.ir/knowledge-center/kc-hvac.html,بله,2,7,4,Answer|Article|BreadcrumbList|FAQPage|ImageObject|ListItem|Organization|Question|WebPage,3,2505,
knowledge-center/kc-hydraulic-control-valves.html,1,34,راهنمای کامل شیرهای کنترل هیدرولیک؛ مشخصات و قیمت | پیشرو تجهیز,63,153,https://pishtaj.ir/knowledge-center/kc-hydraulic-control-valves.html,بله,2,7,4,Answer|Article|BreadcrumbList|FAQPage|ImageObject|ListItem|Organization|Question|WebPage,3,2667,
knowledge-center/kc-hydrotest-pressure-holding-time-calculation.html,1,57,محاسبهٔ فشار تست و زمان نگه‌داشت هیدرواستاتیک | پیشرو تجهیز فرتاک,65,147,https://pishtaj.ir/knowledge-center/kc-hydrotest-pressure-holding-time-calculation.html,بله,2,7,4,Answer|BreadcrumbList|FAQPage|ImageObject|ListItem|Organization|Question|WebPage,2,7290,
knowledge-center/kc-incoterms-2024.html,1,62,راهنمای کامل اینکوترمز (Incoterms) 2024 در تامین تجهیزات صنعتی,62,161,https://pishtaj.ir/knowledge-center/kc-incoterms-2024.html,بله,2,7,4,Answer|Article|BreadcrumbList|FAQPage|ImageObject|ListItem|Organization|Question|WebPage,5,2685,canonical مشترک با 2 صفحه
knowledge-center/kc-incoterms-fob-cif-risk-transfer-comparison.html,1,54,مقایسهٔ انتقال ریسک در ترم‌های FOB و CIF | پیشرو تجهیز فرتاک,60,158,https://pishtaj.ir/knowledge-center/kc-incoterms-fob-cif-risk-transfer-comparison.html,بله,2,7,4,Answer|BreadcrumbList|FAQPage|ImageObject|ListItem|Organization|Question|WebPage,7,6730,
knowledge-center/kc-industrial-equipment-export.html,1,56,راهنمای کامل صادرات تجهیزات صنعتی به بازارهای بین‌المللی,56,159,https://pishtaj.ir/knowledge-center/kc-industrial-equipment-export.html,بله,2,7,4,Answer|Article|BreadcrumbList|FAQPage|ImageObject|ListItem|Organization|Question|WebPage,2,2835,
knowledge-center/kc-industrial-laboratory-equipment.html,1,37,راهنمای کامل تجهیزات آزمایشگاهی صنعتی؛ مشخصات و قیمت | پیشرو,60,156,https://pishtaj.ir/knowledge-center/kc-industrial-laboratory-equipment.html,بله,2,7,4,Answer|Article|BreadcrumbList|FAQPage|ImageObject|ListItem|Organization|Question|WebPage,2,2676,
knowledge-center/kc-industrial-material-handling-transport.html,1,46,حمل تجهیزات صنعتی و جابجایی مواد؛ راهنمای کامل | پیشرو تجهیز,60,154,https://pishtaj.ir/knowledge-center/kc-industrial-material-handling-transport.html,بله,2,7,4,Answer|Article|BreadcrumbList|FAQPage|ImageObject|ListItem|Organization|Question|WebPage,5,2500,
knowledge-center/kc-industrial-power-cable-sizing.html,1,59,راهنمای کامل کابل‌های قدرت صنعتی؛ مشخصات و قیمت | پیشرو تجهیز,61,162,https://pishtaj.ir/knowledge-center/kc-industrial-power-cable-sizing.html,بله,2,7,4,Answer|Article|BreadcrumbList|FAQPage|ImageObject|ListItem|Organization|Question|WebPage,4,2407,
knowledge-center/kc-instrumentation-communication-protocols.html,1,42,راهنمای کامل پروتکل‌های ارتباطی ابزار دقیق؛ مشخصات و قیمت | پیشرو,65,161,https://pishtaj.ir/knowledge-center/kc-instrumentation-communication-protocols.html,بله,2,7,4,Answer|Article|BreadcrumbList|FAQPage|ImageObject|ListItem|Organization|Question|WebPage,4,2830,canonical مشترک با 3 صفحه
knowledge-center/kc-instrumentation-control-cables.html,1,46,راهنمای کامل کابل‌های ابزار دقیق و کنترل صنعتی,46,149,https://pishtaj.ir/knowledge-center/kc-instrumentation-control-cables.html,بله,2,7,4,Answer|Article|BreadcrumbList|FAQPage|ImageObject|ListItem|Organization|Question|WebPage,5,2462,
knowledge-center/kc-international-lc-payment-terms-guide.html,1,59,راهنمای اعتبار اسنادی (LC) در خرید بین‌المللی | پیشرو تجهیز فرتاک,65,149,https://pishtaj.ir/knowledge-center/kc-international-lc-payment-terms-guide.html,بله,2,7,4,Answer|BreadcrumbList|FAQPage|ImageObject|ListItem|Organization|Question|WebPage,6,6924,
knowledge-center/kc-international-marketing-oil-gas.html,1,52,راهنمای کامل بازاریابی بین‌المللی در صنایع نفت و گاز,52,155,https://pishtaj.ir/knowledge-center/kc-international-marketing-oil-gas.html,بله,2,7,4,Answer|Article|BreadcrumbList|FAQPage|ImageObject|ListItem|Organization|Question|WebPage,5,2876,
knowledge-center/kc-international-supply-contracts.html,1,54,راهنمای کامل قراردادهای تامین بین‌المللی تجهیزات صنعتی,54,157,https://pishtaj.ir/knowledge-center/kc-international-supply-contracts.html,بله,2,7,4,Answer|Article|BreadcrumbList|FAQPage|ImageObject|ListItem|Organization|Question|WebPage,10,2612,
knowledge-center/kc-intrusion-detection-access-control.html,1,50,راهنمای کامل سیستم اعلام سرقت و کنترل دسترسی صنعتی,50,153,https://pishtaj.ir/knowledge-center/kc-intrusion-detection-access-control.html,بله,2,7,4,Answer|Article|BreadcrumbList|FAQPage|ImageObject|ListItem|Organization|Question|WebPage,3,2512,
knowledge-center/kc-lap-joint-stub-end-rotation-installation.html,1,56,نصب و چرخش صحیح فلنج Lap Joint روی Stub End | پیشرو تجهیز فرتاک,63,145,https://pishtaj.ir/knowledge-center/kc-lap-joint-stub-end-rotation-installation.html,بله,2,7,4,Answer|BreadcrumbList|FAQPage|ImageObject|ListItem|Organization|Question|WebPage,3,7085,
knowledge-center/kc-led.html,1,56,راهنمای کامل سیستم روشنایی صنعتی؛ مشخصات و قیمت | پیشرو تجهیز,61,159,https://pishtaj.ir/knowledge-center/kc-led.html,بله,2,7,4,Answer|Article|BreadcrumbList|FAQPage|ImageObject|ListItem|Organization|Question|WebPage,2,2360,
knowledge-center/kc-level-measurement-6-methods.html,1,60,راهنمای کامل اندازه‌گیری سطح در صنایع نفت و گاز,47,159,https://pishtaj.ir/knowledge-center/kc-level-measurement-6-methods.html,بله,2,7,4,Answer|Article|BreadcrumbList|FAQPage|ImageObject|ListItem|Organization|Question|WebPage,2,2652,canonical مشترک با 3 صفحه
knowledge-center/kc-lightning-arrester-coordination-study.html,1,62,مطالعهٔ هماهنگی برقگیر صنعتی | پیشرو تجهیز فرتاک,48,149,https://pishtaj.ir/knowledge-center/kc-lightning-arrester-coordination-study.html,بله,2,7,4,Answer|BreadcrumbList|FAQPage|ImageObject|ListItem|Organization|Question|WebPage,5,7400,
knowledge-center/kc-lightning-protection-arrester.html,1,54,راهنمای کامل برقگیر و سیستم حفاظت در برابر صاعقه صنعتی,54,157,https://pishtaj.ir/knowledge-center/kc-lightning-protection-arrester.html,بله,2,7,4,Answer|Article|BreadcrumbList|FAQPage|ImageObject|ListItem|Organization|Question|WebPage,4,2687,
knowledge-center/kc-lng-boil-off-gas-management.html,1,58,مدیریت گاز تبخیرشدهٔ LNG (Boil-Off Gas) | پیشرو تجهیز فرتاک,59,144,https://pishtaj.ir/knowledge-center/kc-lng-boil-off-gas-management.html,بله,2,7,4,Answer|BreadcrumbList|FAQPage|ImageObject|ListItem|Organization|Question|WebPage,3,7265,
knowledge-center/kc-load-cell-calibration-procedure.html,1,45,کالیبراسیون لودسل با وزنه مرجع OIML | پیشرو تجهیز فرتاک,55,144,https://pishtaj.ir/knowledge-center/kc-load-cell-calibration-procedure.html,بله,2,7,4,Answer|BreadcrumbList|FAQPage|ImageObject|ListItem|Organization|Question|WebPage,3,7834,
knowledge-center/kc-load-cell.html,1,50,راهنمای کامل لودسل (Load Cell) و سیستم توزین صنعتی,50,153,https://pishtaj.ir/knowledge-center/kc-load-cell.html,بله,2,7,4,Answer|Article|BreadcrumbList|FAQPage|ImageObject|ListItem|Organization|Question|WebPage,2,2534,
knowledge-center/kc-lubrication-oil-analysis-condition-monitoring.html,1,68,آنالیز روغن و پایش وضعیت تجهیزات دوار | پیشرو تجهیز فرتاک,57,147,https://pishtaj.ir/knowledge-center/kc-lubrication-oil-analysis-condition-monitoring.html,بله,2,7,4,Answer|BreadcrumbList|FAQPage|ImageObject|ListItem|Organization|Question|WebPage,5,7403,
knowledge-center/kc-lubrication-system.html,1,55,راهنمای کامل سیستم روغن‌کاری صنعتی (Lubrication System),55,158,https://pishtaj.ir/knowledge-center/kc-lubrication-system.html,بله,2,7,4,Answer|Article|BreadcrumbList|FAQPage|ImageObject|ListItem|Organization|Question|WebPage,6,2556,
knowledge-center/kc-mv-switchgear-arc-flash-study.html,1,66,مطالعهٔ قوس الکتریکی تابلوهای فشار متوسط | پیشرو تجهیز فرتاک,60,146,https://pishtaj.ir/knowledge-center/kc-mv-switchgear-arc-flash-study.html,بله,2,7,4,Answer|BreadcrumbList|FAQPage|ImageObject|ListItem|Organization|Question|WebPage,3,7563,
knowledge-center/kc-mv-switchgear.html,1,52,راهنمای کامل تابلوهای برق فشار متوسط (MV Switchgear),52,155,https://pishtaj.ir/knowledge-center/kc-mv-switchgear.html,بله,2,7,4,Answer|Article|BreadcrumbList|FAQPage|ImageObject|ListItem|Organization|Question|WebPage,6,3031,
knowledge-center/kc-ndt-method-selection-by-defect-type.html,1,47,راهنمای انتخاب روش NDT بر اساس نوع عیب | پیشرو تجهیز فرتاک,58,138,https://pishtaj.ir/knowledge-center/kc-ndt-method-selection-by-defect-type.html,بله,2,7,4,Answer|BreadcrumbList|FAQPage|ImageObject|ListItem|Organization|Question|WebPage,4,7202,
knowledge-center/kc-ndt.html,1,45,راهنمای کامل تست‌های غیرمخرب (NDT) در پایپینگ؛ مشخصات و قیمت,60,164,https://pishtaj.ir/knowledge-center/kc-ndt.html,بله,2,7,4,Answer|Article|BreadcrumbList|FAQPage|ImageObject|ListItem|Organization|Question|WebPage,7,2493,canonical مشترک با 4 صفحه
knowledge-center/kc-ngl-lpg-lng.html,1,51,"راهنمای کامل تجهیزات خطوط گاز طبیعی (NGL, LPG, LNG)",51,154,https://pishtaj.ir/knowledge-center/kc-ngl-lpg-lng.html,بله,2,7,4,Answer|Article|BreadcrumbList|FAQPage|ImageObject|ListItem|Organization|Question|WebPage,4,2761,
knowledge-center/kc-ngl-recovery-turboexpander-process.html,1,51,فرآیند Turboexpander در بازیافت NGL | پیشرو تجهیز فرتاک,55,143,https://pishtaj.ir/knowledge-center/kc-ngl-recovery-turboexpander-process.html,بله,2,7,4,Answer|BreadcrumbList|FAQPage|ImageObject|ListItem|Organization|Question|WebPage,6,7213,
knowledge-center/kc-ngl-recovery.html,1,51,راهنمای کامل تجهیزات خطوط انتقال گاز (NGL Recovery),51,154,https://pishtaj.ir/knowledge-center/kc-ngl-recovery.html,بله,2,7,4,Answer|Article|BreadcrumbList|FAQPage|ImageObject|ListItem|Organization|Question|WebPage,2,2548,
knowledge-center/kc-nitrogen-air-natural-gas.html,1,62,"راهنمای کامل سیستم گازرسانی صنعتی (Nitrogen, Air, Natural Gas)",62,161,https://pishtaj.ir/knowledge-center/kc-nitrogen-air-natural-gas.html,بله,2,7,4,Answer|Article|BreadcrumbList|FAQPage|ImageObject|ListItem|Organization|Question|WebPage,2,2623,
knowledge-center/kc-nitrogen-purging-procedure-safety.html,1,63,رویهٔ ایمن پرج نیتروژن (Nitrogen Purging) | پیشرو تجهیز فرتاک,61,146,https://pishtaj.ir/knowledge-center/kc-nitrogen-purging-procedure-safety.html,بله,2,7,4,Answer|BreadcrumbList|FAQPage|ImageObject|ListItem|Organization|Question|WebPage,6,6876,
knowledge-center/kc-nps-dn-schedule-od-wt.html,1,61,راهنمای کامل ابعاد لوله‌های صنعتی؛ مشخصات و قیمت | پیشرو تجهیز,62,160,https://pishtaj.ir/knowledge-center/kc-nps-dn-schedule-od-wt.html,بله,2,7,4,Answer|Article|BreadcrumbList|FAQPage|ImageObject|ListItem|Organization|Question|WebPage,4,2526,
knowledge-center/kc-offshore-subsea-pipeline-cathodic-protection.html,1,76,حفاظت کاتدی خط لولهٔ زیردریایی Offshore | پیشرو تجهیز فرتاک,59,148,https://pishtaj.ir/knowledge-center/kc-offshore-subsea-pipeline-cathodic-protection.html,بله,2,7,4,Answer|BreadcrumbList|FAQPage|ImageObject|ListItem|Organization|Question|WebPage,4,7246,
knowledge-center/kc-offshore.html,1,55,راهنمای کامل تجهیزات صنایع نفت و گاز فراساحل (Offshore),55,151,https://pishtaj.ir/knowledge-center/kc-offshore.html,بله,2,7,4,Answer|Article|BreadcrumbList|FAQPage|ImageObject|ListItem|Organization|Question|WebPage,2,2840,
knowledge-center/kc-oil-gas-export-terminal-equipment.html,1,49,راهنمای کامل تجهیزات پایانه‌های صادراتی نفت و گاز,49,152,https://pishtaj.ir/knowledge-center/kc-oil-gas-export-terminal-equipment.html,بله,2,7,4,Answer|Article|BreadcrumbList|FAQPage|ImageObject|ListItem|Organization|Question|WebPage,4,2866,
knowledge-center/kc-oil-gas-pipeline-equipment.html,1,47,راهنمای کامل تجهیزات خطوط لوله انتقال نفت و گاز,47,150,https://pishtaj.ir/knowledge-center/kc-oil-gas-pipeline-equipment.html,بله,2,7,4,Answer|Article|BreadcrumbList|FAQPage|ImageObject|ListItem|Organization|Question|WebPage,7,2696,
knowledge-center/kc-oil-refinery-equipment.html,1,70,راهنمای کامل تجهیزات پالایشگاه نفت؛ مشخصات و قیمت | پیشرو تجهیز,63,124,https://pishtaj.ir/knowledge-center/kc-oil-refinery-equipment.html,بله,2,7,4,Answer|Article|BreadcrumbList|FAQPage|ImageObject|ListItem|Organization|Question|WebPage,7,2928,
knowledge-center/kc-olefin-cracking-furnace-coil-design.html,1,64,طراحی کویل کورهٔ کراکینگ الفین | پیشرو تجهیز فرتاک,50,138,https://pishtaj.ir/knowledge-center/kc-olefin-cracking-furnace-coil-design.html,بله,2,7,4,Answer|BreadcrumbList|FAQPage|ImageObject|ListItem|Organization|Question|WebPage,2,7462,
knowledge-center/kc-orifice-plate-beta-ratio-sizing.html,1,63,محاسبهٔ نسبت بتا صفحهٔ اریفیس (ISO 5167) | پیشرو تجهیز فرتاک,60,151,https://pishtaj.ir/knowledge-center/kc-orifice-plate-beta-ratio-sizing.html,بله,2,7,4,Answer|BreadcrumbList|FAQPage|ImageObject|ListItem|Organization|Question|WebPage,3,7351,
knowledge-center/kc-petrochemical-complex-equipment.html,1,62,راهنمای کامل تجهیزات مجتمع پتروشیمی؛ مشخصات و قیمت | پیشرو تجهیز,64,155,https://pishtaj.ir/knowledge-center/kc-petrochemical-complex-equipment.html,بله,2,7,4,Answer|Article|BreadcrumbList|FAQPage|ImageObject|ListItem|Organization|Question|WebPage,4,2740,
knowledge-center/kc-pipe-support-steel-structure.html,1,59,راهنمای کامل سازه فلزی و ساپورت لوله در خطوط لوله کشی صنعتی,59,162,https://pishtaj.ir/knowledge-center/kc-pipe-support-steel-structure.html,بله,2,7,4,Answer|Article|BreadcrumbList|FAQPage|ImageObject|ListItem|Organization|Question|WebPage,4,2596,
knowledge-center/kc-pipe-thermal-insulation.html,1,44,راهنمای کامل عایق‌کاری حرارتی لوله‌های صنعتی؛ مشخصات و قیمت,59,163,https://pishtaj.ir/knowledge-center/kc-pipe-thermal-insulation.html,بله,2,7,4,Answer|Article|BreadcrumbList|FAQPage|ImageObject|ListItem|Organization|Question|WebPage,2,2480,
knowledge-center/kc-pipe-wall-thickness-corrosion-allowance.html,1,64,محاسبهٔ ضخامت لوله و حاشیهٔ خوردگی | پیشرو تجهیز فرتاک,54,145,https://pishtaj.ir/knowledge-center/kc-pipe-wall-thickness-corrosion-allowance.html,بله,2,7,4,Answer|BreadcrumbList|FAQPage|ImageObject|ListItem|Organization|Question|WebPage,3,7319,
knowledge-center/kc-pipeline-coating-holiday-detection.html,1,57,پوشش خط لوله و تشخیص عیب پوشش Holiday | پیشرو تجهیز فرتاک,57,139,https://pishtaj.ir/knowledge-center/kc-pipeline-coating-holiday-detection.html,بله,2,7,4,Answer|BreadcrumbList|FAQPage|ImageObject|ListItem|Organization|Question|WebPage,3,7275,
knowledge-center/kc-pipeline-corrosion-prevention.html,1,50,راهنمای کامل خوردگی در خطوط لوله و روش‌های پیشگیری,50,153,https://pishtaj.ir/knowledge-center/kc-pipeline-corrosion-prevention.html,بله,2,7,4,Answer|Article|BreadcrumbList|FAQPage|ImageObject|ListItem|Organization|Question|WebPage,3,2590,
knowledge-center/kc-pipeline-pigging-cleaning-operations.html,1,59,عملیات پیگینگ و تمیزکاری خط لوله (Pigging) | پیشرو تجهیز فرتاک,62,136,https://pishtaj.ir/knowledge-center/kc-pipeline-pigging-cleaning-operations.html,بله,2,7,4,Answer|BreadcrumbList|FAQPage|ImageObject|ListItem|Organization|Question|WebPage,4,7192,
knowledge-center/kc-pipeline-welding-npi-qualification.html,1,63,تایید صلاحیت جوشکار و روش جوشکاری خط لوله | پیشرو تجهیز فرتاک,61,139,https://pishtaj.ir/knowledge-center/kc-pipeline-welding-npi-qualification.html,بله,2,7,4,Answer|BreadcrumbList|FAQPage|ImageObject|ListItem|Organization|Question|WebPage,5,7342,
knowledge-center/kc-pipeline-welding-standards.html,1,53,راهنمای کامل جوشکاری خطوط لوله؛ مشخصات و قیمت | پیشرو تجهیز فرتاک,65,156,https://pishtaj.ir/knowledge-center/kc-pipeline-welding-standards.html,بله,2,7,4,Answer|Article|BreadcrumbList|FAQPage|ImageObject|ListItem|Organization|Question|WebPage,3,2449,
knowledge-center/kc-plc-programming-languages-guide.html,1,51,زبان‌های برنامه‌نویسی PLC | پیشرو تجهیز فرتاک,45,156,https://pishtaj.ir/knowledge-center/kc-plc-programming-languages-guide.html,بله,2,7,4,Answer|BreadcrumbList|FAQPage|ImageObject|ListItem|Organization|Question|WebPage,4,7816,
knowledge-center/kc-plc.html,1,43,راهنمای کامل تابلوهای PLC و اتوماسیون صنعتی؛ مشخصات و قیمت,58,162,https://pishtaj.ir/knowledge-center/kc-plc.html,بله,2,7,4,Answer|Article|BreadcrumbList|FAQPage|ImageObject|ListItem|Organization|Question|WebPage,4,2473,canonical مشترک با 3 صفحه
knowledge-center/kc-pm-predictive-vs-preventive-strategy.html,1,60,نگهداری پیشگویانه در برابر پیشگیرانه | پیشرو تجهیز فرتاک,56,151,https://pishtaj.ir/knowledge-center/kc-pm-predictive-vs-preventive-strategy.html,بله,2,7,4,Answer|BreadcrumbList|FAQPage|ImageObject|ListItem|Organization|Question|WebPage,3,7438,
knowledge-center/kc-pm.html,1,49,راهنمای کامل نگهداری و تعمیرات (PM) تجهیزات صنعتی,49,152,https://pishtaj.ir/knowledge-center/kc-pm.html,بله,2,7,4,Answer|Article|BreadcrumbList|FAQPage|ImageObject|ListItem|Organization|Question|WebPage,2,2508,
knowledge-center/kc-pneumatic-electropneumatic-control-valves.html,1,51,راهنمای کامل شیرهای کنترل پنوماتیک و الکتروپنوماتیک,51,154,https://pishtaj.ir/knowledge-center/kc-pneumatic-electropneumatic-control-valves.html,بله,2,7,4,Answer|Article|BreadcrumbList|FAQPage|ImageObject|ListItem|Organization|Question|WebPage,2,2824,
knowledge-center/kc-ppe-selection-by-hazard-category.html,1,57,راهنمای انتخاب PPE بر اساس دستهٔ خطر | پیشرو تجهیز فرتاک,56,139,https://pishtaj.ir/knowledge-center/kc-ppe-selection-by-hazard-category.html,بله,2,7,4,Answer|BreadcrumbList|FAQPage|ImageObject|ListItem|Organization|Question|WebPage,3,7077,
knowledge-center/kc-ppe.html,1,43,راهنمای کامل تجهیزات حفاظت فردی (PPE) صنعتی؛ مشخصات و قیمت,58,162,https://pishtaj.ir/knowledge-center/kc-ppe.html,بله,2,7,4,Answer|Article|BreadcrumbList|FAQPage|ImageObject|ListItem|Organization|Question|WebPage,3,2424,
knowledge-center/kc-pressure-gauge-glycerin-fill-guide.html,1,61,گیج فشار پرشده با گلیسیرین | پیشرو تجهیز فرتاک,46,153,https://pishtaj.ir/knowledge-center/kc-pressure-gauge-glycerin-fill-guide.html,بله,2,7,4,Answer|BreadcrumbList|FAQPage|ImageObject|ListItem|Organization|Question|WebPage,3,7197,
knowledge-center/kc-pressure-gauge.html,1,60,راهنمای کامل گیج فشار (Pressure Gauge)؛ مشخصات و قیمت | پیشرو,61,159,https://pishtaj.ir/knowledge-center/kc-pressure-gauge.html,بله,2,7,4,Answer|Article|BreadcrumbList|FAQPage|ImageObject|ListItem|Organization|Question|WebPage,4,2510,
knowledge-center/kc-pressure-transmitter-range-selection.html,1,38,انتخاب رنج ترانسمیتر فشار | پیشرو تجهیز فرتاک,45,160,https://pishtaj.ir/knowledge-center/kc-pressure-transmitter-range-selection.html,بله,2,7,4,Answer|BreadcrumbList|FAQPage|ImageObject|ListItem|Organization|Question|WebPage,4,8144,
knowledge-center/kc-project-management-equipment-supply.html,1,48,راهنمای کامل مدیریت پروژه در تامین تجهیزات صنعتی,48,151,https://pishtaj.ir/knowledge-center/kc-project-management-equipment-supply.html,بله,2,7,4,Answer|Article|BreadcrumbList|FAQPage|ImageObject|ListItem|Organization|Question|WebPage,7,2542,
knowledge-center/kc-protective-relay-coordination-curve.html,1,68,منحنی هماهنگی رله‌های حفاظتی (Coordination) | پیشرو تجهیز فرتاک,63,139,https://pishtaj.ir/knowledge-center/kc-protective-relay-coordination-curve.html,بله,2,7,4,Answer|BreadcrumbList|FAQPage|ImageObject|ListItem|Organization|Question|WebPage,2,7380,
knowledge-center/kc-psv-set-pressure-blowdown-adjustment.html,1,59,تنظیم فشار ست و Blowdown شیر اطمینان PSV | پیشرو تجهیز فرتاک,60,142,https://pishtaj.ir/knowledge-center/kc-psv-set-pressure-blowdown-adjustment.html,بله,2,7,4,Answer|BreadcrumbList|FAQPage|ImageObject|ListItem|Organization|Question|WebPage,3,7587,
knowledge-center/kc-psv.html,1,56,راهنمای کامل شیرهای اطمینان (PSV)؛ مشخصات و قیمت | پیشرو تجهیز,62,159,https://pishtaj.ir/knowledge-center/kc-psv.html,بله,2,7,4,Answer|BreadcrumbList|FAQPage|ImageObject|ListItem|Organization|Question|WebPage,3,2652,
knowledge-center/kc-purchase-order-management.html,1,60,راهنمای کامل مدیریت سفارشات خرید (Purchase Order Management),60,159,https://pishtaj.ir/knowledge-center/kc-purchase-order-management.html,بله,2,7,4,Answer|Article|BreadcrumbList|FAQPage|ImageObject|ListItem|Organization|Question|WebPage,3,2645,
knowledge-center/kc-purchase-order-terms-conditions-guide.html,1,49,بندهای حقوقی سفارش خرید (PO) | پیشرو تجهیز فرتاک,48,141,https://pishtaj.ir/knowledge-center/kc-purchase-order-terms-conditions-guide.html,بله,2,7,4,Answer|BreadcrumbList|FAQPage|ImageObject|ListItem|Organization|Question|WebPage,2,7366,
knowledge-center/kc-radar-level-transmitter-tank-installation.html,1,52,نصب صحیح ترانسمیتر سطح راداری در مخازن | پیشرو تجهیز فرتاک,58,148,https://pishtaj.ir/knowledge-center/kc-radar-level-transmitter-tank-installation.html,بله,2,7,4,Answer|BreadcrumbList|FAQPage|ImageObject|ListItem|Organization|Question|WebPage,3,7684,
knowledge-center/kc-reciprocating-pump-packing-seal-guide.html,1,70,آب‌بندی Packing پمپ رفت‌وبرگشتی | پیشرو تجهیز فرتاک,51,139,https://pishtaj.ir/knowledge-center/kc-reciprocating-pump-packing-seal-guide.html,بله,2,7,4,Answer|BreadcrumbList|FAQPage|ImageObject|ListItem|Organization|Question|WebPage,3,7548,
knowledge-center/kc-reciprocating-pump.html,1,54,راهنمای کامل پمپ‌های رفت و برگشتی (Reciprocating Pump),54,157,https://pishtaj.ir/knowledge-center/kc-reciprocating-pump.html,بله,2,7,4,Answer|Article|BreadcrumbList|FAQPage|ImageObject|ListItem|Organization|Question|WebPage,4,3503,
knowledge-center/kc-refinery-distillation-column-tray-design.html,1,65,طراحی سینی برج تقطیر پالایشگاه | پیشرو تجهیز فرتاک,50,146,https://pishtaj.ir/knowledge-center/kc-refinery-distillation-column-tray-design.html,بله,2,7,4,Answer|BreadcrumbList|FAQPage|ImageObject|ListItem|Organization|Question|WebPage,2,7417,
knowledge-center/kc-rtd-thermocouple-thermistor.html,1,57,راهنمای کامل سنسورهای دما؛ مشخصات و قیمت | پیشرو تجهیز فرتاک,60,160,https://pishtaj.ir/knowledge-center/kc-rtd-thermocouple-thermistor.html,بله,2,7,4,Answer|Article|BreadcrumbList|FAQPage|ImageObject|ListItem|Organization|Question|WebPage,3,2385,canonical مشترک با 2 صفحه
knowledge-center/kc-sawh-vs-lsaw-comparison.html,1,62,مقایسه لوله اسپیرال SAWH و LSAW | پیشرو تجهیز فرتاک,51,140,https://pishtaj.ir/knowledge-center/kc-sawh-vs-lsaw-comparison.html,بله,2,7,4,Answer|BreadcrumbList|FAQPage|ImageObject|ListItem|Organization|Question|WebPage,3,7250,
knowledge-center/kc-sawh.html,1,36,راهنمای کامل لوله‌های اسپیرال (SAWH)؛ مشخصات و قیمت | پیشرو تجهیز,65,155,https://pishtaj.ir/knowledge-center/kc-sawh.html,بله,2,7,4,Answer|Article|BreadcrumbList|FAQPage|ImageObject|ListItem|Organization|Question|WebPage,2,2411,
knowledge-center/kc-shell-tube-heat-exchanger-tema-guide.html,1,49,انتخاب کلاس TEMA مبدل Shell & Tube | پیشرو تجهیز فرتاک,54,142,https://pishtaj.ir/knowledge-center/kc-shell-tube-heat-exchanger-tema-guide.html,بله,2,7,4,Answer|BreadcrumbList|FAQPage|ImageObject|ListItem|Organization|Question|WebPage,10,7807,
knowledge-center/kc-shell-tube.html,1,45,راهنمای کامل مبدل‌های حرارتی Shell &amp; Tube؛ مشخصات و قیمت,60,164,https://pishtaj.ir/knowledge-center/kc-shell-tube.html,بله,2,7,4,Answer|Article|BreadcrumbList|FAQPage|ImageObject|ListItem|Organization|Question|WebPage,5,2460,
knowledge-center/kc-slurry-valve-abrasion-wear-life-estimation.html,1,57,تخمین عمر سایشی شیرهای دوغاب Slurry Valve | پیشرو تجهیز فرتاک,61,159,https://pishtaj.ir/knowledge-center/kc-slurry-valve-abrasion-wear-life-estimation.html,بله,2,7,4,Answer|BreadcrumbList|FAQPage|ImageObject|ListItem|Organization|Question|WebPage,2,7272,
knowledge-center/kc-slurry-valves.html,1,41,راهنمای کامل شیرهای دوغاب (Slurry Valves)؛ مشخصات و قیمت | پیشرو,64,160,https://pishtaj.ir/knowledge-center/kc-slurry-valves.html,بله,2,7,4,Answer|Article|BreadcrumbList|FAQPage|ImageObject|ListItem|Organization|Question|WebPage,5,2473,
knowledge-center/kc-spare-parts-warehousing-inventory.html,1,43,مدیریت انبار قطعات یدکی صنعتی؛ راهنمای کامل | پیشرو تجهیز فرتاک,63,158,https://pishtaj.ir/knowledge-center/kc-spare-parts-warehousing-inventory.html,بله,2,7,4,Answer|Article|BreadcrumbList|FAQPage|ImageObject|ListItem|Organization|Question|WebPage,1,2851,
knowledge-center/kc-spiral-wound-kammprofile.html,1,44,راهنمای کامل گسکت Spiral Wound و Kammprofile؛ مشخصات و قیمت,59,163,https://pishtaj.ir/knowledge-center/kc-spiral-wound-kammprofile.html,بله,2,7,4,Answer|Article|BreadcrumbList|FAQPage|ImageObject|ListItem|Organization|Question|WebPage,4,3300,
knowledge-center/kc-sru-claus-process-efficiency.html,1,56,راندمان فرآیند کلاوس (Claus) در واحد SRU | پیشرو تجهیز فرتاک,60,145,https://pishtaj.ir/knowledge-center/kc-sru-claus-process-efficiency.html,بله,2,7,4,Answer|BreadcrumbList|FAQPage|ImageObject|ListItem|Organization|Question|WebPage,7,7562,
knowledge-center/kc-stainless-steel-pipe-passivation-procedure.html,1,72,پسیو کردن لولهٔ استینلس استیل بعد از جوش | پیشرو تجهیز فرتاک,60,145,https://pishtaj.ir/knowledge-center/kc-stainless-steel-pipe-passivation-procedure.html,بله,2,7,4,Answer|BreadcrumbList|FAQPage|ImageObject|ListItem|Organization|Question|WebPage,4,7682,
knowledge-center/kc-steam-boiler-system.html,1,45,راهنمای کامل تجهیزات سیستم بخار و بویلر صنعتی؛ مشخصات و قیمت,60,164,https://pishtaj.ir/knowledge-center/kc-steam-boiler-system.html,بله,2,7,4,Answer|Article|BreadcrumbList|FAQPage|ImageObject|ListItem|Organization|Question|WebPage,6,2741,
knowledge-center/kc-steam-turbine-blade-erosion-prevention.html,1,66,پیشگیری از فرسایش پرهٔ توربین بخار | پیشرو تجهیز فرتاک,54,142,https://pishtaj.ir/knowledge-center/kc-steam-turbine-blade-erosion-prevention.html,بله,2,7,4,Answer|BreadcrumbList|FAQPage|ImageObject|ListItem|Organization|Question|WebPage,5,7397,
knowledge-center/kc-steel-beam-rebar-specifications.html,1,45,راهنمای کامل مشخصات فنی تیرآهن و میلگرد صنعتی؛ مشخصات و قیمت,60,164,https://pishtaj.ir/knowledge-center/kc-steel-beam-rebar-specifications.html,بله,2,7,4,Answer|Article|BreadcrumbList|FAQPage|ImageObject|ListItem|Organization|Question|WebPage,3,2734,
knowledge-center/kc-steel-continuous-casting-mold-cooling.html,1,58,خنک‌کاری قالب ریخته‌گری مداوم فولاد | پیشرو تجهیز فرتاک,55,158,https://pishtaj.ir/knowledge-center/kc-steel-continuous-casting-mold-cooling.html,بله,2,7,4,Answer|BreadcrumbList|FAQPage|ImageObject|ListItem|Organization|Question|WebPage,2,7505,
knowledge-center/kc-steel-industry-equipment.html,1,57,راهنمای کامل تجهیزات صنعت فولاد؛ مشخصات و قیمت | پیشرو تجهیز,60,160,https://pishtaj.ir/knowledge-center/kc-steel-industry-equipment.html,بله,2,7,4,Answer|Article|BreadcrumbList|FAQPage|ImageObject|ListItem|Organization|Question|WebPage,10,2578,
knowledge-center/kc-steel-plate-specifications.html,1,44,راهنمای کامل مشخصات فنی ورق‌های فولادی صنعتی؛ مشخصات و قیمت,59,163,https://pishtaj.ir/knowledge-center/kc-steel-plate-specifications.html,بله,2,7,4,Answer|Article|BreadcrumbList|FAQPage|ImageObject|ListItem|Organization|Question|WebPage,3,2735,
knowledge-center/kc-sulfur-recovery-tail-gas-treatment.html,1,73,واحد تصفیهٔ گاز دنباله TGTU در بازیافت گوگرد | پیشرو تجهیز فرتاک,64,147,https://pishtaj.ir/knowledge-center/kc-sulfur-recovery-tail-gas-treatment.html,بله,2,7,4,Answer|BreadcrumbList|FAQPage|ImageObject|ListItem|Organization|Question|WebPage,4,7456,
knowledge-center/kc-sulfur-recovery-unit-sru.html,1,58,راهنمای کامل تجهیزات گوگردزدا (Sulfur Recovery Unit - SRU),58,161,https://pishtaj.ir/knowledge-center/kc-sulfur-recovery-unit-sru.html,بله,2,7,4,Answer|Article|BreadcrumbList|FAQPage|ImageObject|ListItem|Organization|Question|WebPage,2,2535,
knowledge-center/kc-sulfur-recovery.html,1,57,راهنمای کامل تجهیزات واحد بازیافت گوگرد (Sulfur Recovery),57,160,https://pishtaj.ir/knowledge-center/kc-sulfur-recovery.html,بله,2,7,4,Answer|Article|BreadcrumbList|FAQPage|ImageObject|ListItem|Organization|Question|WebPage,2,2582,
knowledge-center/kc-supplier-qualification-assessment.html,1,49,راهنمای کامل ارزیابی و تایید صلاحیت تامین‌کنندگان,49,152,https://pishtaj.ir/knowledge-center/kc-supplier-qualification-assessment.html,بله,2,7,4,Answer|Article|BreadcrumbList|FAQPage|ImageObject|ListItem|Organization|Question|WebPage,3,2906,canonical مشترک با 2 صفحه
knowledge-center/kc-surge-arrester-emergency-shutdown-valves.html,1,47,راهنمای کامل شیرهای برقگیر و شیرهای قطع اضطراری,47,150,https://pishtaj.ir/knowledge-center/kc-surge-arrester-emergency-shutdown-valves.html,بله,2,7,4,Answer|Article|BreadcrumbList|FAQPage|ImageObject|ListItem|Organization|Question|WebPage,4,2722,
knowledge-center/kc-technical-certifications-supplier-qualification.html,1,53,راهنمای کامل گواهینامه‌های فنی و صلاحیت تامین‌کنندگان,53,156,https://pishtaj.ir/knowledge-center/kc-technical-certifications-supplier-qualification.html,بله,2,7,4,Answer|Article|BreadcrumbList|FAQPage|ImageObject|ListItem|Organization|Question|WebPage,4,2914,canonical مشترک با 2 صفحه
knowledge-center/kc-technical-personnel-training.html,1,48,راهنمای کامل آموزش و توانمندسازی پرسنل فنی صنعتی,48,151,https://pishtaj.ir/knowledge-center/kc-technical-personnel-training.html,بله,2,7,4,Answer|Article|BreadcrumbList|FAQPage|ImageObject|ListItem|Organization|Question|WebPage,3,3071,
knowledge-center/kc-teg-dehydration-glycol-loss-control.html,1,61,کنترل اتلاف گلایکول در واحد آب‌گیری TEG | پیشرو تجهیز فرتاک,59,136,https://pishtaj.ir/knowledge-center/kc-teg-dehydration-glycol-loss-control.html,بله,2,7,4,Answer|BreadcrumbList|FAQPage|ImageObject|ListItem|Organization|Question|WebPage,7,7220,
knowledge-center/kc-thermal-powerplant-equipment.html,1,67,راهنمای کامل تجهیزات نیروگاه حرارتی؛ مشخصات و قیمت | پیشرو تجهیز,64,159,https://pishtaj.ir/knowledge-center/kc-thermal-powerplant-equipment.html,بله,2,7,4,Answer|Article|BreadcrumbList|FAQPage|ImageObject|ListItem|Organization|Question|WebPage,4,2677,
knowledge-center/kc-thermocouple-cold-junction-compensation.html,1,66,جبران‌سازی نقطهٔ سرد ترموکوپل (CJC) | پیشرو تجهیز فرتاک,55,148,https://pishtaj.ir/knowledge-center/kc-thermocouple-cold-junction-compensation.html,بله,2,7,4,Answer|BreadcrumbList|FAQPage|ImageObject|ListItem|Organization|Question|WebPage,4,7566,
knowledge-center/kc-ups-battery-sizing-autonomy-calculation.html,1,62,محاسبهٔ سایز باتری و زمان اتونومی UPS | پیشرو تجهیز فرتاک,57,137,https://pishtaj.ir/knowledge-center/kc-ups-battery-sizing-autonomy-calculation.html,بله,2,7,4,Answer|BreadcrumbList|FAQPage|ImageObject|ListItem|Organization|Question|WebPage,3,7504,
knowledge-center/kc-ups.html,1,55,راهنمای کامل سیستم UPS و باتری صنعتی؛ مشخصات و قیمت | پیشرو تجهیز,65,158,https://pishtaj.ir/knowledge-center/kc-ups.html,بله,2,7,4,Answer|Article|BreadcrumbList|FAQPage|ImageObject|ListItem|Organization|Question|WebPage,5,2547,canonical مشترک با 4 صفحه
knowledge-center/kc-valve-leak-test-acceptance-criteria.html,1,48,معیارهای پذیرش تست نشتی شیرآلات | پیشرو تجهیز فرتاک,51,148,https://pishtaj.ir/knowledge-center/kc-valve-leak-test-acceptance-criteria.html,بله,2,7,4,Answer|BreadcrumbList|FAQPage|ImageObject|ListItem|Organization|Question|WebPage,3,6908,
knowledge-center/kc-valve-selection-by-fluid-type.html,1,69,راهنمای کامل انتخاب شیر بر اساس نوع سیال؛ مشخصات و قیمت | پیشرو,63,141,https://pishtaj.ir/knowledge-center/kc-valve-selection-by-fluid-type.html,بله,2,7,4,Answer|Article|BreadcrumbList|FAQPage|ImageObject|ListItem|Organization|Question|WebPage,2,2894,
knowledge-center/kc-vfd-harmonic-distortion-mitigation.html,1,46,کاهش هارمونیک ناشی از درایو VFD | پیشرو تجهیز فرتاک,51,141,https://pishtaj.ir/knowledge-center/kc-vfd-harmonic-distortion-mitigation.html,بله,2,7,4,Answer|BreadcrumbList|FAQPage|ImageObject|ListItem|Organization|Question|WebPage,3,7483,
knowledge-center/kc-vfd.html,1,53,راهنمای کامل درایو VFD؛ مشخصات و قیمت | پیشرو تجهیز فرتاک,57,156,https://pishtaj.ir/knowledge-center/kc-vfd.html,بله,2,7,4,Answer|Article|BreadcrumbList|FAQPage|ImageObject|ListItem|Organization|Question|WebPage,6,2642,canonical مشترک با 2 صفحه
knowledge-center/kc-washer-material-torque-relaxation.html,1,66,مادهٔ واشر و نشست گشتاور در اتصالات صنعتی | پیشرو تجهیز فرتاک,61,134,https://pishtaj.ir/knowledge-center/kc-washer-material-torque-relaxation.html,بله,2,7,4,Answer|BreadcrumbList|FAQPage|ImageObject|ListItem|Organization|Question|WebPage,3,7155,
knowledge-center/kc-washer.html,1,43,راهنمای کامل واشر (Washer) در اتصالات صنعتی؛ مشخصات و قیمت,58,162,https://pishtaj.ir/knowledge-center/kc-washer.html,بله,2,7,4,Answer|Article|BreadcrumbList|FAQPage|ImageObject|ListItem|Organization|Question|WebPage,3,3244,
knowledge-center/kc-wastewater-sludge-treatment-methods.html,1,56,روش‌های تصفیهٔ لجن پساب صنعتی | پیشرو تجهیز فرتاک,49,151,https://pishtaj.ir/knowledge-center/kc-wastewater-sludge-treatment-methods.html,بله,2,7,4,Answer|BreadcrumbList|FAQPage|ImageObject|ListItem|Organization|Question|WebPage,2,7129,
knowledge-center/kc-water-wastewater-treatment.html,1,40,راهنمای کامل سیستم تصفیه آب و پساب صنعتی؛ مشخصات و قیمت | پیشرو,63,159,https://pishtaj.ir/knowledge-center/kc-water-wastewater-treatment.html,بله,2,7,4,Answer|Article|BreadcrumbList|FAQPage|ImageObject|ListItem|Organization|Question|WebPage,2,2667,
knowledge-center/kc-welded-fittings-elbow-tee-reducer.html,1,55,راهنمای کامل اتصالات جوشی فیتینگ؛ مشخصات و قیمت | پیشرو تجهیز,61,158,https://pishtaj.ir/knowledge-center/kc-welded-fittings-elbow-tee-reducer.html,بله,2,7,4,Answer|Article|BreadcrumbList|FAQPage|ImageObject|ListItem|Organization|Question|WebPage,2,3472,
knowledge-center/knife-gate-valve.html,1,36,Knife Gate Valve | پیشرو تجهیز فرتاک,36,132,https://pishtaj.ir/knowledge-center/knife-gate-valve.html,بله,2,7,4,Answer|Article|BreadcrumbList|FAQPage|ImageObject|ListItem|Organization|Question|WebPage,1,66,متنِ یکتا 66
knowledge-center/level-measurement-guide.html,1,60,راهنمای سطح سنج (Level Measurement) | پیشرو تجهیز فرتاک,55,119,https://pishtaj.ir/knowledge-center/level-measurement-guide.html,بله,2,7,4,Answer|Article|BreadcrumbList|FAQPage|ImageObject|ListItem|Organization|Question|WebPage,3,767,
knowledge-center/lv-iec-61439.html,1,30,تابلو فشار ضعیف LV و استاندارد IEC 61439 | پیشرو تجهیز فرتاک,60,126,https://pishtaj.ir/knowledge-center/lv-iec-61439.html,بله,2,7,4,Answer|Article|BreadcrumbList|FAQPage|ImageObject|ListItem|Organization|Question|WebPage,2,334,متنِ یکتا 334
knowledge-center/magmeter.html,1,41,فلومتر مغناطیسی (Magmeter) | پیشرو تجهیز فرتاک,46,137,https://pishtaj.ir/knowledge-center/magmeter.html,بله,2,7,4,Answer|Article|BreadcrumbList|FAQPage|ImageObject|ListItem|Organization|Question|WebPage,3,386,متنِ یکتا 386
knowledge-center/mcc-panel-guide.html,1,40,راهنمای تابلو برق MCC | پیشرو تجهیز فرتاک,41,113,https://pishtaj.ir/knowledge-center/mcc-panel-guide.html,بله,2,7,4,Answer|Article|BreadcrumbList|FAQPage|ImageObject|ListItem|Organization|Question|WebPage,1,475,
knowledge-center/mccb-circuit-breaker-guide.html,1,54,راهنمای کلید کامپکت MCCB | پیشرو تجهیز فرتاک,44,136,https://pishtaj.ir/knowledge-center/mccb-circuit-breaker-guide.html,بله,2,7,4,Answer|Article|BreadcrumbList|FAQPage|ImageObject|ListItem|Organization|Question|WebPage,3,727,
knowledge-center/mfc-mass-flow-controller.html,1,34,راهنمای MFC (Mass Flow Controller) | پیشرو تجهیز فرتاک,54,130,https://pishtaj.ir/knowledge-center/mfc-mass-flow-controller.html,بله,2,7,4,Answer|Article|BreadcrumbList|FAQPage|ImageObject|ListItem|Organization|Question|WebPage,2,73,متنِ یکتا 73
knowledge-center/modbus-tcp-rtu.html,1,27,راهنمای شبکه Modbus TCP/RTU | پیشرو تجهیز فرتاک,47,123,https://pishtaj.ir/knowledge-center/kc-instrumentation-communication-protocols.html,خیر,2,7,4,Answer|Article|BreadcrumbList|FAQPage|ImageObject|ListItem|Organization|Question|WebPage,3,78,canonical به مقصدِ ادغام (انتظار می‌رود) · canonical مشترک با 3 صفحه · متنِ یکتا 78
knowledge-center/mv-iec-62271.html,1,30,تابلو فشار متوسط MV و استاندارد IEC 62271 | پیشرو تجهیز فرتاک,61,126,https://pishtaj.ir/knowledge-center/mv-iec-62271.html,بله,2,7,4,Answer|Article|BreadcrumbList|FAQPage|ImageObject|ListItem|Organization|Question|WebPage,4,316,متنِ یکتا 316
knowledge-center/nace-mr0175-sour-service-guide.html,1,43,NACE MR0175 و سرویس اسیدی؛ راهنمای انتخاب لوله و فلنج,53,147,https://pishtaj.ir/knowledge-center/nace-mr0175-sour-service-guide.html,بله,2,7,4,Answer|Article|BreadcrumbList|FAQPage|ImageObject|ListItem|Organization|Question,15,4828,canonical مشترک با 2 صفحه
knowledge-center/nace-mr0175.html,1,36,استاندارد NACE MR0175 در لوله و فلنج | پیشرو تجهیز فرتاک,56,132,https://pishtaj.ir/knowledge-center/nace-mr0175-sour-service-guide.html,خیر,2,7,4,Answer|Article|BreadcrumbList|FAQPage|ImageObject|ListItem|Organization|Question|WebPage,3,230,canonical به مقصدِ ادغام (انتظار می‌رود) · canonical مشترک با 2 صفحه · متنِ یکتا 230
knowledge-center/nde-inspection-pipe-flange.html,1,36,بازرسی غیرمخرب (NDE) لوله و فلنج؛ روش‌ها و معیار پذیرش,54,154,https://pishtaj.ir/knowledge-center/nde-inspection-pipe-flange.html,بله,2,7,4,Answer|Article|BreadcrumbList|FAQPage|ImageObject|ListItem|Organization|Question,3,3498,
knowledge-center/ndt-inspection-industrial-guide.html,1,65,راهنمای تست‌های NDT در بازرسی صنعتی | پیشرو تجهیز فرتاک,55,110,https://pishtaj.ir/knowledge-center/ndt-inspection-industrial-guide.html,بله,2,7,4,Answer|Article|BreadcrumbList|FAQPage|ImageObject|ListItem|Organization|Question|WebPage,5,530,
knowledge-center/ndt-rt.html,1,28,بازرسی NDT با تست رادیوگرافی (RT) | پیشرو تجهیز فرتاک,53,124,https://pishtaj.ir/knowledge-center/kc-ndt.html,خیر,2,7,4,Answer|Article|BreadcrumbList|FAQPage|ImageObject|ListItem|Organization|Question|WebPage,4,78,canonical به مقصدِ ادغام (انتظار می‌رود) · canonical مشترک با 4 صفحه · متنِ یکتا 78
knowledge-center/ndt-ut.html,1,28,بازرسی NDT با تست فراصوت (UT) | پیشرو تجهیز فرتاک,49,124,https://pishtaj.ir/knowledge-center/kc-ndt.html,خیر,2,7,4,Answer|Article|BreadcrumbList|FAQPage|ImageObject|ListItem|Organization|Question|WebPage,4,73,canonical به مقصدِ ادغام (انتظار می‌رود) · canonical مشترک با 4 صفحه · متنِ یکتا 73
knowledge-center/nioc-npc-vendor-list-guide.html,1,46,راهنمای وندورلیست NIOC و NPC در پروژه‌های نفتی,46,150,https://pishtaj.ir/knowledge-center/nioc-npc-vendor-list-guide.html,بله,2,7,4,Answer|Article|BreadcrumbList|FAQPage|ImageObject|ListItem|Organization|Question,4,385,متنِ یکتا 385
knowledge-center/nozzle-check-valve.html,1,40,شیر Nozzle Check Valve | پیشرو تجهیز فرتاک,42,136,https://pishtaj.ir/knowledge-center/nozzle-check-valve.html,بله,2,7,4,Answer|Article|BreadcrumbList|FAQPage|ImageObject|ListItem|Organization|Question|WebPage,7,306,متنِ یکتا 306
knowledge-center/o2-co2-h2s.html,1,33,آنالایزر گاز صنعتی | پیشرو تجهیز فرتاک,38,129,https://pishtaj.ir/knowledge-center/o2-co2-h2s.html,بله,2,7,4,Answer|Article|BreadcrumbList|FAQPage|ImageObject|ListItem|Organization|Question|WebPage,3,242,متنِ یکتا 242
knowledge-center/oil-gas-industry-supply-guide.html,1,63,راهنمای تامین تجهیزات صنایع نفت و گاز | پیشرو تجهیز فرتاک,57,125,https://pishtaj.ir/knowledge-center/oil-gas-industry-supply-guide.html,بله,2,7,4,Answer|Article|BreadcrumbList|FAQPage|ImageObject|ListItem|Organization|Question|WebPage,9,851,
knowledge-center/petrochemical-industry-supply-guide.html,1,36,راهنمای تامین تجهیزات صنایع پتروشیمی | پیشرو تجهیز فرتاک,56,140,https://pishtaj.ir/knowledge-center/petrochemical-industry-supply-guide.html,بله,2,7,4,Answer|Article|BreadcrumbList|FAQPage|ImageObject|ListItem|Organization|Question,9,365,متنِ یکتا 365
knowledge-center/ph.html,1,20,راهنمای pH متر صنعتی | پیشرو تجهیز فرتاک,40,116,https://pishtaj.ir/knowledge-center/ph.html,بله,2,7,4,Answer|Article|BreadcrumbList|FAQPage|ImageObject|ListItem|Organization|Question|WebPage,2,77,متنِ یکتا 77
knowledge-center/phase-control-relay.html,1,35,رله کنترل فاز (Phase Control Relay) | پیشرو تجهیز فرتاک,55,131,https://pishtaj.ir/knowledge-center/phase-control-relay.html,بله,2,7,4,Answer|Article|BreadcrumbList|FAQPage|ImageObject|ListItem|Organization|Question|WebPage,1,88,متنِ یکتا 88
knowledge-center/pilot-operated-valve.html,1,33,شیر پایلوت‌اپریتد (Pilot Operated)؛ چه زمانی لازم است؟,54,140,https://pishtaj.ir/knowledge-center/pilot-operated-valve.html,بله,2,7,4,Answer|Article|BreadcrumbList|FAQPage|ImageObject|ListItem|Organization|Question|WebPage,1,4375,
knowledge-center/pinch-valve-guide.html,1,36,راهنمای شیر پینچ (Pinch Valve) صنعتی | پیشرو تجهیز فرتاک,56,140,https://pishtaj.ir/knowledge-center/pinch-valve-guide.html,بله,2,7,4,Answer|Article|BreadcrumbList|FAQPage|ImageObject|ListItem|Organization|Question,11,365,canonical مشترک با 2 صفحه · متنِ یکتا 365
knowledge-center/pinch-valve.html,1,30,Pinch Valve | پیشرو تجهیز فرتاک,31,126,https://pishtaj.ir/knowledge-center/pinch-valve-guide.html,خیر,2,7,4,Answer|Article|BreadcrumbList|FAQPage|ImageObject|ListItem|Organization|Question|WebPage,9,68,canonical به مقصدِ ادغام (انتظار می‌رود) · canonical مشترک با 2 صفحه · متنِ یکتا 68
knowledge-center/pipe-fittings-guide.html,1,60,راهنمای اتصالات فیتینگ پایپینگ | پیشرو تجهیز فرتاک,50,165,https://pishtaj.ir/knowledge-center/pipe-fittings-guide.html,بله,2,7,4,Answer|Article|BreadcrumbList|FAQPage|ImageObject|ListItem|Organization|Question|WebPage,5,908,
knowledge-center/plc-allen-bradley-controllogix.html,1,37,کنترلر PLC Allen Bradley ControlLogix | پیشرو تجهیز فرتاک,57,133,https://pishtaj.ir/knowledge-center/kc-plc.html,خیر,2,7,4,Answer|Article|BreadcrumbList|FAQPage|ImageObject|ListItem|Organization|Question|WebPage,1,66,canonical به مقصدِ ادغام (انتظار می‌رود) · canonical مشترک با 3 صفحه · متنِ یکتا 66
knowledge-center/plc-siemens-s7-1500.html,1,26,کنترلر PLC Siemens S7-1500 | پیشرو تجهیز فرتاک,46,122,https://pishtaj.ir/knowledge-center/kc-plc.html,خیر,2,7,4,Answer|Article|BreadcrumbList|FAQPage|ImageObject|ListItem|Organization|Question|WebPage,2,79,canonical به مقصدِ ادغام (انتظار می‌رود) · canonical مشترک با 3 صفحه · متنِ یکتا 79
knowledge-center/plc-types-industrial-guide.html,1,59,راهنمای انواع PLC صنعتی | پیشرو تجهیز فرتاک,43,163,https://pishtaj.ir/knowledge-center/plc-types-industrial-guide.html,بله,2,7,4,Answer|Article|BreadcrumbList|FAQPage|ImageObject|ListItem|Organization|Question,4,411,
knowledge-center/plug-valve-guide.html,1,35,راهنمای شیر پلاگ (Plug Valve) صنعتی | پیشرو تجهیز فرتاک,55,139,https://pishtaj.ir/knowledge-center/plug-valve-guide.html,بله,2,7,4,Answer|Article|BreadcrumbList|FAQPage|ImageObject|ListItem|Organization|Question,5,363,متنِ یکتا 363
knowledge-center/plug-valve-lubricated-non-lubricated.html,1,54,راهنمای Plug Valve | پیشرو تجهیز فرتاک,38,150,https://pishtaj.ir/knowledge-center/plug-valve-lubricated-non-lubricated.html,بله,2,7,4,Answer|Article|BreadcrumbList|FAQPage|ImageObject|ListItem|Organization|Question|WebPage,3,104,متنِ یکتا 104
knowledge-center/pmi-positive-material-identification.html,1,46,راهنمای PMI (Positive Material Identification),46,142,https://pishtaj.ir/knowledge-center/pmi-positive-material-identification.html,بله,2,7,4,Answer|Article|BreadcrumbList|FAQPage|ImageObject|ListItem|Organization|Question|WebPage,1,80,متنِ یکتا 80
knowledge-center/pmi-testing-guide.html,1,39,راهنمای تست PMI در بازرسی تجهیزات صنعتی | پیشرو تجهیز فرتاک,59,143,https://pishtaj.ir/knowledge-center/pmi-testing-guide.html,بله,2,7,4,Answer|Article|BreadcrumbList|FAQPage|ImageObject|ListItem|Organization|Question,3,371,متنِ یکتا 371
knowledge-center/pneumatic-actuator-rack-pinion.html,1,50,محرک پنوماتیک (Pneumatic Actuator) | پیشرو تجهیز فرتاک,54,150,https://pishtaj.ir/knowledge-center/kc-actuator.html,خیر,2,7,4,Answer|Article|BreadcrumbList|FAQPage|ImageObject|ListItem|Organization|Question|WebPage,2,83,canonical به مقصدِ ادغام (انتظار می‌رود) · canonical مشترک با 3 صفحه · متنِ یکتا 83
knowledge-center/power-distribution-transformer-guide.html,1,40,راهنمای ترانسفورماتور قدرت و توزیع صنعتی | پیشرو تجهیز فرتاک,60,144,https://pishtaj.ir/knowledge-center/power-distribution-transformer-guide.html,بله,2,7,4,Answer|Article|BreadcrumbList|FAQPage|ImageObject|ListItem|Organization|Question,2,564,
knowledge-center/power-plant-industry-supply-guide.html,1,36,راهنمای تامین تجهیزات نیروگاهی صنعتی | پیشرو تجهیز فرتاک,56,140,https://pishtaj.ir/knowledge-center/power-plant-industry-supply-guide.html,بله,2,7,4,Answer|Article|BreadcrumbList|FAQPage|ImageObject|ListItem|Organization|Question,4,365,متنِ یکتا 365
knowledge-center/pressure-gauge-asme-b40-100.html,1,40,گیج فشار (Pressure Gauge) | پیشرو تجهیز فرتاک,45,136,https://pishtaj.ir/knowledge-center/pressure-gauge-asme-b40-100.html,بله,2,7,4,Answer|Article|BreadcrumbList|FAQPage|ImageObject|ListItem|Organization|Question|WebPage,3,92,متنِ یکتا 92
knowledge-center/pressure-gauge-complete-guide.html,1,49,راهنمای کامل گیج فشار صنعتی؛ مشخصات و قیمت | پیشرو تجهیز فرتاک,62,153,https://pishtaj.ir/knowledge-center/pressure-gauge-complete-guide.html,بله,2,7,4,Answer|Article|BreadcrumbList|FAQPage|ImageObject|ListItem|Organization|Question,5,391,متنِ یکتا 391
knowledge-center/pressure-transmitter-calibration-guide.html,1,40,راهنمای کالیبراسیون ترانسمیتر فشار صنعتی | پیشرو تجهیز فرتاک,60,144,https://pishtaj.ir/knowledge-center/pressure-transmitter-calibration-guide.html,بله,2,7,4,Answer|Article|BreadcrumbList|FAQPage|ImageObject|ListItem|Organization|Question,6,613,
knowledge-center/profibus-profinet.html,1,32,راهنمای شبکه Profibus و Profinet | پیشرو تجهیز فرتاک,52,128,https://pishtaj.ir/knowledge-center/kc-instrumentation-communication-protocols.html,خیر,2,7,4,Answer|Article|BreadcrumbList|FAQPage|ImageObject|ListItem|Organization|Question|WebPage,1,89,canonical به مقصدِ ادغام (انتظار می‌رود) · canonical مشترک با 3 صفحه · متنِ یکتا 89
knowledge-center/protective-relay-guide.html,1,41,راهنمای رله‌های حفاظتی در تابلو برق صنعتی | پیشرو تجهیز فرتاک,61,145,https://pishtaj.ir/knowledge-center/protective-relay-guide.html,بله,2,7,4,Answer|Article|BreadcrumbList|FAQPage|ImageObject|ListItem|Organization|Question,4,375,متنِ یکتا 375
knowledge-center/psv-prv-api-520-api-526.html,1,39,شیر اطمینان PSV/PRV | پیشرو تجهیز فرتاک,39,135,https://pishtaj.ir/knowledge-center/psv-prv-api-520-api-526.html,بله,2,7,4,Answer|Article|BreadcrumbList|FAQPage|ImageObject|ListItem|Organization|Question|WebPage,4,288,متنِ یکتا 288
knowledge-center/quality-assurance-supply-guide.html,1,42,راهنمای تضمین کیفیت در تامین تجهیزات صنعتی | پیشرو تجهیز فرتاک,62,146,https://pishtaj.ir/knowledge-center/quality-assurance-supply-guide.html,بله,2,7,4,Answer|Article|BreadcrumbList|FAQPage|ImageObject|ListItem|Organization|Question,3,377,متنِ یکتا 377
knowledge-center/radar-level-transmitter-guide.html,1,34,راهنمای ترانسمیتر سطح راداری صنعتی | پیشرو تجهیز فرتاک,54,138,https://pishtaj.ir/knowledge-center/radar-level-transmitter-guide.html,بله,2,7,4,Answer|Article|BreadcrumbList|FAQPage|ImageObject|ListItem|Organization|Question,4,553,
knowledge-center/rosemount-3051.html,1,44,ترانسمیتر فشار Rosemount 3051؛ مشخصات فنی و نصب | پیشرو تجهیز,61,140,https://pishtaj.ir/knowledge-center/rosemount-pressure-transmitter-family.html,خیر,2,7,4,Answer|Article|BreadcrumbList|FAQPage|ImageObject|ListItem|Organization|Question|WebPage,3,311,canonical به مقصدِ ادغام (انتظار می‌رود) · canonical مشترک با 2 صفحه · متنِ یکتا 311
knowledge-center/rosemount-644.html,1,41,ترانسمیتر دما Rosemount 644 | پیشرو تجهیز فرتاک,47,137,https://pishtaj.ir/knowledge-center/kc-rtd-thermocouple-thermistor.html,خیر,2,7,4,Answer|Article|BreadcrumbList|FAQPage|ImageObject|ListItem|Organization|Question|WebPage,2,64,canonical به مقصدِ ادغام (انتظار می‌رود) · canonical مشترک با 2 صفحه · متنِ یکتا 64
knowledge-center/rosemount-pressure-transmitter-family.html,1,63,ترانسمیتر فشار روزمونت 3051؛ انتخاب مدل و Model Code,52,143,https://pishtaj.ir/knowledge-center/rosemount-pressure-transmitter-family.html,بله,2,7,4,Answer|BreadcrumbList|FAQPage|ImageObject|ListItem|Organization|Question|WebPage,4,5359,canonical مشترک با 2 صفحه
knowledge-center/rosemount-vs-yokogawa-comparison.html,1,43,مقایسه ترانسمیتر Rosemount و Yokogawa صنعتی | پیشرو تجهیز فرتاک,63,147,https://pishtaj.ir/knowledge-center/rosemount-vs-yokogawa-comparison.html,بله,2,7,4,Answer|Article|BreadcrumbList|FAQPage|ImageObject|ListItem|Organization|Question,6,609,
knowledge-center/rtd-vs-thermocouple-comparison.html,1,41,مقایسه سنسور دما RTD و Thermocouple صنعتی | پیشرو تجهیز فرتاک,61,145,https://pishtaj.ir/knowledge-center/rtd-vs-thermocouple-comparison.html,بله,2,7,4,Answer|Article|BreadcrumbList|FAQPage|ImageObject|ListItem|Organization|Question,4,375,متنِ یکتا 375
knowledge-center/safety-relief-valve-guide.html,1,43,راهنمای شیر اطمینان و ایمنی (PSV/PRV) صنعتی | پیشرو تجهیز فرتاک,63,147,https://pishtaj.ir/knowledge-center/safety-relief-valve-guide.html,بله,2,7,4,Answer|Article|BreadcrumbList|FAQPage|ImageObject|ListItem|Organization|Question,4,582,
knowledge-center/scada-rtu-system-guide.html,1,44,راهنمای سیستم SCADA و RTU در اتوماسیون صنعتی | پیشرو تجهیز فرتاک,64,148,https://pishtaj.ir/knowledge-center/scada-rtu-system-guide.html,بله,2,7,4,Answer|Article|BreadcrumbList|FAQPage|ImageObject|ListItem|Organization|Question,4,381,canonical مشترک با 2 صفحه · متنِ یکتا 381
knowledge-center/scada.html,1,29,سیستم SCADA در صنعت نفت و گاز | پیشرو تجهیز فرتاک,49,125,https://pishtaj.ir/knowledge-center/scada-rtu-system-guide.html,خیر,2,7,4,Answer|Article|BreadcrumbList|FAQPage|ImageObject|ListItem|Organization|Question|WebPage,1,97,canonical به مقصدِ ادغام (انتظار می‌رود) · canonical مشترک با 2 صفحه · متنِ یکتا 97
knowledge-center/schedule-sch-40-80-160.html,1,54,راهنمای ضخامت دیواره لوله (Schedule) | پیشرو تجهیز فرتاک,56,150,https://pishtaj.ir/knowledge-center/schedule-sch-40-80-160.html,بله,2,7,4,Answer|Article|BreadcrumbList|FAQPage|ImageObject|ListItem|Organization|Question|WebPage,3,99,متنِ یکتا 99
knowledge-center/seamless-pipe-complete-guide.html,1,69,راهنمای جامع لوله مانیسمان (بدون درز) | پیشرو تجهیز فرتاک,57,150,https://pishtaj.ir/knowledge-center/seamless-pipe-complete-guide.html,بله,2,7,4,Answer|Article|BreadcrumbList|FAQPage|ImageObject|ListItem|Organization|Question|WebPage,4,1339,
knowledge-center/seamless-vs-erw-pipe-difference.html,1,53,تفاوت لوله مانیسمان و لوله درزدار (ERW) | پیشرو تجهیز فرتاک,59,104,https://pishtaj.ir/knowledge-center/seamless-vs-erw-pipe-difference.html,بله,2,7,4,Answer|Article|BreadcrumbList|FAQPage|ImageObject|ListItem|Organization|Question|WebPage,6,1002,
knowledge-center/seat-ptfe-peek-nylon.html,1,51,مواد نشیمنگاه (Seat) در شیرآلات | پیشرو تجهیز فرتاک,51,147,https://pishtaj.ir/knowledge-center/seat-ptfe-peek-nylon.html,بله,2,7,4,Answer|Article|BreadcrumbList|FAQPage|ImageObject|ListItem|Organization|Question|WebPage,4,81,متنِ یکتا 81
knowledge-center/sf6.html,1,34,کلید قدرت SF6 و تجهیزات فشار قوی | پیشرو تجهیز فرتاک,52,130,https://pishtaj.ir/knowledge-center/sf6.html,بله,2,7,4,Answer|Article|BreadcrumbList|FAQPage|ImageObject|ListItem|Organization|Question|WebPage,2,78,متنِ یکتا 78
knowledge-center/shell-seat-closure.html,1,46,تست شیرآلات | پیشرو تجهیز فرتاک,31,142,https://pishtaj.ir/knowledge-center/shell-seat-closure.html,بله,2,7,4,Answer|Article|BreadcrumbList|FAQPage|ImageObject|ListItem|Organization|Question|WebPage,2,86,متنِ یکتا 86
knowledge-center/shutdown-turnaround-industrial-guide.html,1,39,راهنمای تجهیزات Shutdown و اورهال صنعتی | پیشرو تجهیز فرتاک,59,143,https://pishtaj.ir/knowledge-center/shutdown-turnaround-industrial-guide.html,بله,2,7,4,Answer|Article|BreadcrumbList|FAQPage|ImageObject|ListItem|Organization|Question,6,371,canonical مشترک با 2 صفحه · متنِ یکتا 371
knowledge-center/shutdown.html,1,31,تجهیزات Shutdown و اورهال صنعتی | پیشرو تجهیز فرتاک,51,127,https://pishtaj.ir/knowledge-center/shutdown-turnaround-industrial-guide.html,خیر,2,7,4,Answer|Article|BreadcrumbList|FAQPage|ImageObject|ListItem|Organization|Question|WebPage,3,71,canonical به مقصدِ ادغام (انتظار می‌رود) · canonical مشترک با 2 صفحه · متنِ یکتا 71
knowledge-center/sil-certification-instrument-guide.html,1,37,راهنمای گواهی SIL در ابزار دقیق صنعتی | پیشرو تجهیز فرتاک,57,141,https://pishtaj.ir/knowledge-center/sil-certification-instrument-guide.html,بله,2,7,4,Answer|Article|BreadcrumbList|FAQPage|ImageObject|ListItem|Organization|Question,4,367,متنِ یکتا 367
knowledge-center/sil-iec-61508-iec-61511.html,1,41,SIL در ابزار دقیق | پیشرو تجهیز فرتاک,37,137,https://pishtaj.ir/knowledge-center/sil-iec-61508-iec-61511.html,بله,2,7,4,Answer|Article|BreadcrumbList|FAQPage|ImageObject|ListItem|Organization|Question|WebPage,4,94,متنِ یکتا 94
knowledge-center/socket-weld-threaded.html,1,34,فلنج Socket Weld یا Threaded؟ مقایسهٔ فنی و راهنمای انتخاب,58,144,https://pishtaj.ir/knowledge-center/socket-weld-threaded.html,بله,2,7,4,Answer|Article|BreadcrumbList|FAQPage|ImageObject|ListItem|Organization|Question|WebPage,4,3162,
knowledge-center/soft-starter-guide.html,1,44,راهنمای سافت استارتر در کنترل موتورهای صنعتی | پیشرو تجهیز فرتاک,64,148,https://pishtaj.ir/knowledge-center/soft-starter-guide.html,بله,2,7,4,Answer|Article|BreadcrumbList|FAQPage|ImageObject|ListItem|Organization|Question,3,381,canonical مشترک با 2 صفحه · متنِ یکتا 381
knowledge-center/soft-starter.html,1,52,سافت استارتر (Soft Starter) | پیشرو تجهیز فرتاک,47,148,https://pishtaj.ir/knowledge-center/soft-starter-guide.html,خیر,2,7,4,Answer|Article|BreadcrumbList|FAQPage|ImageObject|ListItem|Organization|Question|WebPage,1,75,canonical به مقصدِ ادغام (انتظار می‌رود) · canonical مشترک با 2 صفحه · متنِ یکتا 75
knowledge-center/sour-service-equipment-guide.html,1,42,راهنمای تجهیزات سرویس اسیدی (Sour Service) | پیشرو تجهیز فرتاک,62,146,https://pishtaj.ir/knowledge-center/sour-service-equipment-guide.html,بله,2,7,4,Answer|Article|BreadcrumbList|FAQPage|ImageObject|ListItem|Organization|Question,2,531,
knowledge-center/ss304-ss316.html,1,47,لوله استینلس استیل SS304 و SS316 | پیشرو تجهیز فرتاک,52,143,https://pishtaj.ir/knowledge-center/ss304-ss316.html,بله,2,7,4,Answer|Article|BreadcrumbList|FAQPage|ImageObject|ListItem|Organization|Question|WebPage,4,105,متنِ یکتا 105
knowledge-center/stainless-steel-pipe-guide.html,1,49,راهنمای خرید لوله استنلس استیل؛ انتخاب گرید بر اساس سرویس,57,155,https://pishtaj.ir/knowledge-center/stainless-steel-pipe-guide.html,بله,2,7,4,Answer|Article|BreadcrumbList|FAQPage|ImageObject|ListItem|Organization|Question,10,3948,
knowledge-center/stainless-steel.html,1,36,شیر Stainless Steel | پیشرو تجهیز فرتاک,39,132,https://pishtaj.ir/knowledge-center/stainless-steel.html,بله,2,7,4,Answer|Article|BreadcrumbList|FAQPage|ImageObject|ListItem|Organization|Question|WebPage,6,85,متنِ یکتا 85
knowledge-center/steam-control-valve-sizing-guide.html,1,60,سایزینگ کنترل ولو بخار چیست؟ نکات انتخاب Steam Control Valve,60,152,https://pishtaj.ir/knowledge-center/steam-control-valve-sizing-guide.html,بله,2,7,4,Answer|Article|BreadcrumbList|FAQPage|ListItem|Organization|Question|WebPage,3,7854,
knowledge-center/steam-system-equipment-guide.html,1,32,راهنمای تجهیزات سیستم بخار صنعتی | پیشرو تجهیز فرتاک,52,136,https://pishtaj.ir/knowledge-center/steam-system-equipment-guide.html,بله,2,7,4,Answer|Article|BreadcrumbList|FAQPage|ImageObject|ListItem|Organization|Question,8,540,
knowledge-center/steel-industry-supply-guide.html,1,33,راهنمای تامین تجهیزات صنایع فولاد | پیشرو تجهیز فرتاک,53,137,https://pishtaj.ir/knowledge-center/steel-industry-supply-guide.html,بله,2,7,4,Answer|Article|BreadcrumbList|FAQPage|ImageObject|ListItem|Organization|Question,9,359,متنِ یکتا 359
knowledge-center/surge-arrester.html,1,27,رله برقگیر (Surge Arrester) | پیشرو تجهیز فرتاک,47,123,https://pishtaj.ir/knowledge-center/surge-arrester.html,بله,2,7,4,Answer|Article|BreadcrumbList|FAQPage|ImageObject|ListItem|Organization|Question|WebPage,2,90,متنِ یکتا 90
knowledge-center/temperature-transmitter-guide.html,1,62,راهنمای ترانسمیتر دما | پیشرو تجهیز فرتاک,41,121,https://pishtaj.ir/knowledge-center/temperature-transmitter-guide.html,بله,2,7,4,Answer|Article|BreadcrumbList|FAQPage|ImageObject|ListItem|Organization|Question|WebPage,5,636,
knowledge-center/thermal-mass-flowmeter.html,1,38,فلومتر حرارتی (Thermal Mass Flowmeter) | پیشرو تجهیز فرتاک,58,134,https://pishtaj.ir/knowledge-center/thermal-mass-flowmeter.html,بله,2,7,4,Answer|Article|BreadcrumbList|FAQPage|ImageObject|ListItem|Organization|Question|WebPage,4,79,متنِ یکتا 79
knowledge-center/thermowell-guide.html,1,41,راهنمای ترموول (Thermowell) در ابزار دقیق | پیشرو تجهیز فرتاک,61,145,https://pishtaj.ir/knowledge-center/thermowell-guide.html,بله,2,7,4,Answer|Article|BreadcrumbList|FAQPage|ImageObject|ListItem|Organization|Question,3,375,canonical مشترک با 2 صفحه · متنِ یکتا 375
knowledge-center/thermowell.html,1,34,Thermowell (ترموول) | پیشرو تجهیز فرتاک,39,130,https://pishtaj.ir/knowledge-center/thermowell-guide.html,خیر,2,7,4,Answer|Article|BreadcrumbList|FAQPage|ImageObject|ListItem|Organization|Question|WebPage,1,76,canonical به مقصدِ ادغام (انتظار می‌رود) · canonical مشترک با 2 صفحه · متنِ یکتا 76
knowledge-center/third-party-inspection-guide.html,1,37,راهنمای بازرسی شخص ثالث (TPI) در صنعت | پیشرو تجهیز فرتاک,57,141,https://pishtaj.ir/knowledge-center/kc-supplier-qualification-assessment.html,خیر,2,7,4,Answer|Article|BreadcrumbList|FAQPage|ImageObject|ListItem|Organization|Question,7,367,canonical به مقصدِ ادغام (انتظار می‌رود) · canonical مشترک با 2 صفحه · متنِ یکتا 367
knowledge-center/tilting-disc-check-valve.html,1,36,راهنمای شیر Tilting Disc Check Valve | پیشرو تجهیز فرتاک,56,132,https://pishtaj.ir/knowledge-center/tilting-disc-check-valve.html,بله,2,7,4,Answer|Article|BreadcrumbList|FAQPage|ImageObject|ListItem|Organization|Question|WebPage,2,300,متنِ یکتا 300
knowledge-center/transit-time-doppler.html,1,43,فلومتر اولتراسونیک | پیشرو تجهیز فرتاک,38,139,https://pishtaj.ir/knowledge-center/transit-time-doppler.html,بله,2,7,4,Answer|Article|BreadcrumbList|FAQPage|ImageObject|ListItem|Organization|Question|WebPage,1,63,متنِ یکتا 63
knowledge-center/turbidity-meter.html,1,35,راهنمای Turbidity Meter (کدورت سنج) | پیشرو تجهیز فرتاک,55,131,https://pishtaj.ir/knowledge-center/turbidity-meter.html,بله,2,7,4,Answer|Article|BreadcrumbList|FAQPage|ImageObject|ListItem|Organization|Question|WebPage,3,80,متنِ یکتا 80
knowledge-center/ups-industrial-guide.html,1,40,راهنمای UPS صنعتی | پیشرو تجهیز فرتاک,37,144,https://pishtaj.ir/knowledge-center/kc-ups.html,خیر,2,7,4,Answer|Article|BreadcrumbList|FAQPage|ImageObject|ListItem|Organization|Question,2,373,canonical به مقصدِ ادغام (انتظار می‌رود) · canonical مشترک با 4 صفحه · متنِ یکتا 373
knowledge-center/ups-nicd-li-ion.html,1,32,UPS باتری NiCd و Li-ion | پیشرو تجهیز فرتاک,43,128,https://pishtaj.ir/knowledge-center/kc-ups.html,خیر,2,7,4,Answer|Article|BreadcrumbList|FAQPage|ImageObject|ListItem|Organization|Question|WebPage,2,78,canonical به مقصدِ ادغام (انتظار می‌رود) · canonical مشترک با 4 صفحه · متنِ یکتا 78
knowledge-center/ups-online-line-interactive.html,1,37,UPS صنعتی؛ انواع و راهنمای انتخاب | پیشرو تجهیز فرتاک,53,133,https://pishtaj.ir/knowledge-center/kc-ups.html,خیر,2,7,4,Answer|Article|BreadcrumbList|FAQPage|ImageObject|ListItem|Organization|Question|WebPage,2,83,canonical به مقصدِ ادغام (انتظار می‌رود) · canonical مشترک با 4 صفحه · متنِ یکتا 83
knowledge-center/ut.html,1,28,راهنمای تست UT لوله (فراصوت) | پیشرو تجهیز فرتاک,48,124,https://pishtaj.ir/knowledge-center/kc-ndt.html,خیر,2,7,4,Answer|Article|BreadcrumbList|FAQPage|ImageObject|ListItem|Organization|Question|WebPage,2,82,canonical به مقصدِ ادغام (انتظار می‌رود) · canonical مشترک با 4 صفحه · متنِ یکتا 82
knowledge-center/valve-actuator-types-guide.html,1,46,راهنمای انواع محرک (Actuator) در شیرآلات صنعتی,46,150,https://pishtaj.ir/knowledge-center/valve-actuator-types-guide.html,بله,2,7,4,Answer|Article|BreadcrumbList|FAQPage|ImageObject|ListItem|Organization|Question,5,385,متنِ یکتا 385
knowledge-center/valve-body-material-selection.html,1,40,راهنمای انتخاب متریال بدنه شیرآلات صنعتی | پیشرو تجهیز فرتاک,60,144,https://pishtaj.ir/knowledge-center/valve-body-material-selection.html,بله,2,7,4,Answer|Article|BreadcrumbList|FAQPage|ImageObject|ListItem|Organization|Question,5,373,متنِ یکتا 373
knowledge-center/valve-brands-comparison-guide.html,1,36,راهنمای مقایسه برندهای شیرآلات صنعتی | پیشرو تجهیز فرتاک,56,140,https://pishtaj.ir/knowledge-center/valve-brands-comparison-guide.html,بله,2,7,4,Answer|Article|BreadcrumbList|FAQPage|ImageObject|ListItem|Organization|Question,3,365,متنِ یکتا 365
knowledge-center/valve-sealing-guide.html,1,42,راهنمای آب‌بندی (Sealing) در شیرآلات صنعتی | پیشرو تجهیز فرتاک,62,146,https://pishtaj.ir/knowledge-center/valve-sealing-guide.html,بله,2,7,4,Answer|Article|BreadcrumbList|FAQPage|ImageObject|ListItem|Organization|Question,2,377,متنِ یکتا 377
knowledge-center/valve-seat-material-guide.html,1,45,راهنمای مواد نشیمنگاه (Seat) در شیرآلات صنعتی | پیشرو تجهیز فرتاک,65,149,https://pishtaj.ir/knowledge-center/valve-seat-material-guide.html,بله,2,7,4,Answer|Article|BreadcrumbList|FAQPage|ImageObject|ListItem|Organization|Question,6,383,متنِ یکتا 383
knowledge-center/valve-testing-guide.html,1,48,راهنمای تست شیرآلات صنعتی | پیشرو تجهیز فرتاک,45,152,https://pishtaj.ir/knowledge-center/valve-testing-guide.html,بله,2,7,4,Answer|Article|BreadcrumbList|FAQPage|ImageObject|ListItem|Organization|Question,3,389,متنِ یکتا 389
knowledge-center/vcb.html,1,33,کلید وکیوم (VCB) | پیشرو تجهیز فرتاک,36,129,https://pishtaj.ir/knowledge-center/vcb.html,بله,2,7,4,Answer|Article|BreadcrumbList|FAQPage|ImageObject|ListItem|Organization|Question|WebPage,3,386,متنِ یکتا 386
knowledge-center/vendor-qualification.html,1,55,راهنمای تأیید صلاحیت تامین‌کننده (Vendor Qualification),55,151,https://pishtaj.ir/knowledge-center/vendor-qualification.html,بله,2,7,4,Answer|Article|BreadcrumbList|FAQPage|ImageObject|ListItem|Organization|Question|WebPage,4,95,متنِ یکتا 95
knowledge-center/vfd-variable-frequency-drive-guide.html,1,36,راهنمای درایو فرکانس متغیر VFD صنعتی | پیشرو تجهیز فرتاک,56,140,https://pishtaj.ir/knowledge-center/vfd-variable-frequency-drive-guide.html,بله,2,7,4,Answer|Article|BreadcrumbList|FAQPage|ImageObject|ListItem|Organization|Question,4,550,
knowledge-center/vfd.html,1,40,درایو فرکانس متغیر VFD | پیشرو تجهیز فرتاک,42,136,https://pishtaj.ir/knowledge-center/kc-vfd.html,خیر,2,7,4,Answer|Article|BreadcrumbList|FAQPage|ImageObject|ListItem|Organization|Question|WebPage,2,272,canonical به مقصدِ ادغام (انتظار می‌رود) · canonical مشترک با 2 صفحه · متنِ یکتا 272
knowledge-center/vortex-flowmeter.html,1,31,فلومتر ورتکس (Vortex Flowmeter) | پیشرو تجهیز فرتاک,51,127,https://pishtaj.ir/knowledge-center/vortex-flowmeter.html,بله,2,7,4,Answer|Article|BreadcrumbList|FAQPage|ImageObject|ListItem|Organization|Question|WebPage,2,255,متنِ یکتا 255
knowledge-center/wn-vs-so-flange-comparison.html,1,63,مقایسه فلنج گلودار (WN) و اسلیپ‌آن (SO) | پیشرو تجهیز فرتاک,59,134,https://pishtaj.ir/knowledge-center/wn-vs-so-flange-comparison.html,بله,2,7,4,Answer|Article|BreadcrumbList|FAQPage|ImageObject|ListItem|Organization|Question|WebPage,6,934,
knowledge-center/yokogawa-eja.html,1,27,ترانسمیتر فشار Yokogawa EJA | پیشرو تجهیز فرتاک,47,123,https://pishtaj.ir/knowledge-center/yokogawa-eja.html,بله,2,7,4,Answer|Article|BreadcrumbList|FAQPage|ImageObject|ListItem|Organization|Question|WebPage,1,82,متنِ یکتا 82
logistics/index.html,1,54,لجستیک، تامین و انبارداری صنعتی | پیشرو تجهیز فرتاک,51,105,https://pishtaj.ir/logistics/,بله,2,8,4,BreadcrumbList|ListItem|OfferCatalog|PostalAddress|QuantitativeValue,0,,
news/index.html,1,18,اخبار و اطلاعیه‌ها | پیشرو تجهیز فرتاک,38,80,https://pishtaj.ir/news/,بله,2,7,4,BreadcrumbList|CollectionPage|ImageObject|ListItem|Organization|WebSite,573,,
projects/index.html,1,31,سوابق تامین و شواهد قابل انتشار | پیشرو تجهیز فرتاک,51,129,https://pishtaj.ir/projects/,بله,2,7,2,BreadcrumbList|CollectionPage|ListItem,570,,
quality/index.html,1,51,فرآیند QA/QC و کنترل مدارک فنی | پیشرو تجهیز فرتاک,50,133,https://pishtaj.ir/quality/,بله,2,7,2,Answer|BreadcrumbList|FAQPage|ListItem|Question|WebPage,624,,
rfq/index.html,1,41,استعلام قیمت تجهیزات صنعتی (RFQ) | پیشرو تجهیز فرتاک,52,81,https://pishtaj.ir/rfq/,بله,2,8,4,BreadcrumbList|ListItem|OfferCatalog|PostalAddress|QuantitativeValue,3228,,
search/index.html,1,62,جستجوی سایت | پیشرو تجهیز فرتاک,31,88,https://pishtaj.ir/search/,بله,0,7,4,BreadcrumbList|ListItem,1,,
services/boilers/index.html,1,89,تامین بویلر و تجهیزات بخار صنعتی | پیشرو تجهیز فرتاک,52,149,https://pishtaj.ir/services/boilers/,بله,2,8,4,Answer|BreadcrumbList|FAQPage|ListItem|Question|Service,32,,
services/compressors/index.html,1,72,تامین کمپرسور صنعتی | اسکرو، رفت‌وبرگشتی، سانتریفیوژ,52,159,https://pishtaj.ir/services/compressors/,بله,2,8,4,Answer|BreadcrumbList|FAQPage|ListItem|Question|Service,26,,
services/electrical-equipment/index.html,1,74,تامین تجهیزات برق صنعتی | Switchgear، Automation، Cable,55,148,https://pishtaj.ir/services/electrical-equipment/,بله,2,8,4,Answer|BreadcrumbList|FAQPage|ListItem|Question|Service,89,,canonical مشترک با 2 صفحه
services/electrical-supply.html,1,41,تامین تجهیزات برق صنعتی | پیشرو تجهیز فرتاک,43,102,https://pishtaj.ir/services/electrical-equipment/,خیر,2,7,4,Answer|BreadcrumbList|FAQPage|ListItem|Offer|OfferCatalog|Organization|Product|Question|Service,55,,canonical به مقصدِ ادغام (انتظار می‌رود) · canonical مشترک با 2 صفحه
services/index.html,1,31,خدمات تخصصی تامین تجهیزات صنعتی | پیشرو تجهیز فرتاک,51,122,https://pishtaj.ir/services/,بله,2,7,4,BreadcrumbList|CollectionPage|ImageObject|ListItem|Organization|WebSite,872,,
services/industrial-equipment/index.html,1,75,تامین تجهیزات صنعتی متفرقه | مبدل حرارتی، فن، بلوور، مخزن,57,164,https://pishtaj.ir/services/industrial-equipment/,بله,2,8,4,Answer|BreadcrumbList|FAQPage|ListItem|Question|Service,38,,
services/inspection-quality.html,1,45,خدمات بازرسی فنی و تضمین کیفیت | پیشرو تجهیز فرتاک,50,123,https://pishtaj.ir/services/inspection-quality.html,بله,2,7,4,Answer|BreadcrumbList|FAQPage|ListItem|Offer|OfferCatalog|Organization|Product|Question|Service,1,,
services/instrumentation-equipment/index.html,1,89,تامین ابزار دقیق، ترانسمیتر و فلومتر | پیشرو تجهیز فرتاک,56,123,https://pishtaj.ir/services/instrumentation-equipment/,بله,2,8,4,Answer|BreadcrumbList|FAQPage|ListItem|Question|Service,159,,canonical مشترک با 2 صفحه
services/instrumentation-supply.html,1,44,تامین تجهیزات ابزار دقیق | پیشرو تجهیز فرتاک,44,113,https://pishtaj.ir/services/instrumentation-equipment/,خیر,2,7,4,Answer|BreadcrumbList|FAQPage|ListItem|Offer|OfferCatalog|Organization|Product|Question|Service,17,,canonical به مقصدِ ادغام (انتظار می‌رود) · canonical مشترک با 2 صفحه
services/piping-equipment/index.html,1,107,تامین تجهیزات پایپینگ، لوله، فلنج و فیتینگ | پیشرو تجهیز فرتاک,62,121,https://pishtaj.ir/services/piping-equipment/,بله,2,8,4,Answer|BreadcrumbList|FAQPage|ListItem|Offer|OfferCatalog|Question|Service,123,,canonical مشترک با 2 صفحه
services/piping-supply.html,1,43,تامین تجهیزات پایپینگ | پیشرو تجهیز فرتاک,41,136,https://pishtaj.ir/services/piping-equipment/,خیر,2,7,4,Answer|BreadcrumbList|FAQPage|ListItem|Offer|OfferCatalog|Organization|Product|Question|Service,24,,canonical به مقصدِ ادغام (انتظار می‌رود) · canonical مشترک با 2 صفحه
services/procurement-logistics.html,1,41,خدمات تامین، لجستیک و مدیریت زنجیره تامین صنعتی | پیشرو تجهیز,61,101,https://pishtaj.ir/services/procurement-logistics.html,بله,2,7,4,Answer|BreadcrumbList|FAQPage|ListItem|Offer|OfferCatalog|Organization|Product|Question|Service,7,,
services/products/a333-low-temperature-pipe.html,1,43,خرید و تامین لوله دمای پایین ASTM A333 Gr.6,43,132,https://pishtaj.ir/services/products/a333-low-temperature-pipe.html,بله,2,5,4,Answer|Brand|BreadcrumbList|FAQPage|ListItem|Product|Question,5,,
services/products/air-cooler-fin-fan.html,1,47,خرید و تامین Air Cooler و Fin Fan مطابق API 661,47,138,https://pishtaj.ir/services/products/air-cooler-fin-fan.html,بله,2,5,4,Answer|Brand|BreadcrumbList|FAQPage|ListItem|Product|Question,5,,
services/products/alloy-steel-pipe-a335.html,1,46,خرید و تامین لوله آلیاژی ASTM A335 P11/P22/P91,46,141,https://pishtaj.ir/services/products/alloy-steel-pipe-a335.html,بله,2,5,4,Answer|Brand|BreadcrumbList|FAQPage|ListItem|Product|Question,7,,
services/products/ansi-process-pump.html,1,46,خرید و تامین پمپ ANSI Process مطابق ASME B73.1,46,159,https://pishtaj.ir/services/products/ansi-process-pump.html,بله,2,5,4,Answer|Brand|BreadcrumbList|FAQPage|ListItem|Product|Question,4,,
services/products/api-5l-pipe.html,1,34,خرید و تامین لوله API 5L PSL1/PSL2 | پیشرو تجهیز فرتاک,54,146,https://pishtaj.ir/services/products/api-5l-pipe.html,بله,2,8,4,Answer|Brand|BreadcrumbList|FAQPage|ListItem|Product|Question|WebPage,13,,
services/products/api-610-centrifugal-pump.html,1,35,خرید و تامین پمپ سانتریفیوژ API 610 | پیشرو تجهیز فرتاک,55,142,https://pishtaj.ir/services/products/api-610-centrifugal-pump.html,بله,2,8,4,Answer|Brand|BreadcrumbList|FAQPage|ListItem|Product|Question|WebPage,18,,
services/products/ball-valve.html,1,33,خرید و تامین بال ولو صنعتی API 6D | پیشرو تجهیز فرتاک,53,144,https://pishtaj.ir/services/products/ball-valve.html,بله,2,8,4,Answer|Brand|BreadcrumbList|FAQPage|ListItem|Product|Question|WebPage,552,,
services/products/butt-weld-fittings.html,1,35,خرید و تامین فیتینگ جوشی ASME B16.9 | پیشرو تجهیز فرتاک,55,135,https://pishtaj.ir/services/products/butt-weld-fittings.html,بله,2,8,4,Answer|Brand|BreadcrumbList|FAQPage|ListItem|Product|Question|WebPage,10,,
services/products/butterfly-valve.html,1,33,خرید و تامین باترفلای ولو API 609 | پیشرو تجهیز فرتاک,53,155,https://pishtaj.ir/services/products/butterfly-valve.html,بله,2,8,4,Answer|Brand|BreadcrumbList|FAQPage|ListItem|Product|Question|WebPage,11,,
services/products/cable-accessories.html,1,55,خرید و تامین متعلقات کابل صنعتی؛ Cable Gland، Lug، Tray,55,138,https://pishtaj.ir/services/products/cable-accessories.html,بله,2,5,4,Answer|Brand|BreadcrumbList|FAQPage|ListItem|Product|Question,6,,
services/products/check-valve.html,1,46,خرید و تامین چک ولو Swing، Dual Plate و Nozzle | پیشرو تجهیز,60,145,https://pishtaj.ir/services/products/check-valve.html,بله,2,8,4,Answer|Brand|BreadcrumbList|FAQPage|ListItem|Product|Question|WebPage,11,,
services/products/chemical-injection-package.html,1,61,خرید و تامین پکیج تزریق مواد شیمیایی؛ Chemical Injection Skid,61,132,https://pishtaj.ir/services/products/chemical-injection-package.html,بله,2,5,4,Answer|Brand|BreadcrumbList|FAQPage|ListItem|Product|Question,3,,
services/products/control-valve.html,1,32,خرید و تامین کنترل ولو IEC 60534 | پیشرو تجهیز فرتاک,52,149,https://pishtaj.ir/services/products/control-valve.html,بله,2,8,4,Answer|Brand|BreadcrumbList|FAQPage|ListItem|Product|Question|WebPage,16,,
services/products/coriolis-flowmeter.html,1,28,خرید و تامین فلومتر کوریولیس | پیشرو تجهیز فرتاک,48,153,https://pishtaj.ir/services/products/coriolis-flowmeter.html,بله,2,8,4,Answer|Brand|BreadcrumbList|FAQPage|ListItem|Product|Question|WebPage,10,,
services/products/deaerator-feedwater-system.html,1,46,خرید و تامین دی‌اریاتور و سیستم آب تغذیه بویلر,46,135,https://pishtaj.ir/services/products/deaerator-feedwater-system.html,بله,2,5,4,Answer|Brand|BreadcrumbList|FAQPage|ListItem|Product|Question,6,,
services/products/diaphragm-seal.html,1,60,خرید و تامین دیافراگم سیل و Remote Seal برای ترانسمیتر و گیج,60,141,https://pishtaj.ir/services/products/diaphragm-seal.html,بله,2,5,4,Answer|Brand|BreadcrumbList|FAQPage|ListItem|Product|Question,4,,
services/products/differential-pressure-transmitter.html,1,37,خرید و تامین ترانسمیتر اختلاف فشار DP | پیشرو تجهیز فرتاک,57,158,https://pishtaj.ir/services/products/differential-pressure-transmitter.html,بله,2,8,4,Answer|Brand|BreadcrumbList|FAQPage|ListItem|Product|Question|WebPage,13,,
services/products/displacer-level-transmitter.html,1,61,خرید و تامین ترانسمیتر سطح دیسپلیسری؛ Torque Tube و Cage Type,61,146,https://pishtaj.ir/services/products/displacer-level-transmitter.html,بله,2,5,4,Answer|Brand|BreadcrumbList|FAQPage|ListItem|Product|Question,3,,
services/products/dosing-metering-pump.html,1,31,خرید و تامین دوزینگ پمپ API 675 | پیشرو تجهیز فرتاک,51,156,https://pishtaj.ir/services/products/dosing-metering-pump.html,بله,2,8,4,Answer|Brand|BreadcrumbList|FAQPage|ListItem|Product|Question|WebPage,12,,
services/products/earthing-lightning-protection.html,1,60,خرید و تامین سیستم ارتینگ و حفاظت صاعقه؛ IEC 62305 و IEEE 80,60,162,https://pishtaj.ir/services/products/earthing-lightning-protection.html,بله,2,5,4,Answer|Brand|BreadcrumbList|FAQPage|ListItem|Product|Question,4,,
services/products/expansion-joints-flexible-hose.html,1,53,خرید و تامین اکسپنشن جوینت فلزی و Flexible Metal Hose,53,137,https://pishtaj.ir/services/products/expansion-joints-flexible-hose.html,بله,2,5,4,Answer|Brand|BreadcrumbList|FAQPage|ListItem|Product|Question,2,,
services/products/explosion-proof-lighting.html,1,53,خرید و تامین چراغ ضدانفجار LED؛ ATEX، IECEx، Zone 1/2,53,141,https://pishtaj.ir/services/products/explosion-proof-lighting.html,بله,2,5,4,Answer|Brand|BreadcrumbList|FAQPage|ListItem|Product|Question,5,,
services/products/fire-alarm-fg-panel.html,1,66,خرید و تامین پنل اعلام حریق و Fire &amp; Gas صنعتی؛ EN 54، NFPA,63,122,https://pishtaj.ir/services/products/fire-alarm-fg-panel.html,بله,2,5,4,Answer|Brand|BreadcrumbList|FAQPage|ListItem|Product|Question,3,,
services/products/fire-suppression-system.html,1,65,خرید و تامین سیستم اطفای حریق Clean Agent، CO2، Foam و Water Mist,65,141,https://pishtaj.ir/services/products/fire-suppression-system.html,بله,2,5,4,Answer|Brand|BreadcrumbList|FAQPage|ListItem|Product|Question,2,,
services/products/fire-tube-boiler.html,1,56,خرید و تامین بویلر فایرتیوب صنعتی؛ Packaged Steam Boiler,56,134,https://pishtaj.ir/services/products/fire-tube-boiler.html,بله,2,5,4,Answer|Brand|BreadcrumbList|FAQPage|ListItem|Product|Question,8,,
services/products/fixed-gas-detector.html,1,52,خرید و تامین دتکتور گاز ثابت صنعتی؛ H2S، LEL، O2، CO,52,165,https://pishtaj.ir/services/products/fixed-gas-detector.html,بله,2,5,4,Answer|Brand|BreadcrumbList|FAQPage|ListItem|Product|Question,4,,
services/products/flowmeter.html,1,25,خرید و تامین فلومتر صنعتی | پیشرو تجهیز فرتاک,45,157,https://pishtaj.ir/services/products/flowmeter.html,بله,2,8,4,Answer|Brand|BreadcrumbList|FAQPage|ListItem|Product|Question|WebPage,21,,
services/products/forged-fittings.html,1,60,خرید و تامین فیتینگ فورج ASME B16.11؛ Socket Weld و Threaded,60,138,https://pishtaj.ir/services/products/forged-fittings.html,بله,2,7,4,Answer|Brand|BreadcrumbList|FAQPage|ListItem|Product|Question|WebPage,4,,
services/products/gate-valve.html,1,38,خرید و تامین گیت ولو API 600 و API 602 | پیشرو تجهیز فرتاک,58,153,https://pishtaj.ir/services/products/gate-valve.html,بله,2,8,4,Answer|Brand|BreadcrumbList|FAQPage|ListItem|Product|Question|WebPage,12,,
services/products/globe-valve.html,1,35,خرید و تامین گلوب ولو صنعتی API 623 | پیشرو تجهیز فرتاک,55,154,https://pishtaj.ir/services/products/globe-valve.html,بله,2,8,4,Answer|Brand|BreadcrumbList|FAQPage|ListItem|Product|Question|WebPage,10,,
services/products/hazardous-area-cctv-access-control.html,1,49,خرید و تامین CCTV ضدانفجار و Access Control صنعتی,49,136,https://pishtaj.ir/services/products/hazardous-area-cctv-access-control.html,بله,2,5,4,Answer|Brand|BreadcrumbList|FAQPage|ListItem|Product|Question,2,,
services/products/index.html,1,31,جستجوی محصولات صنعتی قابل تامین | پیشرو تجهیز فرتاک,51,131,https://pishtaj.ir/services/products/,بله,2,7,4,BreadcrumbList|CollectionPage|ItemList|ListItem,850,,
services/products/industrial-burner.html,1,55,خرید و تامین مشعل صنعتی؛ Gas/Oil/Dual Fuel Burner و BMS,55,136,https://pishtaj.ir/services/products/industrial-burner.html,بله,2,5,4,Answer|Brand|BreadcrumbList|FAQPage|ListItem|Product|Question,4,,
services/products/industrial-circuit-breakers.html,1,36,خرید و تامین کلید صنعتی ACB MCCB VCB | پیشرو تجهیز فرتاک,56,145,https://pishtaj.ir/services/products/industrial-circuit-breakers.html,بله,2,8,4,Answer|Brand|BreadcrumbList|FAQPage|ListItem|Product|Question|WebPage,15,,
services/products/industrial-fan-blower.html,1,57,خرید و تامین فن و بلوور صنعتی؛ Centrifugal Fan، ID/FD Fan,57,132,https://pishtaj.ir/services/products/industrial-fan-blower.html,بله,2,5,4,Answer|Brand|BreadcrumbList|FAQPage|ListItem|Product|Question,6,,
services/products/industrial-gaskets.html,1,23,خرید و تامین گسکت صنعتی | پیشرو تجهیز فرتاک,43,141,https://pishtaj.ir/services/products/industrial-gaskets.html,بله,2,8,4,Answer|Brand|BreadcrumbList|FAQPage|ListItem|Product|Question|WebPage,13,,
services/products/industrial-hvac-pressurization.html,1,51,خرید و تامین HVAC صنعتی و Pressurization اتاق کنترل,51,155,https://pishtaj.ir/services/products/industrial-hvac-pressurization.html,بله,2,5,4,Answer|Brand|BreadcrumbList|FAQPage|ListItem|Product|Question,3,,
services/products/industrial-power-instrument-cable.html,1,66,خرید و تامین کابل قدرت و ابزار دقیق صنعتی؛ XLPE، Armored,56,136,https://pishtaj.ir/services/products/industrial-power-instrument-cable.html,بله,2,7,4,Answer|Brand|BreadcrumbList|FAQPage|ListItem|Product|Question|WebPage,5,,
services/products/industrial-strainer-filter.html,1,54,خرید و تامین Y Strainer، Basket Strainer و فیلتر صنعتی,54,162,https://pishtaj.ir/services/products/industrial-strainer-filter.html,بله,2,5,4,Answer|Brand|BreadcrumbList|FAQPage|ListItem|Product|Question,4,,
services/products/industrial-ups-battery-charger.html,1,56,خرید و تامین UPS صنعتی و شارژر باتری؛ AC/DC Backup Power,56,159,https://pishtaj.ir/services/products/industrial-ups-battery-charger.html,بله,2,7,4,Answer|Brand|BreadcrumbList|FAQPage|ListItem|Product|Question|WebPage,6,,
services/products/instrument-air-package.html,1,66,خرید و تامین پکیج Instrument Air؛ کمپرسور، درایر، فیلتر,55,140,https://pishtaj.ir/services/products/instrument-air-package.html,بله,2,5,4,Answer|Brand|BreadcrumbList|FAQPage|ListItem|Product|Question,6,,
services/products/lv-mv-switchgear.html,1,28,خرید و تامین تابلو برق LV/MV | پیشرو تجهیز فرتاک,48,137,https://pishtaj.ir/services/products/lv-mv-switchgear.html,بله,2,8,4,Answer|Brand|BreadcrumbList|FAQPage|ListItem|Product|Question|WebPage,18,,
services/products/magnetic-flowmeter.html,1,37,خرید و تامین فلومتر مغناطیسی Magmeter | پیشرو تجهیز فرتاک,57,143,https://pishtaj.ir/services/products/magnetic-flowmeter.html,بله,2,8,4,Answer|Brand|BreadcrumbList|FAQPage|ListItem|Product|Question|WebPage,9,,
services/products/mechanical-seal.html,1,48,خرید و تامین مکانیکال سیل صنعتی API 682 برای پمپ,48,165,https://pishtaj.ir/services/products/mechanical-seal.html,بله,2,5,4,Answer|Brand|BreadcrumbList|FAQPage|ListItem|Product|Question,9,,
services/products/mixer-agitator.html,1,71,خرید و تامین میکسر و آگیتاتور صنعتی؛ Top Entry، Side Entry,58,140,https://pishtaj.ir/services/products/mixer-agitator.html,بله,2,5,4,Answer|Brand|BreadcrumbList|FAQPage|ListItem|Product|Question,3,,
services/products/motor-control-center-mcc.html,1,63,خرید و تامین تابلو MCC مرکز کنترل موتور IEC 61439 / NEMA ICS 18,63,132,https://pishtaj.ir/services/products/motor-control-center-mcc.html,بله,2,5,4,Answer|Brand|BreadcrumbList|FAQPage|ListItem|Product|Question,8,,
services/products/online-water-quality-analyzer.html,1,70,خرید و تامین آنالایزر آنلاین کیفیت آب؛ pH، Conductivity,55,141,https://pishtaj.ir/services/products/online-water-quality-analyzer.html,بله,2,5,4,Answer|Brand|BreadcrumbList|FAQPage|ListItem|Product|Question,4,,
services/products/orifice-plate-flowmeter.html,1,51,خرید و تامین Orifice Plate Flowmeter مطابق ISO 5167,51,146,https://pishtaj.ir/services/products/orifice-plate-flowmeter.html,بله,2,5,4,Answer|Brand|BreadcrumbList|FAQPage|ListItem|Product|Question,3,,
services/products/pipe-supports-spring-hangers.html,1,54,خرید و تامین ساپورت پایپینگ، Spring Hanger و Pipe Shoe,54,142,https://pishtaj.ir/services/products/pipe-supports-spring-hangers.html,بله,2,5,4,Answer|Brand|BreadcrumbList|FAQPage|ListItem|Product|Question,4,,
services/products/plate-heat-exchanger.html,1,50,خرید و تامین مبدل حرارتی صفحه‌ای Gasketed و Brazed,50,141,https://pishtaj.ir/services/products/plate-heat-exchanger.html,بله,2,5,4,Answer|Brand|BreadcrumbList|FAQPage|ListItem|Product|Question,4,,
services/products/plc-control-panel.html,1,64,خرید و تامین تابلو کنترل PLC، I/O، HMI و تجهیزات اتوماسیون صنعتی,64,146,https://pishtaj.ir/services/products/plc-control-panel.html,بله,2,5,4,Answer|Brand|BreadcrumbList|FAQPage|ListItem|Product|Question,10,,
services/products/positive-displacement-pump.html,1,54,خرید و تامین پمپ جابجایی مثبت؛ Screw، Gear و Lobe Pump,54,158,https://pishtaj.ir/services/products/positive-displacement-pump.html,بله,2,5,4,Answer|Brand|BreadcrumbList|FAQPage|ListItem|Product|Question,4,,
services/products/power-transformer.html,1,39,خرید و تامین ترانسفورماتور توزیع و قدرت | پیشرو تجهیز فرتاک,59,142,https://pishtaj.ir/services/products/power-transformer.html,بله,2,8,4,Answer|Brand|BreadcrumbList|FAQPage|ListItem|Product|Question|WebPage,8,,
services/products/pressure-gauge.html,1,62,خرید و تامین گیج فشار صنعتی؛ Safety Pattern مطابق ASME B40.100,62,158,https://pishtaj.ir/services/products/pressure-gauge.html,بله,2,5,4,Answer|Brand|BreadcrumbList|FAQPage|ListItem|Product|Question,5,,
services/products/pressure-transmitter.html,1,33,خرید و تامین ترانسمیتر فشار صنعتی | پیشرو تجهیز فرتاک,53,146,https://pishtaj.ir/services/products/pressure-transmitter.html,بله,2,8,4,Answer|Brand|BreadcrumbList|FAQPage|ListItem|Product|Question|WebPage,19,,
services/products/pressure-vessel.html,1,31,خرید و تامین مخزن تحت فشار ASME | پیشرو تجهیز فرتاک,51,158,https://pishtaj.ir/services/products/pressure-vessel.html,بله,2,8,4,Answer|Brand|BreadcrumbList|FAQPage|ListItem|Product|Question|WebPage,8,,
services/products/process-gas-analyzer-system.html,1,61,خرید و تامین سیستم آنالایزر گاز فرایندی؛ Extractive و In-situ,61,149,https://pishtaj.ir/services/products/process-gas-analyzer-system.html,بله,2,5,4,Answer|Brand|BreadcrumbList|FAQPage|ListItem|Product|Question,5,,
services/products/psv-prv-safety-valve.html,1,31,خرید و تامین PSV و Safety Valve | پیشرو تجهیز فرتاک,51,132,https://pishtaj.ir/services/products/psv-prv-safety-valve.html,بله,2,8,4,Answer|Brand|BreadcrumbList|FAQPage|ListItem|Product|Question|WebPage,10,,
services/products/radar-level-transmitter.html,1,32,خرید و تامین رادار لول ترانسمیتر | پیشرو تجهیز فرتاک,52,158,https://pishtaj.ir/services/products/radar-level-transmitter.html,بله,2,8,4,Answer|Brand|BreadcrumbList|FAQPage|ListItem|Product|Question|WebPage,12,,
services/products/reciprocating-compressor.html,1,57,خرید و تامین کمپرسور رفت‌وبرگشتی API 618 برای گاز فرایندی,57,151,https://pishtaj.ir/services/products/reciprocating-compressor.html,بله,2,5,4,Answer|Brand|BreadcrumbList|FAQPage|ListItem|Product|Question,5,,
services/products/rosemount-3051.html,1,61,ترانسمیتر فشار روزمونت 3051؛ تامین، قیمت و استعلام | پیشرو تجهیز,64,150,https://pishtaj.ir/services/products/rosemount-3051.html,بله,2,8,4,Answer|Brand|BreadcrumbList|FAQPage|ListItem|Product|Question|WebPage,550,,
services/products/screw-compressor.html,1,32,خرید و تامین کمپرسور اسکرو صنعتی | پیشرو تجهیز فرتاک,52,159,https://pishtaj.ir/services/products/screw-compressor.html,بله,2,8,4,Answer|Brand|BreadcrumbList|FAQPage|ListItem|Product|Question|WebPage,16,,
services/products/seamless-pipe.html,1,36,خرید و تامین لوله مانیسمان ASTM A106 | پیشرو تجهیز فرتاک,56,153,https://pishtaj.ir/services/products/seamless-pipe.html,بله,2,8,4,Answer|Brand|BreadcrumbList|FAQPage|ListItem|Product|Question|WebPage,560,,
services/products/shell-tube-heat-exchanger.html,1,41,خرید و تامین مبدل حرارتی Shell &amp; Tube | پیشرو تجهیز فرتاک,61,160,https://pishtaj.ir/services/products/shell-tube-heat-exchanger.html,بله,2,8,4,Answer|Brand|BreadcrumbList|FAQPage|ListItem|Product|Question|WebPage,11,,
services/products/slurry-pump.html,1,50,خرید و تامین پمپ اسلاری؛ Slurry Pump معدنی و صنعتی,50,159,https://pishtaj.ir/services/products/slurry-pump.html,بله,2,5,4,Answer|Brand|BreadcrumbList|FAQPage|ListItem|Product|Question,4,,
services/products/stainless-steel-pipe.html,1,52,خرید و تامین لوله استنلس استیل ASTM A312 TP304/TP316,52,147,https://pishtaj.ir/services/products/stainless-steel-pipe.html,بله,2,7,4,Answer|Brand|BreadcrumbList|FAQPage|ListItem|Product|Question|WebPage,5,,
services/products/steam-trap.html,1,27,خرید و تامین تله بخار صنعتی | پیشرو تجهیز فرتاک,47,165,https://pishtaj.ir/services/products/steam-trap.html,بله,2,8,4,Answer|Brand|BreadcrumbList|FAQPage|ListItem|Product|Question|WebPage,10,,
services/products/stud-bolts-nuts.html,1,53,خرید و تامین استادبولت ASTM A193 B7/B8 و مهره A194 2H,53,162,https://pishtaj.ir/services/products/stud-bolts-nuts.html,بله,2,5,4,Answer|Brand|BreadcrumbList|FAQPage|ListItem|Product|Question,5,,
services/products/temperature-transmitter.html,1,64,خرید و تامین ترانسمیتر دما؛ Head Mount، Field Mount و Rail Mount,64,162,https://pishtaj.ir/services/products/temperature-transmitter.html,بله,2,5,4,Answer|Brand|BreadcrumbList|FAQPage|ListItem|Product|Question,7,,
services/products/thermal-mass-flowmeter.html,1,53,خرید و تامین فلومتر جرمی حرارتی برای هوای فشرده و گاز,53,160,https://pishtaj.ir/services/products/thermal-mass-flowmeter.html,بله,2,5,4,Answer|Brand|BreadcrumbList|FAQPage|ListItem|Product|Question,3,,
services/products/thermowell.html,1,54,خرید و تامین ترموول صنعتی؛ Flanged، Threaded و Weld-in,54,145,https://pishtaj.ir/services/products/thermowell.html,بله,2,5,4,Answer|Brand|BreadcrumbList|FAQPage|ListItem|Product|Question,5,,
services/products/ultrasonic-flowmeter.html,1,48,خرید و تامین فلومتر التراسونیک Clamp-on و Inline,48,161,https://pishtaj.ir/services/products/ultrasonic-flowmeter.html,بله,2,5,4,Answer|Brand|BreadcrumbList|FAQPage|ListItem|Product|Question,2,,
services/products/valve-actuator.html,1,25,خرید و تامین اکچویتور ولو | پیشرو تجهیز فرتاک,45,158,https://pishtaj.ir/services/products/valve-actuator.html,بله,2,8,4,Answer|Brand|BreadcrumbList|FAQPage|ListItem|Product|Question|WebPage,13,,
services/products/vertical-multistage-pump.html,1,55,خرید و تامین پمپ طبقاتی عمودی؛ Vertical Multistage Pump,55,150,https://pishtaj.ir/services/products/vertical-multistage-pump.html,بله,2,5,4,Answer|Brand|BreadcrumbList|FAQPage|ListItem|Product|Question,6,,
services/products/vfd-soft-starter.html,1,31,خرید و تامین VFD و Soft Starter | پیشرو تجهیز فرتاک,51,147,https://pishtaj.ir/services/products/vfd-soft-starter.html,بله,2,8,4,Answer|Brand|BreadcrumbList|FAQPage|ListItem|Product|Question|WebPage,18,,
services/products/vortex-flowmeter.html,1,25,خرید و تامین فلومتر ورتکس | پیشرو تجهیز فرتاک,45,144,https://pishtaj.ir/services/products/vortex-flowmeter.html,بله,2,8,4,Answer|Brand|BreadcrumbList|FAQPage|ListItem|Product|Question|WebPage,7,,
services/products/water-tube-boiler.html,1,57,خرید و تامین بویلر واترتیوب صنعتی؛ بخار فشار و ظرفیت بالا,57,139,https://pishtaj.ir/services/products/water-tube-boiler.html,بله,2,5,4,Answer|Brand|BreadcrumbList|FAQPage|ListItem|Product|Question,6,,
services/products/welding-flanges.html,1,34,خرید و تامین فلنج صنعتی ASME B16.5 | پیشرو تجهیز فرتاک,54,136,https://pishtaj.ir/services/products/welding-flanges.html,بله,2,8,4,Answer|Brand|BreadcrumbList|FAQPage|ListItem|Product|Question|WebPage,557,,
services/pumps/index.html,1,65,تامین پمپ صنعتی | سانتریفیوژ، دوزینگ، طبقاتی و قطعات یدکی,57,122,https://pishtaj.ir/services/pumps/,بله,2,8,4,Answer|BreadcrumbList|FAQPage|ListItem|Question|Service,252,,
services/transmitters-guide/index.html,1,64,راهنمای جامع ترانسمیترهای صنعتی | انواع و انتخاب,48,115,https://pishtaj.ir/services/transmitters-guide/,بله,2,8,4,BreadcrumbList|ListItem|OfferCatalog|PostalAddress|QuantitativeValue,0,,
services/valves-guide/index.html,1,57,راهنمای جامع شیرآلات صنعتی (Valves) | انواع و استانداردها,57,131,https://pishtaj.ir/services/valves-guide/,بله,2,8,4,BreadcrumbList|ListItem|OfferCatalog|PostalAddress|QuantitativeValue,69,,
services/valves-supply.html,1,42,تامین شیرآلات صنعتی | پیشرو تجهیز فرتاک,39,139,https://pishtaj.ir/suppliers/valve-supplier.html,خیر,2,7,4,Answer|BreadcrumbList|FAQPage|ListItem|Offer|OfferCatalog|Organization|Product|Question|Service,80,,canonical به مقصدِ ادغام (انتظار می‌رود) · canonical مشترک با 2 صفحه
sitemap.html,1,39,نقشهٔ سایت پیشرو تجهیز فرتاک | دسترسی به همهٔ صفحات,51,121,https://pishtaj.ir/sitemap.html,بله,0,7,4,WebPage|WebSite,12,,
supplier/index.html,1,47,ثبت‌نام تامین‌کنندگان تجهیزات صنعتی | پیشرو تجهیز فرتاک,55,141,https://pishtaj.ir/supplier/,بله,2,8,4,BreadcrumbList|ListItem|OfferCatalog|PostalAddress|QuantitativeValue,539,,
suppliers/cement-supplier.html,1,31,تامین‌کننده تجهیزات صنایع سیمان؛ قیمت و استعلام | پیشرو تجهیز,61,155,https://pishtaj.ir/suppliers/cement-supplier.html,بله,2,7,4,Answer|BreadcrumbList|FAQPage|ListItem|Offer|OfferCatalog|Organization|Product|Question|Service,1,,
suppliers/compressor-supplier.html,1,25,تامین‌کننده کمپرسور صنعتی؛ قیمت و استعلام | پیشرو تجهیز فرتاک,61,152,https://pishtaj.ir/suppliers/compressor-supplier.html,بله,2,7,4,Answer|BreadcrumbList|FAQPage|ListItem|Offer|OfferCatalog|Organization|Product|Question|Service,4,,
suppliers/electrical-supplier.html,1,29,تامین‌کننده تجهیزات برق صنعتی؛ قیمت و استعلام | پیشرو تجهیز فرتاک,65,142,https://pishtaj.ir/suppliers/electrical-supplier.html,بله,2,7,4,Answer|BreadcrumbList|FAQPage|ListItem|Offer|OfferCatalog|Organization|Product|Question|Service,27,,
suppliers/epc-project-supply.html,1,21,تامین کالای پروژه EPC؛ قیمت و استعلام | پیشرو تجهیز فرتاک,57,146,https://pishtaj.ir/suppliers/epc-project-supply.html,بله,2,7,4,Answer|BreadcrumbList|FAQPage|ListItem|Offer|OfferCatalog|Organization|Product|Question|Service,2,,
suppliers/fittings-supplier.html,1,25,تامین‌کننده اتصالات صنعتی؛ قیمت و استعلام | پیشرو تجهیز فرتاک,61,145,https://pishtaj.ir/suppliers/fittings-supplier.html,بله,2,7,4,Answer|BreadcrumbList|FAQPage|ListItem|Offer|OfferCatalog|Organization|Product|Question|Service,2,,
suppliers/flange-supplier.html,1,22,تامین‌کننده فلنج صنعتی؛ قیمت و استعلام | پیشرو تجهیز فرتاک,58,158,https://pishtaj.ir/suppliers/flange-supplier.html,بله,2,7,4,Answer|BreadcrumbList|FAQPage|ListItem|Offer|OfferCatalog|Organization|Product|Question|Service,4,,
suppliers/gasket-supplier.html,1,22,تامین‌کننده گسکت صنعتی؛ قیمت و استعلام | پیشرو تجهیز فرتاک,58,145,https://pishtaj.ir/suppliers/gasket-supplier.html,بله,2,7,4,Answer|BreadcrumbList|FAQPage|ListItem|Offer|OfferCatalog|Organization|Product|Question|Service,2,,
suppliers/index.html,1,45,تامین‌کننده تجهیزات صنعتی نفت، گاز و پتروشیمی | پیشرو تجهیز فرتاک,65,86,https://pishtaj.ir/suppliers/,بله,2,7,4,BreadcrumbList|ItemList|ListItem,758,,
suppliers/industrial-import.html,1,20,واردات تجهیزات صنعتی؛ قیمت و استعلام | پیشرو تجهیز فرتاک,56,160,https://pishtaj.ir/suppliers/industrial-import.html,بله,2,7,4,Answer|BreadcrumbList|FAQPage|ListItem|Offer|OfferCatalog|Organization|Product|Question|Service,1,,
suppliers/industrial-projects-supplier.html,1,27,تامین‌کننده پروژه‌های صنعتی؛ قیمت و استعلام | پیشرو تجهیز فرتاک,63,123,https://pishtaj.ir/suppliers/industrial-projects-supplier.html,بله,2,7,4,Answer|BreadcrumbList|FAQPage|ListItem|Offer|OfferCatalog|Organization|Product|Question|Service,1,,
suppliers/instrumentation-supplier.html,1,45,تامین‌کننده تجهیزات ابزار دقیق؛ قیمت و استعلام | پیشرو تجهیز,60,149,https://pishtaj.ir/suppliers/instrumentation-supplier.html,بله,2,7,4,Answer|BreadcrumbList|FAQPage|ListItem|Offer|OfferCatalog|Organization|Product|Question|Service,94,,
suppliers/petrochemical-equipment-supplier.html,1,45,تامین‌کننده تجهیزات پتروشیمی؛ قیمت و استعلام | پیشرو تجهیز فرتاک,64,122,https://pishtaj.ir/suppliers/petrochemical-equipment-supplier.html,بله,2,7,4,Answer|BreadcrumbList|FAQPage|ListItem|Offer|OfferCatalog|Organization|Product|Question|Service,65,,
suppliers/petrochemical-valve-supplier.html,1,28,تامین‌کننده شیرآلات پتروشیمی؛ قیمت و استعلام | پیشرو تجهیز فرتاک,64,157,https://pishtaj.ir/suppliers/petrochemical-valve-supplier.html,بله,2,7,4,Answer|BreadcrumbList|FAQPage|ListItem|Offer|OfferCatalog|Organization|Product|Question|Service,2,,
suppliers/pipe-supplier.html,1,22,تامین‌کننده لوله صنعتی؛ قیمت و استعلام | پیشرو تجهیز فرتاک,58,154,https://pishtaj.ir/suppliers/pipe-supplier.html,بله,2,7,4,Answer|BreadcrumbList|FAQPage|ListItem|Offer|OfferCatalog|Organization|Product|Question|Service,2,,
suppliers/piping-supplier.html,1,35,تامین‌کننده پایپینگ؛ قیمت و استعلام | پیشرو تجهیز فرتاک,55,153,https://pishtaj.ir/suppliers/piping-supplier.html,بله,2,7,4,Answer|BreadcrumbList|FAQPage|ListItem|Offer|OfferCatalog|Organization|Product|Question|Service,106,,
suppliers/power-plant-supplier.html,1,28,تامین‌کننده تجهیزات نیروگاهی؛ قیمت و استعلام | پیشرو تجهیز فرتاک,64,162,https://pishtaj.ir/suppliers/power-plant-supplier.html,بله,2,7,4,Answer|BreadcrumbList|FAQPage|ListItem|Offer|OfferCatalog|Organization|Product|Question|Service,7,,
suppliers/pump-supplier.html,1,21,تامین‌کننده پمپ صنعتی؛ قیمت و استعلام | پیشرو تجهیز فرتاک,57,164,https://pishtaj.ir/suppliers/pump-supplier.html,بله,2,7,4,Answer|BreadcrumbList|FAQPage|ListItem|Offer|OfferCatalog|Organization|Product|Question|Service,21,,
suppliers/refinery-supplier.html,1,30,تامین‌کننده تجهیزات پالایشگاهی؛ قیمت و استعلام | پیشرو تجهیز,60,143,https://pishtaj.ir/suppliers/refinery-supplier.html,بله,2,7,4,Answer|BreadcrumbList|FAQPage|ListItem|Offer|OfferCatalog|Organization|Product|Question|Service,2,,
suppliers/steel-supplier.html,1,31,تامین‌کننده تجهیزات صنایع فولاد؛ قیمت و استعلام | پیشرو تجهیز,61,164,https://pishtaj.ir/suppliers/steel-supplier.html,بله,2,7,4,Answer|BreadcrumbList|FAQPage|ListItem|Offer|OfferCatalog|Organization|Product|Question|Service,1,,
suppliers/valve-supplier.html,1,25,تامین‌کننده شیرآلات صنعتی؛ قیمت و استعلام | پیشرو تجهیز فرتاک,61,142,https://pishtaj.ir/suppliers/valve-supplier.html,بله,2,7,4,Answer|BreadcrumbList|FAQPage|ListItem|Offer|OfferCatalog|Organization|Product|Question|Service,48,,canonical مشترک با 2 صفحه
suppliers/vcb-supplier.html,1,35,تامین‌کننده وکیوم سیرکت بریکر VCB؛ قیمت و استعلام | پیشرو تجهیز,63,157,https://pishtaj.ir/suppliers/vcb-supplier.html,بله,2,7,4,Answer|BreadcrumbList|FAQPage|ListItem|Offer|OfferCatalog|Organization|Product|Question|Service,4,,
tracking/index.html,1,56,رهگیری آنلاین استعلام و پیش‌فاکتور | پیشرو تجهیز فرتاک,54,119,https://pishtaj.ir/tracking/,بله,2,8,4,BreadcrumbList|ListItem|OfferCatalog|PostalAddress|QuantitativeValue,567,,
